query_seq,target_percentage,select_set,test_type,test_name,index_type,storage,secondary,direct_block_read,read_groups,skip_offset,query_index_time_elapsed,remove_duplication_time_elapsed,sort_block_metadata_time_elapsed,find_optimal_read_solution_time_elapsed,generate_select_array_time_elapsed,get_target_data_time_elapsed,get_support_data_time_elapsed,data_calculation_time_elapsed,data_apply_select_time_elapsed,apply_particle_level_select_array_time_elapsed,total_time_elapsed,query_result_size,chunk_range_size,current_percentage,iteration,species,expand_set,envelope,data_size
0.0,0.01%,"('ux',)",1.0,Original,,,,,False,,,,,,,359.05113887786865,66.30793309211731,140.97335386276245,27.793834924697876,3.0171871185302734,601.5937931537628,,,0.0001,10000.0,hydrogen,{'ux'},"{'ux': [0.0020060175234549965, 0.0020083499991353343]}",1314529.0
0.0,0.01%,"('ux',)",4.0,GeoIndex,Min-Max,File,None,False,True,,0.02768111228942871,,0.0022382736206054688,0.361403226852417,,75.99564623832703,20.25078821182251,39.17654371261597,12.74373173713684,1.4238004684448242,151.43049454689026,5782.0,2899.0,0.0001,10000.0,hydrogen,{'ux'},"{'ux': [0.0020060175234549965, 0.0020083499991353343]}",1314529.0
0.0,0.01%,"('ux',)",5.0,GeoIndex,Rtree,File,None,False,True,,0.03870725631713867,,0.002284526824951172,0.36080479621887207,,76.01879549026489,18.013590812683105,39.48975610733032,13.028918504714966,1.4233465194702148,149.84414887428284,5782.0,2899.0,0.0001,10000.0,hydrogen,{'ux'},"{'ux': [0.0020060175234549965, 0.0020083499991353343]}",1314529.0
0.0,0.01%,"('ux',)",22.0,GeoIndex,Min-Max,File,None,True,False,True,0.028081655502319336,,,,0.02336287498474121,88.57879734039307,15.169604539871216,1.4045088291168213,12.462889671325684,1.4004161357879639,120.24919438362122,5782.0,5782.0,0.0001,10000.0,hydrogen,{'ux'},"{'ux': [0.0020060175234549965, 0.0020083499991353343]}",1314529.0
0.0,0.01%,"('ux',)",23.0,GeoIndex,Rtree,File,None,True,False,True,0.03857731819152832,,,,0.022966623306274414,103.68241262435913,15.409212589263916,1.422616720199585,13.162310123443604,1.4157702922821045,136.3518717288971,5782.0,5782.0,0.0001,10000.0,hydrogen,{'ux'},"{'ux': [0.0020060175234549965, 0.0020083499991353343]}",1314529.0
0.0,0.01%,"('ux',)",24.0,GeoIndex,Min-Max,File,None,False,True,True,0.0277402400970459,,0.0022706985473632812,0.3579823970794678,,76.22258591651917,18.20454430580139,1.4099299907684326,12.550391674041748,1.407618761062622,111.37689399719238,5782.0,2899.0,0.0001,10000.0,hydrogen,{'ux'},"{'ux': [0.0020060175234549965, 0.0020083499991353343]}",1314529.0
0.0,0.01%,"('ux',)",25.0,GeoIndex,Rtree,File,None,False,True,True,0.038254737854003906,,0.00225830078125,0.36418819427490234,,77.02965807914734,18.332260608673096,1.416341781616211,12.65737795829773,1.4107177257537842,112.45207238197327,5782.0,2899.0,0.0001,10000.0,hydrogen,{'ux'},"{'ux': [0.0020060175234549965, 0.0020083499991353343]}",1314529.0
1.0,0.01%,"('ux',)",1.0,Original,,,,,False,,,,,,,362.11205649375916,68.63209819793701,145.13619375228882,28.706765174865723,3.086858034133911,612.209942817688,,,0.000101,10000.0,hydrogen,{'ux'},"{'ux': [-0.0001250131190829324, -0.0001247448569633433]}",1322049.0
1.0,0.01%,"('ux',)",4.0,GeoIndex,Min-Max,File,None,False,True,,0.03631019592285156,,0.0028078556060791016,0.48046350479125977,,98.87672686576843,35.27699375152588,57.00712490081787,18.648550271987915,2.1882684230804443,214.48857736587524,8040.0,2001.0,0.000101,10000.0,hydrogen,{'ux'},"{'ux': [-0.0001250131190829324, -0.0001247448569633433]}",1322049.0
1.0,0.01%,"('ux',)",5.0,GeoIndex,Rtree,File,None,False,True,,0.04680371284484863,,0.0028433799743652344,0.47306227684020996,,97.90441346168518,38.41493844985962,56.69291639328003,18.622303247451782,2.218820333480835,216.3415548801422,8040.0,2001.0,0.000101,10000.0,hydrogen,{'ux'},"{'ux': [-0.0001250131190829324, -0.0001247448569633433]}",1322049.0
1.0,0.01%,"('ux',)",22.0,GeoIndex,Min-Max,File,None,True,False,True,0.036722660064697266,,,,0.03210902214050293,139.0954029560089,20.615121841430664,2.0286998748779297,162.33065032958984,2.026456356048584,327.7931694984436,8040.0,8040.0,0.000101,10000.0,hydrogen,{'ux'},"{'ux': [-0.0001250131190829324, -0.0001247448569633433]}",1322049.0
1.0,0.01%,"('ux',)",23.0,GeoIndex,Rtree,File,None,True,False,True,0.04737401008605957,,,,0.03321480751037598,138.69851112365723,20.286298513412476,1.89518141746521,19.611445426940918,1.8938744068145752,184.06985211372375,8040.0,8040.0,0.000101,10000.0,hydrogen,{'ux'},"{'ux': [-0.0001250131190829324, -0.0001247448569633433]}",1322049.0
1.0,0.01%,"('ux',)",24.0,GeoIndex,Min-Max,File,None,False,True,True,0.036133766174316406,,0.0028438568115234375,0.4855010509490967,,98.69588279724121,30.208640098571777,2.243485927581787,19.5651593208313,2.250369071960449,155.1543312072754,8040.0,2001.0,0.000101,10000.0,hydrogen,{'ux'},"{'ux': [-0.0001250131190829324, -0.0001247448569633433]}",1322049.0
1.0,0.01%,"('ux',)",25.0,GeoIndex,Rtree,File,None,False,True,True,0.047072410583496094,,0.002804994583129883,0.48027706146240234,,97.03804516792297,28.82517409324646,2.207275152206421,18.60375189781189,2.2127034664154053,151.02698278427124,8040.0,2001.0,0.000101,10000.0,hydrogen,{'ux'},"{'ux': [-0.0001250131190829324, -0.0001247448569633433]}",1322049.0
2.0,0.01%,"('ux',)",1.0,Original,,,,,False,,,,,,,360.53456449508667,67.78265595436096,142.92456912994385,28.72213363647461,3.039491653442383,607.5352354049683,,,0.000101,10000.0,hydrogen,{'ux'},"{'ux': [-0.00034973556361099354, -0.0003487858703561555]}",1322251.0
2.0,0.01%,"('ux',)",4.0,GeoIndex,Min-Max,File,None,False,True,,0.033690452575683594,,0.002793550491333008,0.44283056259155273,,89.84208607673645,29.80106544494629,50.66355276107788,15.497747659683228,1.718564510345459,189.78134632110596,7303.0,2595.0,0.000101,10000.0,hydrogen,{'ux'},"{'ux': [-0.00034973556361099354, -0.0003487858703561555]}",1322251.0
2.0,0.01%,"('ux',)",5.0,GeoIndex,Rtree,File,None,False,True,,0.0444643497467041,,0.002638101577758789,0.4424006938934326,,92.51696109771729,30.96003222465515,50.96364402770996,15.626994848251343,1.7261815071105957,194.07018947601318,7303.0,2595.0,0.000101,10000.0,hydrogen,{'ux'},"{'ux': [-0.00034973556361099354, -0.0003487858703561555]}",1322251.0
2.0,0.01%,"('ux',)",22.0,GeoIndex,Min-Max,File,None,True,False,True,0.03393888473510742,,,,0.029811620712280273,115.0807671546936,19.212361574172974,1.7348709106445312,16.259947061538696,2.3020269870758057,156.13388895988464,7303.0,7303.0,0.000101,10000.0,hydrogen,{'ux'},"{'ux': [-0.00034973556361099354, -0.0003487858703561555]}",1322251.0
2.0,0.01%,"('ux',)",23.0,GeoIndex,Rtree,File,None,True,False,True,0.044013023376464844,,,,0.02926778793334961,127.07795596122742,18.697537183761597,1.7259986400604248,16.7911434173584,1.725419521331787,167.55923771858215,7303.0,7303.0,0.000101,10000.0,hydrogen,{'ux'},"{'ux': [-0.00034973556361099354, -0.0003487858703561555]}",1322251.0
2.0,0.01%,"('ux',)",24.0,GeoIndex,Min-Max,File,None,False,True,True,0.03341865539550781,,0.0026307106018066406,0.4453918933868408,,91.16115641593933,24.68227458000183,1.7406284809112549,15.873999118804932,1.7352173328399658,137.1590666770935,7303.0,2595.0,0.000101,10000.0,hydrogen,{'ux'},"{'ux': [-0.00034973556361099354, -0.0003487858703561555]}",1322251.0
2.0,0.01%,"('ux',)",25.0,GeoIndex,Rtree,File,None,False,True,True,0.044033050537109375,,0.0026502609252929688,0.4479997158050537,,90.45139360427856,24.95162844657898,1.7406775951385498,15.996429204940796,1.7337911128997803,136.8631088733673,7303.0,2595.0,0.000101,10000.0,hydrogen,{'ux'},"{'ux': [-0.00034973556361099354, -0.0003487858703561555]}",1322251.0
3.0,0.01%,"('ux',)",1.0,Original,,,,,False,,,,,,,357.6967878341675,66.56574583053589,140.549959897995,27.722184896469116,3.0165412425994873,600.0035619735718,,,0.0001,10000.0,hydrogen,{'ux'},"{'ux': [-0.001767449152699899, -0.0017656660950037396]}",1306886.0
3.0,0.01%,"('ux',)",4.0,GeoIndex,Min-Max,File,None,False,True,,0.028944969177246094,,0.0022668838500976562,0.36837029457092285,,79.93273615837097,21.37592649459839,40.562482833862305,12.970067501068115,1.4386630058288574,158.15959882736206,5923.0,2935.0,0.0001,10000.0,hydrogen,{'ux'},"{'ux': [-0.001767449152699899, -0.0017656660950037396]}",1306886.0
3.0,0.01%,"('ux',)",5.0,GeoIndex,Rtree,File,None,False,True,,0.038927316665649414,,0.0022881031036376953,0.36622190475463867,,78.439528465271,20.358376026153564,40.472437620162964,12.936171293258667,1.4391472339630127,155.53103709220886,5923.0,2935.0,0.0001,10000.0,hydrogen,{'ux'},"{'ux': [-0.001767449152699899, -0.0017656660950037396]}",1306886.0
3.0,0.01%,"('ux',)",22.0,GeoIndex,Min-Max,File,None,True,False,True,0.028625965118408203,,,,0.02414536476135254,94.80389380455017,15.872206211090088,1.446485996246338,13.34578251838684,1.4489922523498535,128.18989944458008,5923.0,5923.0,0.0001,10000.0,hydrogen,{'ux'},"{'ux': [-0.001767449152699899, -0.0017656660950037396]}",1306886.0
3.0,0.01%,"('ux',)",23.0,GeoIndex,Rtree,File,None,True,False,True,0.038787126541137695,,,,0.024102210998535156,94.36821722984314,16.112876892089844,1.4501523971557617,13.337049961090088,1.5196101665496826,128.0767731666565,5923.0,5923.0,0.0001,10000.0,hydrogen,{'ux'},"{'ux': [-0.001767449152699899, -0.0017656660950037396]}",1306886.0
3.0,0.01%,"('ux',)",24.0,GeoIndex,Min-Max,File,None,False,True,True,0.028263330459594727,,0.0022895336151123047,0.3674962520599365,,77.66433811187744,18.216718435287476,1.449040174484253,13.057154655456543,1.4409410953521729,113.46068572998047,5923.0,2935.0,0.0001,10000.0,hydrogen,{'ux'},"{'ux': [-0.001767449152699899, -0.0017656660950037396]}",1306886.0
3.0,0.01%,"('ux',)",25.0,GeoIndex,Rtree,File,None,False,True,True,0.03930306434631348,,0.0023107528686523438,0.36809587478637695,,79.20666027069092,19.404239654541016,1.4711425304412842,13.672270059585571,1.4647741317749023,116.90084290504456,5923.0,2935.0,0.0001,10000.0,hydrogen,{'ux'},"{'ux': [-0.001767449152699899, -0.0017656660950037396]}",1306886.0
4.0,0.01%,"('ux',)",1.0,Original,,,,,False,,,,,,,359.4906780719757,66.87224817276001,142.0526466369629,28.333473205566406,3.0031323432922363,604.2299954891205,,,9.9e-05,10000.0,hydrogen,{'ux'},"{'ux': [0.005230916626808452, 0.0052366000498427915]}",1301372.0
4.0,0.01%,"('ux',)",4.0,GeoIndex,Min-Max,File,None,False,True,,0.02384805679321289,,0.0019118785858154297,0.31122422218322754,,66.18138456344604,15.400442838668823,29.98579239845276,10.939442157745361,1.2036428451538086,125.25993013381958,4814.0,2559.0,9.9e-05,10000.0,hydrogen,{'ux'},"{'ux': [0.005230916626808452, 0.0052366000498427915]}",1301372.0
4.0,0.01%,"('ux',)",5.0,GeoIndex,Rtree,File,None,False,True,,0.034491539001464844,,0.0019488334655761719,0.30423498153686523,,65.94745683670044,15.730914115905762,29.77030301094055,10.526532173156738,1.1722002029418945,124.67965793609619,4814.0,2559.0,9.9e-05,10000.0,hydrogen,{'ux'},"{'ux': [0.005230916626808452, 0.0052366000498427915]}",1301372.0
4.0,0.01%,"('ux',)",22.0,GeoIndex,Min-Max,File,None,True,False,True,0.02416515350341797,,,,0.01973557472229004,74.47493696212769,12.867030143737793,1.17875075340271,10.777777910232544,1.1740632057189941,101.51089549064636,4814.0,4814.0,9.9e-05,10000.0,hydrogen,{'ux'},"{'ux': [0.005230916626808452, 0.0052366000498427915]}",1301372.0
4.0,0.01%,"('ux',)",23.0,GeoIndex,Rtree,File,None,True,False,True,0.03450465202331543,,,,0.01970648765563965,75.46107006072998,12.811293601989746,1.1818511486053467,10.867675065994263,1.194270133972168,102.5634114742279,4814.0,4814.0,9.9e-05,10000.0,hydrogen,{'ux'},"{'ux': [0.005230916626808452, 0.0052366000498427915]}",1301372.0
4.0,0.01%,"('ux',)",24.0,GeoIndex,Min-Max,File,None,False,True,True,0.023926973342895508,,0.0019137859344482422,0.30478882789611816,,64.04985976219177,15.335049152374268,1.1893525123596191,10.801400661468506,1.1833553314208984,93.90231657028198,4814.0,2559.0,9.9e-05,10000.0,hydrogen,{'ux'},"{'ux': [0.005230916626808452, 0.0052366000498427915]}",1301372.0
4.0,0.01%,"('ux',)",25.0,GeoIndex,Rtree,File,None,False,True,True,0.03440046310424805,,0.0019271373748779297,0.30620646476745605,,63.98898100852966,15.070793867111206,1.184791088104248,10.664128303527832,1.1790547370910645,93.43706512451172,4814.0,2559.0,9.9e-05,10000.0,hydrogen,{'ux'},"{'ux': [0.005230916626808452, 0.0052366000498427915]}",1301372.0
5.0,0.01%,"('ux',)",1.0,Original,,,,,False,,,,,,,358.51988554000854,66.27458262443542,140.90313076972961,28.106466054916382,3.015679121017456,601.3003215789795,,,0.0001,10000.0,hydrogen,{'ux'},"{'ux': [-0.0004767329149774978, -0.0004757001264309595]}",1307185.0
5.0,0.01%,"('ux',)",4.0,GeoIndex,Min-Max,File,None,False,True,,0.03240013122558594,,0.00251007080078125,0.41344189643859863,,86.74230337142944,27.21922016143799,46.874343395233154,14.586487770080566,1.623182773590088,179.17434406280518,6921.0,2809.0,0.0001,10000.0,hydrogen,{'ux'},"{'ux': [-0.0004767329149774978, -0.0004757001264309595]}",1307185.0
5.0,0.01%,"('ux',)",5.0,GeoIndex,Rtree,File,None,False,True,,0.04262876510620117,,0.002520322799682617,0.41741228103637695,,85.81705856323242,25.749545097351074,47.192870140075684,14.767549276351929,1.6303174495697021,177.31256437301636,6921.0,2809.0,0.0001,10000.0,hydrogen,{'ux'},"{'ux': [-0.0004767329149774978, -0.0004757001264309595]}",1307185.0
5.0,0.01%,"('ux',)",22.0,GeoIndex,Min-Max,File,None,True,False,True,0.03186225891113281,,,,0.028090476989746094,105.01095461845398,18.247583150863647,1.651357889175415,15.924283027648926,1.6469874382019043,143.95613074302673,6921.0,6921.0,0.0001,10000.0,hydrogen,{'ux'},"{'ux': [-0.0004767329149774978, -0.0004757001264309595]}",1307185.0
5.0,0.01%,"('ux',)",23.0,GeoIndex,Rtree,File,None,True,False,True,0.042677879333496094,,,,0.02804398536682129,105.39455723762512,17.521510124206543,1.628913164138794,14.772558689117432,1.9127707481384277,142.68257689476013,6921.0,6921.0,0.0001,10000.0,hydrogen,{'ux'},"{'ux': [-0.0004767329149774978, -0.0004757001264309595]}",1307185.0
5.0,0.01%,"('ux',)",24.0,GeoIndex,Min-Max,File,None,False,True,True,0.032541751861572266,,0.002519845962524414,0.429828405380249,,86.8897614479065,22.281546354293823,1.6306803226470947,14.651084661483765,1.6317718029022217,128.94056034088135,6921.0,2809.0,0.0001,10000.0,hydrogen,{'ux'},"{'ux': [-0.0004767329149774978, -0.0004757001264309595]}",1307185.0
5.0,0.01%,"('ux',)",25.0,GeoIndex,Rtree,File,None,False,True,True,0.04292583465576172,,0.0025076866149902344,0.41537952423095703,,87.11455726623535,21.889021635055542,1.629716157913208,14.58670425415039,1.6249988079071045,128.6891016960144,6921.0,2809.0,0.0001,10000.0,hydrogen,{'ux'},"{'ux': [-0.0004767329149774978, -0.0004757001264309595]}",1307185.0
6.0,0.01%,"('ux',)",1.0,Original,,,,,False,,,,,,,357.3777132034302,66.80251598358154,142.0628490447998,28.36726975440979,3.0185415744781494,602.1279456615448,,,9.9e-05,10000.0,hydrogen,{'ux'},"{'ux': [0.0012937784372869514, 0.0012955635060097786]}",1303467.0
6.0,0.01%,"('ux',)",4.0,GeoIndex,Min-Max,File,None,False,True,,0.029257535934448242,,0.0023283958435058594,0.41297101974487305,,81.37299156188965,22.191543102264404,42.257404804229736,13.744510173797607,1.490781545639038,163.04367232322693,6080.0,2932.0,9.9e-05,10000.0,hydrogen,{'ux'},"{'ux': [0.0012937784372869514, 0.0012955635060097786]}",1303467.0
6.0,0.01%,"('ux',)",5.0,GeoIndex,Rtree,File,None,False,True,,0.03953266143798828,,0.002313852310180664,0.4239194393157959,,78.28226399421692,22.69594144821167,40.849278926849365,13.311440467834473,1.468200445175171,158.5867519378662,6080.0,2932.0,9.9e-05,10000.0,hydrogen,{'ux'},"{'ux': [0.0012937784372869514, 0.0012955635060097786]}",1303467.0
6.0,0.01%,"('ux',)",22.0,GeoIndex,Min-Max,File,None,True,False,True,0.029300928115844727,,,,0.02500462532043457,108.08443212509155,16.761029720306396,1.500488042831421,14.466920852661133,1.4976191520690918,143.65900373458862,6080.0,6080.0,9.9e-05,10000.0,hydrogen,{'ux'},"{'ux': [0.0012937784372869514, 0.0012955635060097786]}",1303467.0
6.0,0.01%,"('ux',)",23.0,GeoIndex,Rtree,File,None,True,False,True,0.03971529006958008,,,,0.024552345275878906,95.12935042381287,16.603574752807617,1.4951426982879639,14.37654161453247,1.489495038986206,130.4400599002838,6080.0,6080.0,9.9e-05,10000.0,hydrogen,{'ux'},"{'ux': [0.0012937784372869514, 0.0012955635060097786]}",1303467.0
6.0,0.01%,"('ux',)",24.0,GeoIndex,Min-Max,File,None,False,True,True,0.029175281524658203,,0.0023107528686523438,0.41216444969177246,,78.93543028831482,19.014196157455444,1.473294734954834,13.21854543685913,1.467137336730957,115.80211400985718,6080.0,2932.0,9.9e-05,10000.0,hydrogen,{'ux'},"{'ux': [0.0012937784372869514, 0.0012955635060097786]}",1303467.0
6.0,0.01%,"('ux',)",25.0,GeoIndex,Rtree,File,None,False,True,True,0.039746999740600586,,0.0023298263549804688,0.4126155376434326,,79.49785280227661,19.015925407409668,1.4682130813598633,13.202952146530151,1.4703562259674072,116.35816693305969,6080.0,2932.0,9.9e-05,10000.0,hydrogen,{'ux'},"{'ux': [0.0012937784372869514, 0.0012955635060097786]}",1303467.0
7.0,0.01%,"('ux',)",1.0,Original,,,,,False,,,,,,,361.0318434238434,66.01953434944153,140.4875087738037,27.962955713272095,2.998466968536377,602.998893737793,,,9.9e-05,10000.0,hydrogen,{'ux'},"{'ux': [-0.003850705875624245, -0.003847219430158874]}",1300247.0
7.0,0.01%,"('ux',)",4.0,GeoIndex,Min-Max,File,None,False,True,,0.026294708251953125,,0.0020689964294433594,0.34827470779418945,,70.06701302528381,16.372265338897705,33.68734264373779,11.53348422050476,1.293250322341919,134.6434302330017,5315.0,2765.0,9.9e-05,10000.0,hydrogen,{'ux'},"{'ux': [-0.003850705875624245, -0.003847219430158874]}",1300247.0
7.0,0.01%,"('ux',)",5.0,GeoIndex,Rtree,File,None,False,True,,0.03629589080810547,,0.0020911693572998047,0.3394474983215332,,72.1158344745636,16.733893871307373,34.007569551467896,11.663840532302856,1.3009514808654785,137.5240249633789,5315.0,2765.0,9.9e-05,10000.0,hydrogen,{'ux'},"{'ux': [-0.003850705875624245, -0.003847219430158874]}",1300247.0
7.0,0.01%,"('ux',)",22.0,GeoIndex,Min-Max,File,None,True,False,True,0.0259401798248291,,,,0.02173137664794922,96.19581365585327,14.448721885681152,1.3092200756072998,11.874598264694214,1.3055472373962402,126.28918385505676,5315.0,5315.0,9.9e-05,10000.0,hydrogen,{'ux'},"{'ux': [-0.003850705875624245, -0.003847219430158874]}",1300247.0
7.0,0.01%,"('ux',)",23.0,GeoIndex,Rtree,File,None,True,False,True,0.03655052185058594,,,,0.021657466888427734,101.48092484474182,14.403652667999268,1.3145496845245361,12.56752610206604,1.314547061920166,132.24745082855225,5315.0,5315.0,9.9e-05,10000.0,hydrogen,{'ux'},"{'ux': [-0.003850705875624245, -0.003847219430158874]}",1300247.0
7.0,0.01%,"('ux',)",24.0,GeoIndex,Min-Max,File,None,False,True,True,0.026247262954711914,,0.002104043960571289,0.34111666679382324,,71.3019757270813,16.880794525146484,1.3183510303497314,12.034850835800171,1.3140203952789307,104.348477602005,5315.0,2765.0,9.9e-05,10000.0,hydrogen,{'ux'},"{'ux': [-0.003850705875624245, -0.003847219430158874]}",1300247.0
7.0,0.01%,"('ux',)",25.0,GeoIndex,Rtree,File,None,False,True,True,0.036443233489990234,,0.002106189727783203,0.350553035736084,,69.86058330535889,16.397350788116455,1.2983143329620361,11.560397624969482,1.293642282485962,101.89934492111206,5315.0,2765.0,9.9e-05,10000.0,hydrogen,{'ux'},"{'ux': [-0.003850705875624245, -0.003847219430158874]}",1300247.0
8.0,0.01%,"('ux',)",1.0,Original,,,,,False,,,,,,,359.0715732574463,67.97434329986572,143.4068319797516,28.17262601852417,3.0739097595214844,606.1781480312347,,,0.0001,10000.0,hydrogen,{'ux'},"{'ux': [-0.00027681643395289184, -0.0002760261673437389]}",1315899.0
8.0,0.01%,"('ux',)",4.0,GeoIndex,Min-Max,File,None,False,True,,0.03426051139831543,,0.002602815628051758,0.4650263786315918,,93.43137717247009,31.095744371414185,52.57301330566406,16.369802951812744,1.771740436553955,197.58286213874817,7527.0,2428.0,0.0001,10000.0,hydrogen,{'ux'},"{'ux': [-0.00027681643395289184, -0.0002760261673437389]}",1315899.0
8.0,0.01%,"('ux',)",5.0,GeoIndex,Rtree,File,None,False,True,,0.04517984390258789,,0.002669095993041992,0.4750986099243164,,91.6036856174469,32.10880661010742,53.1003692150116,16.611294984817505,1.7891833782196045,197.59111404418945,7527.0,2428.0,0.0001,10000.0,hydrogen,{'ux'},"{'ux': [-0.00027681643395289184, -0.0002760261673437389]}",1315899.0
8.0,0.01%,"('ux',)",22.0,GeoIndex,Min-Max,File,None,True,False,True,0.03429746627807617,,,,0.030417442321777344,114.59084939956665,19.43327784538269,1.7871580123901367,16.612465143203735,1.9437434673309326,155.9469895362854,7527.0,7527.0,0.0001,10000.0,hydrogen,{'ux'},"{'ux': [-0.00027681643395289184, -0.0002760261673437389]}",1315899.0
8.0,0.01%,"('ux',)",23.0,GeoIndex,Rtree,File,None,True,False,True,0.04492521286010742,,,,0.030278921127319336,117.72032928466797,19.28600764274597,1.781226634979248,16.43056035041809,2.604872226715088,159.41237568855286,7527.0,7527.0,0.0001,10000.0,hydrogen,{'ux'},"{'ux': [-0.00027681643395289184, -0.0002760261673437389]}",1315899.0
8.0,0.01%,"('ux',)",24.0,GeoIndex,Min-Max,File,None,False,True,True,0.03421592712402344,,0.0026922225952148438,0.46282505989074707,,92.59641170501709,25.9763343334198,1.8026564121246338,16.93415069580078,1.7950401306152344,141.1514708995819,7527.0,2428.0,0.0001,10000.0,hydrogen,{'ux'},"{'ux': [-0.00027681643395289184, -0.0002760261673437389]}",1315899.0
8.0,0.01%,"('ux',)",25.0,GeoIndex,Rtree,File,None,False,True,True,0.04486799240112305,,0.002651691436767578,0.4684772491455078,,91.20715284347534,25.222153425216675,1.7704477310180664,16.044599771499634,1.7644352912902832,138.0237419605255,7527.0,2428.0,0.0001,10000.0,hydrogen,{'ux'},"{'ux': [-0.00027681643395289184, -0.0002760261673437389]}",1315899.0
9.0,0.01%,"('ux',)",1.0,Original,,,,,False,,,,,,,357.3067207336426,65.96423172950745,140.13503170013428,27.8051016330719,3.0028369426727295,598.6761677265167,,,9.9e-05,10000.0,hydrogen,{'ux'},"{'ux': [-0.0019551650236630095, -0.0019533063791186537]}",1300338.0
9.0,0.01%,"('ux',)",4.0,GeoIndex,Min-Max,File,None,False,True,,0.02845025062561035,,0.0022623538970947266,0.35662269592285156,,79.03789925575256,20.73650026321411,39.77203416824341,12.932320356369019,1.430565595626831,155.7678940296173,5885.0,2916.0,9.9e-05,10000.0,hydrogen,{'ux'},"{'ux': [-0.0019551650236630095, -0.0019533063791186537]}",1300338.0
9.0,0.01%,"('ux',)",5.0,GeoIndex,Rtree,File,None,False,True,,0.03911876678466797,,0.002303600311279297,0.36807775497436523,,76.97562050819397,20.181819677352905,39.61543083190918,12.856725454330444,1.4286317825317383,152.93460130691528,5885.0,2916.0,9.9e-05,10000.0,hydrogen,{'ux'},"{'ux': [-0.0019551650236630095, -0.0019533063791186537]}",1300338.0
9.0,0.01%,"('ux',)",22.0,GeoIndex,Min-Max,File,None,True,False,True,0.028111934661865234,,,,0.02448582649230957,89.53508234024048,15.51142430305481,1.423095703125,12.62880563735962,1.418849229812622,121.767986536026,5885.0,5885.0,9.9e-05,10000.0,hydrogen,{'ux'},"{'ux': [-0.0019551650236630095, -0.0019533063791186537]}",1300338.0
9.0,0.01%,"('ux',)",23.0,GeoIndex,Rtree,File,None,True,False,True,0.03915977478027344,,,,0.02406477928161621,105.17035865783691,15.56993842124939,1.4356279373168945,12.941115617752075,1.4354057312011719,137.83170318603516,5885.0,5885.0,9.9e-05,10000.0,hydrogen,{'ux'},"{'ux': [-0.0019551650236630095, -0.0019533063791186537]}",1300338.0
9.0,0.01%,"('ux',)",24.0,GeoIndex,Min-Max,File,None,False,True,True,0.02809429168701172,,0.0022280216217041016,0.3572838306427002,,76.98747086524963,17.641504764556885,1.4261856079101562,12.662954568862915,1.420072078704834,111.73183226585388,5885.0,2916.0,9.9e-05,10000.0,hydrogen,{'ux'},"{'ux': [-0.0019551650236630095, -0.0019533063791186537]}",1300338.0
9.0,0.01%,"('ux',)",25.0,GeoIndex,Rtree,File,None,False,True,True,0.03867650032043457,,0.0022995471954345703,0.3562459945678711,,77.43818688392639,18.195730209350586,1.4461915493011475,13.1427640914917,1.437941312789917,113.29309797286987,5885.0,2916.0,9.9e-05,10000.0,hydrogen,{'ux'},"{'ux': [-0.0019551650236630095, -0.0019533063791186537]}",1300338.0
10.0,0.01%,"('ux','uy','uz')",1.0,Original,,,,,False,,,,,,,1142.2240898609161,222.0582332611084,522.6412899494171,92.03727197647095,9.796265602111816,1996.2696731090546,,,0.0001,10000.0,hydrogen,"['ux','uz','uy']","{'ux': [0.032520858017417685, 0.07210260405220262], 'uy': [0.02804683760729257, 0.06291767040796087], 'uz': [-0.00745401429432765, -0.0007794003996378302]}",1314384.0
10.0,0.01%,"('ux','uy','uz')",4.0,GeoIndex,Min-Max,File,None,False,True,,0.06768631935119629,0.0028798580169677734,0.0011126995086669922,0.06903290748596191,,50.67438626289368,9.288978815078735,18.59319019317627,7.253241062164307,0.910376787185669,87.2271568775177,1288.0,1039.0,0.0001,10000.0,hydrogen,"['ux','uz','uy']","{'ux': [0.032520858017417685, 0.07210260405220262], 'uy': [0.02804683760729257, 0.06291767040796087], 'uz': [-0.00745401429432765, -0.0007794003996378302]}",1314384.0
10.0,0.01%,"('ux','uy','uz')",5.0,GeoIndex,Rtree,File,None,False,True,,0.020938634872436523,,0.0010387897491455078,0.06860804557800293,,51.48304319381714,9.192646265029907,18.687666416168213,7.267822265625,0.90386962890625,87.98103284835815,1288.0,1039.0,0.0001,10000.0,hydrogen,"['ux','uz','uy']","{'ux': [0.032520858017417685, 0.07210260405220262], 'uy': [0.02804683760729257, 0.06291767040796087], 'uz': [-0.00745401429432765, -0.0007794003996378302]}",1314384.0
10.0,0.01%,"('ux','uy','uz')",22.0,GeoIndex,Min-Max,File,None,True,False,True,0.06799721717834473,0.002696990966796875,,,0.0059070587158203125,54.967732429504395,8.435645341873169,0.9252865314483643,7.281521320343018,0.9109559059143066,72.8380880355835,1288.0,1288.0,0.0001,10000.0,hydrogen,"['ux','uz','uy']","{'ux': [0.032520858017417685, 0.07210260405220262], 'uy': [0.02804683760729257, 0.06291767040796087], 'uz': [-0.00745401429432765, -0.0007794003996378302]}",1314384.0
10.0,0.01%,"('ux','uy','uz')",23.0,GeoIndex,Rtree,File,None,True,False,True,0.021053075790405273,,,,0.005720853805541992,55.915929555892944,8.698132753372192,0.9330470561981201,7.439236640930176,0.9159789085388184,74.18838834762573,1288.0,1288.0,0.0001,10000.0,hydrogen,"['ux','uz','uy']","{'ux': [0.032520858017417685, 0.07210260405220262], 'uy': [0.02804683760729257, 0.06291767040796087], 'uz': [-0.00745401429432765, -0.0007794003996378302]}",1314384.0
10.0,0.01%,"('ux','uy','uz')",24.0,GeoIndex,Min-Max,File,None,False,True,True,0.06758832931518555,0.002833843231201172,0.0011131763458251953,0.06975126266479492,,50.6973614692688,8.729961156845093,0.9156248569488525,7.041954517364502,0.899561882019043,68.66586899757385,1288.0,1039.0,0.0001,10000.0,hydrogen,"['ux','uz','uy']","{'ux': [0.032520858017417685, 0.07210260405220262], 'uy': [0.02804683760729257, 0.06291767040796087], 'uz': [-0.00745401429432765, -0.0007794003996378302]}",1314384.0
10.0,0.01%,"('ux','uy','uz')",25.0,GeoIndex,Rtree,File,None,False,True,True,0.02106022834777832,,0.0010166168212890625,0.06840658187866211,,50.712669372558594,8.574119091033936,0.9155275821685791,7.055536508560181,0.8994426727294922,68.478688955307,1288.0,1039.0,0.0001,10000.0,hydrogen,"['ux','uz','uy']","{'ux': [0.032520858017417685, 0.07210260405220262], 'uy': [0.02804683760729257, 0.06291767040796087], 'uz': [-0.00745401429432765, -0.0007794003996378302]}",1314384.0
11.0,0.01%,"('ux','uy','uz')",1.0,Original,,,,,False,,,,,,,1121.9557609558105,211.6728823184967,474.8798851966858,89.57535314559937,9.93574333190918,1915.248319387436,,,9.9e-05,10000.0,hydrogen,"['ux','uz','uy']","{'ux': [-0.0022481165900445073, -0.0018791300606010336], 'uy': [0.003327946628017861, 0.004997904048273694], 'uz': [-0.02684196486355379, -0.02040937875910771]}",1303912.0
11.0,0.01%,"('ux','uy','uz')",4.0,GeoIndex,Min-Max,File,None,False,True,,0.08114814758300781,0.005806446075439453,0.0014750957489013672,0.12432861328125,,97.40254974365234,18.172817707061768,36.61130142211914,14.343510150909424,1.4692552089691162,168.92266011238098,2260.0,1592.0,9.9e-05,10000.0,hydrogen,"['ux','uz','uy']","{'ux': [-0.0022481165900445073, -0.0018791300606010336], 'uy': [0.003327946628017861, 0.004997904048273694], 'uz': [-0.02684196486355379, -0.02040937875910771]}",1303912.0
11.0,0.01%,"('ux','uy','uz')",5.0,GeoIndex,Rtree,File,None,False,True,,0.02458667755126953,,0.0012972354888916016,0.12276673316955566,,96.57955646514893,18.18966054916382,36.67365837097168,14.46293568611145,1.4713099002838135,168.22509741783142,2260.0,1592.0,9.9e-05,10000.0,hydrogen,"['ux','uz','uy']","{'ux': [-0.0022481165900445073, -0.0018791300606010336], 'uy': [0.003327946628017861, 0.004997904048273694], 'uz': [-0.02684196486355379, -0.02040937875910771]}",1303912.0
11.0,0.01%,"('ux','uy','uz')",22.0,GeoIndex,Min-Max,File,None,True,False,True,0.0826416015625,0.005890846252441406,,,0.009763240814208984,106.96750926971436,16.41768193244934,1.4762303829193115,14.323437690734863,1.4643139839172363,141.20483922958374,2260.0,2260.0,9.9e-05,10000.0,hydrogen,"['ux','uz','uy']","{'ux': [-0.0022481165900445073, -0.0018791300606010336], 'uy': [0.003327946628017861, 0.004997904048273694], 'uz': [-0.02684196486355379, -0.02040937875910771]}",1303912.0
11.0,0.01%,"('ux','uy','uz')",23.0,GeoIndex,Rtree,File,None,True,False,True,0.024514198303222656,,,,0.009581327438354492,99.99290895462036,16.732503414154053,1.4782319068908691,14.120219230651855,1.4625248908996582,134.26714086532593,2260.0,2260.0,9.9e-05,10000.0,hydrogen,"['ux','uz','uy']","{'ux': [-0.0022481165900445073, -0.0018791300606010336], 'uy': [0.003327946628017861, 0.004997904048273694], 'uz': [-0.02684196486355379, -0.02040937875910771]}",1303912.0
11.0,0.01%,"('ux','uy','uz')",24.0,GeoIndex,Min-Max,File,None,False,True,True,0.08269810676574707,0.005803823471069336,0.0014467239379882812,0.12926888465881348,,95.5937557220459,17.309582471847534,1.4628562927246094,14.789734363555908,1.4459693431854248,131.27736020088196,2260.0,1592.0,9.9e-05,10000.0,hydrogen,"['ux','uz','uy']","{'ux': [-0.0022481165900445073, -0.0018791300606010336], 'uy': [0.003327946628017861, 0.004997904048273694], 'uz': [-0.02684196486355379, -0.02040937875910771]}",1303912.0
11.0,0.01%,"('ux','uy','uz')",25.0,GeoIndex,Rtree,File,None,False,True,True,0.024633407592773438,,0.0012831687927246094,0.12671494483947754,,91.96916627883911,17.65169906616211,1.4717657566070557,14.178508520126343,1.4553864002227783,127.32867860794067,2260.0,1592.0,9.9e-05,10000.0,hydrogen,"['ux','uz','uy']","{'ux': [-0.0022481165900445073, -0.0018791300606010336], 'uy': [0.003327946628017861, 0.004997904048273694], 'uz': [-0.02684196486355379, -0.02040937875910771]}",1303912.0
12.0,0.01%,"('ux','uy','uz')",1.0,Original,,,,,False,,,,,,,1113.5962431430817,269.16267228126526,647.2000625133514,91.80144834518433,10.083080530166626,2139.5792846679688,,,9.9e-05,10000.0,hydrogen,"['uy','ux','uz']","{'ux': [-0.06112862363160393, -0.04049202248643578], 'uy': [-0.05779757801185729, -0.03558833482315005], 'uz': [-0.002888469344665738, 0.01678084213173511]}",1300784.0
12.0,0.01%,"('ux','uy','uz')",4.0,GeoIndex,Min-Max,File,None,False,True,,0.06664013862609863,0.0022971630096435547,0.0010745525360107422,0.05802130699157715,,43.899211406707764,7.383238792419434,15.726149320602417,6.128394842147827,0.784419059753418,74.36602926254272,1075.0,899.0,9.9e-05,10000.0,hydrogen,"['uy','ux','uz']","{'ux': [-0.06112862363160393, -0.04049202248643578], 'uy': [-0.05779757801185729, -0.03558833482315005], 'uz': [-0.002888469344665738, 0.01678084213173511]}",1300784.0
12.0,0.01%,"('ux','uy','uz')",5.0,GeoIndex,Rtree,File,None,False,True,,0.020316600799560547,,0.0009758472442626953,0.05851101875305176,,43.92075538635254,7.531745195388794,16.011987924575806,6.393706321716309,0.7952301502227783,75.04629397392273,1075.0,899.0,9.9e-05,10000.0,hydrogen,"['uy','ux','uz']","{'ux': [-0.06112862363160393, -0.04049202248643578], 'uy': [-0.05779757801185729, -0.03558833482315005], 'uz': [-0.002888469344665738, 0.01678084213173511]}",1300784.0
12.0,0.01%,"('ux','uy','uz')",22.0,GeoIndex,Min-Max,File,None,True,False,True,0.06710648536682129,0.002310514450073242,,,0.004916191101074219,47.25076484680176,7.300640106201172,0.807192325592041,6.330404281616211,0.7920928001403809,62.76593279838562,1075.0,1075.0,9.9e-05,10000.0,hydrogen,"['uy','ux','uz']","{'ux': [-0.06112862363160393, -0.04049202248643578], 'uy': [-0.05779757801185729, -0.03558833482315005], 'uz': [-0.002888469344665738, 0.01678084213173511]}",1300784.0
12.0,0.01%,"('ux','uy','uz')",23.0,GeoIndex,Rtree,File,None,True,False,True,0.020212173461914062,,,,0.004927635192871094,47.029088497161865,7.633595943450928,0.8186559677124023,6.592613935470581,0.801781415939331,63.107720136642456,1075.0,1075.0,9.9e-05,10000.0,hydrogen,"['uy','ux','uz']","{'ux': [-0.06112862363160393, -0.04049202248643578], 'uy': [-0.05779757801185729, -0.03558833482315005], 'uz': [-0.002888469344665738, 0.01678084213173511]}",1300784.0
12.0,0.01%,"('ux','uy','uz')",24.0,GeoIndex,Min-Max,File,None,False,True,True,0.0674276351928711,0.002325773239135742,0.0010464191436767578,0.06046009063720703,,46.4577841758728,7.742199420928955,0.8111329078674316,6.653690338134766,0.7933008670806885,62.807260513305664,1075.0,899.0,9.9e-05,10000.0,hydrogen,"['uy','ux','uz']","{'ux': [-0.06112862363160393, -0.04049202248643578], 'uy': [-0.05779757801185729, -0.03558833482315005], 'uz': [-0.002888469344665738, 0.01678084213173511]}",1300784.0
12.0,0.01%,"('ux','uy','uz')",25.0,GeoIndex,Rtree,File,None,False,True,True,0.02017951011657715,,0.0009801387786865234,0.05835843086242676,,42.888208866119385,7.7646565437316895,0.8096909523010254,6.356024503707886,0.7918834686279297,58.89502954483032,1075.0,899.0,9.9e-05,10000.0,hydrogen,"['uy','ux','uz']","{'ux': [-0.06112862363160393, -0.04049202248643578], 'uy': [-0.05779757801185729, -0.03558833482315005], 'uz': [-0.002888469344665738, 0.01678084213173511]}",1300784.0
13.0,0.01%,"('ux','uy','uz')",1.0,Original,,,,,False,,,,,,,1155.4223601818085,203.2012996673584,486.6358962059021,84.62279486656189,8.822740077972412,1945.8063869476318,,,0.0001,10000.0,hydrogen,"['uy','ux','uz']","{'ux': [-0.0183026041216599, -0.013526593774852836], 'uy': [0.0030452396565756063, 0.005281055086603945], 'uz': [0.02477669056122838, 0.02872157332954382]}",1315143.0
13.0,0.01%,"('ux','uy','uz')",4.0,GeoIndex,Min-Max,File,None,False,True,,0.07249236106872559,0.0036988258361816406,0.0013897418975830078,0.10848808288574219,,80.8596785068512,15.08845591545105,31.381642818450928,12.111242294311523,1.2572474479675293,141.4848551750183,1883.0,1499.0,0.0001,10000.0,hydrogen,"['uy','ux','uz']","{'ux': [-0.0183026041216599, -0.013526593774852836], 'uy': [0.0030452396565756063, 0.005281055086603945], 'uz': [0.02477669056122838, 0.02872157332954382]}",1315143.0
13.0,0.01%,"('ux','uy','uz')",5.0,GeoIndex,Rtree,File,None,False,True,,0.023499250411987305,,0.0011744499206542969,0.10846996307373047,,80.1121678352356,14.740330219268799,30.76961088180542,12.211004495620728,1.2660534381866455,139.82679867744446,1883.0,1499.0,0.0001,10000.0,hydrogen,"['uy','ux','uz']","{'ux': [-0.0183026041216599, -0.013526593774852836], 'uy': [0.0030452396565756063, 0.005281055086603945], 'uz': [0.02477669056122838, 0.02872157332954382]}",1315143.0
13.0,0.01%,"('ux','uy','uz')",22.0,GeoIndex,Min-Max,File,None,True,False,True,0.07149744033813477,0.0034945011138916016,,,0.008476972579956055,86.60304188728333,14.576916933059692,1.2736778259277344,12.1326265335083,1.2609319686889648,116.32498073577881,1883.0,1883.0,0.0001,10000.0,hydrogen,"['uy','ux','uz']","{'ux': [-0.0183026041216599, -0.013526593774852836], 'uy': [0.0030452396565756063, 0.005281055086603945], 'uz': [0.02477669056122838, 0.02872157332954382]}",1315143.0
13.0,0.01%,"('ux','uy','uz')",23.0,GeoIndex,Rtree,File,None,True,False,True,0.023211240768432617,,,,0.008087158203125,86.40018248558044,14.336833715438843,1.269639492034912,12.056577682495117,1.253523588180542,115.73043584823608,1883.0,1883.0,0.0001,10000.0,hydrogen,"['uy','ux','uz']","{'ux': [-0.0183026041216599, -0.013526593774852836], 'uy': [0.0030452396565756063, 0.005281055086603945], 'uz': [0.02477669056122838, 0.02872157332954382]}",1315143.0
13.0,0.01%,"('ux','uy','uz')",24.0,GeoIndex,Min-Max,File,None,False,True,True,0.07291364669799805,0.0037958621978759766,0.0013895034790039062,0.11499524116516113,,85.2650625705719,14.842087507247925,1.2802104949951172,12.186508893966675,1.2632627487182617,115.43369626998901,1883.0,1499.0,0.0001,10000.0,hydrogen,"['uy','ux','uz']","{'ux': [-0.0183026041216599, -0.013526593774852836], 'uy': [0.0030452396565756063, 0.005281055086603945], 'uz': [0.02477669056122838, 0.02872157332954382]}",1315143.0
13.0,0.01%,"('ux','uy','uz')",25.0,GeoIndex,Rtree,File,None,False,True,True,0.023392200469970703,,0.001171112060546875,0.11252617835998535,,81.44918608665466,16.001172065734863,1.2783641815185547,12.312026500701904,1.2641890048980713,112.83262801170349,1883.0,1499.0,0.0001,10000.0,hydrogen,"['uy','ux','uz']","{'ux': [-0.0183026041216599, -0.013526593774852836], 'uy': [0.0030452396565756063, 0.005281055086603945], 'uz': [0.02477669056122838, 0.02872157332954382]}",1315143.0
14.0,0.01%,"('ux','uy','uz')",1.0,Original,,,,,False,,,,,,,1124.6922931671143,211.5148298740387,474.74737095832825,90.41471672058105,10.038564682006836,1918.6461727619171,,,9.9e-05,10000.0,hydrogen,"['ux','uz','uy']","{'ux': [-0.04841579465218709, -0.032807244694936656], 'uy': [-0.008204594007930832, 0.00473619914947683], 'uz': [-0.016305490825471444, 0.0003212344566909074]}",1305260.0
14.0,0.01%,"('ux','uy','uz')",4.0,GeoIndex,Min-Max,File,None,False,True,,0.10630059242248535,0.0022504329681396484,0.0015261173248291016,0.13788604736328125,,89.60993027687073,18.69180417060852,37.89871621131897,14.520750522613525,1.6514644622802734,163.3611867427826,2450.0,1519.0,9.9e-05,10000.0,hydrogen,"['ux','uz','uy']","{'ux': [-0.04841579465218709, -0.032807244694936656], 'uy': [-0.008204594007930832, 0.00473619914947683], 'uz': [-0.016305490825471444, 0.0003212344566909074]}",1305260.0
14.0,0.01%,"('ux','uy','uz')",5.0,GeoIndex,Rtree,File,None,False,True,,0.025527000427246094,,0.0013496875762939453,0.13523578643798828,,99.7494797706604,19.496402740478516,38.711315393447876,15.147919654846191,1.6780047416687012,175.68251848220825,2450.0,1519.0,9.9e-05,10000.0,hydrogen,"['ux','uz','uy']","{'ux': [-0.04841579465218709, -0.032807244694936656], 'uy': [-0.008204594007930832, 0.00473619914947683], 'uz': [-0.016305490825471444, 0.0003212344566909074]}",1305260.0
14.0,0.01%,"('ux','uy','uz')",22.0,GeoIndex,Min-Max,File,None,True,False,True,0.10614800453186035,0.002313375473022461,,,0.010467767715454102,115.37667894363403,17.201185941696167,1.6698448657989502,14.840890407562256,1.658586025238037,151.35531616210938,2450.0,2450.0,9.9e-05,10000.0,hydrogen,"['ux','uz','uy']","{'ux': [-0.04841579465218709, -0.032807244694936656], 'uy': [-0.008204594007930832, 0.00473619914947683], 'uz': [-0.016305490825471444, 0.0003212344566909074]}",1305260.0
14.0,0.01%,"('ux','uy','uz')",23.0,GeoIndex,Rtree,File,None,True,False,True,0.02553725242614746,,,,0.010307073593139648,106.9536063671112,17.421740293502808,1.6822047233581543,14.888999938964844,1.666412591934204,143.11752247810364,2450.0,2450.0,9.9e-05,10000.0,hydrogen,"['ux','uz','uy']","{'ux': [-0.04841579465218709, -0.032807244694936656], 'uy': [-0.008204594007930832, 0.00473619914947683], 'uz': [-0.016305490825471444, 0.0003212344566909074]}",1305260.0
14.0,0.01%,"('ux','uy','uz')",24.0,GeoIndex,Min-Max,File,None,False,True,True,0.10699772834777832,0.002225637435913086,0.0015060901641845703,0.13823580741882324,,91.87955212593079,19.057324171066284,1.679368019104004,14.77167797088623,1.6624236106872559,129.78834104537964,2450.0,1519.0,9.9e-05,10000.0,hydrogen,"['ux','uz','uy']","{'ux': [-0.04841579465218709, -0.032807244694936656], 'uy': [-0.008204594007930832, 0.00473619914947683], 'uz': [-0.016305490825471444, 0.0003212344566909074]}",1305260.0
14.0,0.01%,"('ux','uy','uz')",25.0,GeoIndex,Rtree,File,None,False,True,True,0.02549886703491211,,0.0013225078582763672,0.13724827766418457,,99.00244283676147,20.059141397476196,1.703819990158081,15.619996070861816,1.6862773895263672,138.71857047080994,2450.0,1519.0,9.9e-05,10000.0,hydrogen,"['ux','uz','uy']","{'ux': [-0.04841579465218709, -0.032807244694936656], 'uy': [-0.008204594007930832, 0.00473619914947683], 'uz': [-0.016305490825471444, 0.0003212344566909074]}",1305260.0
15.0,0.01%,"('ux','uy','uz')",1.0,Original,,,,,False,,,,,,,1135.0670924186707,219.69077563285828,510.8783690929413,112.83221817016602,9.980161666870117,1995.953068971634,,,9.9e-05,10000.0,hydrogen,"['uz','uy','ux']","{'ux': [0.0008012029384256811, 0.0012685463238837436], 'uy': [0.004543063205099036, 0.005109707535114753], 'uz': [-0.0055870908083584725, -0.0047611025051898445]}",1302903.0
15.0,0.01%,"('ux','uy','uz')",4.0,GeoIndex,Min-Max,File,None,False,True,,0.08430957794189453,0.006629228591918945,0.0015430450439453125,0.1504671573638916,,99.41901230812073,19.71491527557373,41.35100436210632,15.645877838134766,1.6251976490020752,178.78414726257324,2567.0,1685.0,9.9e-05,10000.0,hydrogen,"['uz','uy','ux']","{'ux': [0.0008012029384256811, 0.0012685463238837436], 'uy': [0.004543063205099036, 0.005109707535114753], 'uz': [-0.0055870908083584725, -0.0047611025051898445]}",1302903.0
15.0,0.01%,"('ux','uy','uz')",5.0,GeoIndex,Rtree,File,None,False,True,,0.02592158317565918,,0.0013763904571533203,0.14790129661560059,,105.55849099159241,19.788699865341187,41.60801362991333,15.68201756477356,1.6225271224975586,185.21407914161682,2567.0,1685.0,9.9e-05,10000.0,hydrogen,"['uz','uy','ux']","{'ux': [0.0008012029384256811, 0.0012685463238837436], 'uy': [0.004543063205099036, 0.005109707535114753], 'uz': [-0.0055870908083584725, -0.0047611025051898445]}",1302903.0
15.0,0.01%,"('ux','uy','uz')",22.0,GeoIndex,Min-Max,File,None,True,False,True,0.08416438102722168,0.0064008235931396484,,,0.011024951934814453,119.2710599899292,18.18221354484558,1.6332261562347412,15.784001350402832,1.615053653717041,157.09124040603638,2567.0,2567.0,9.9e-05,10000.0,hydrogen,"['uz','uy','ux']","{'ux': [0.0008012029384256811, 0.0012685463238837436], 'uy': [0.004543063205099036, 0.005109707535114753], 'uz': [-0.0055870908083584725, -0.0047611025051898445]}",1302903.0
15.0,0.01%,"('ux','uy','uz')",23.0,GeoIndex,Rtree,File,None,True,False,True,0.025847434997558594,,,,0.010783910751342773,110.3603744506836,18.08422565460205,1.6264269351959229,15.343275785446167,1.6100971698760986,147.54981231689453,2567.0,2567.0,9.9e-05,10000.0,hydrogen,"['uz','uy','ux']","{'ux': [0.0008012029384256811, 0.0012685463238837436], 'uy': [0.004543063205099036, 0.005109707535114753], 'uz': [-0.0055870908083584725, -0.0047611025051898445]}",1302903.0
15.0,0.01%,"('ux','uy','uz')",24.0,GeoIndex,Min-Max,File,None,False,True,True,0.08298110961914062,0.006311893463134766,0.0015368461608886719,0.15109539031982422,,99.34345269203186,19.704415798187256,1.6410200595855713,15.546184778213501,1.6193349361419678,138.60399198532104,2567.0,1685.0,9.9e-05,10000.0,hydrogen,"['uz','uy','ux']","{'ux': [0.0008012029384256811, 0.0012685463238837436], 'uy': [0.004543063205099036, 0.005109707535114753], 'uz': [-0.0055870908083584725, -0.0047611025051898445]}",1302903.0
15.0,0.01%,"('ux','uy','uz')",25.0,GeoIndex,Rtree,File,None,False,True,True,0.0260772705078125,,0.0013663768768310547,0.15064024925231934,,109.06301641464233,20.525317192077637,1.6570289134979248,16.289191007614136,1.6394288539886475,149.86186242103577,2567.0,1685.0,9.9e-05,10000.0,hydrogen,"['uz','uy','ux']","{'ux': [0.0008012029384256811, 0.0012685463238837436], 'uy': [0.004543063205099036, 0.005109707535114753], 'uz': [-0.0055870908083584725, -0.0047611025051898445]}",1302903.0
16.0,0.01%,"('ux','uy','uz')",1.0,Original,,,,,False,,,,,,,1119.5307149887085,212.9362428188324,479.0760729312897,89.1841413974762,10.059408187866211,1918.0638208389282,,,9.9e-05,10000.0,hydrogen,"['uz','ux']","{'ux': [-0.034995873656262035, -0.026200981976477633], 'uy': [0.01363177576647099, 0.028308171219248605], 'uz': [-0.001214113145978692, 0.0156797918489823]}",1304631.0
16.0,0.01%,"('ux','uy','uz')",4.0,GeoIndex,Min-Max,File,None,False,True,,0.0717160701751709,0.002867460250854492,0.0012772083282470703,0.10366344451904297,,69.58669948577881,12.648984432220459,26.163366317749023,10.399332761764526,1.1856718063354492,120.67869591712952,1753.0,1332.0,9.9e-05,10000.0,hydrogen,"['uz','ux']","{'ux': [-0.034995873656262035, -0.026200981976477633], 'uy': [0.01363177576647099, 0.028308171219248605], 'uz': [-0.001214113145978692, 0.0156797918489823]}",1304631.0
16.0,0.01%,"('ux','uy','uz')",5.0,GeoIndex,Rtree,File,None,False,True,,0.02267599105834961,,0.0011489391326904297,0.10464859008789062,,70.30462193489075,13.2686448097229,26.674870491027832,10.850671291351318,1.1774487495422363,122.91891574859619,1753.0,1332.0,9.9e-05,10000.0,hydrogen,"['uz','ux']","{'ux': [-0.034995873656262035, -0.026200981976477633], 'uy': [0.01363177576647099, 0.028308171219248605], 'uz': [-0.001214113145978692, 0.0156797918489823]}",1304631.0
16.0,0.01%,"('ux','uy','uz')",22.0,GeoIndex,Min-Max,File,None,True,False,True,0.07220959663391113,0.003035306930541992,,,0.007756710052490234,79.91908979415894,12.218633890151978,1.1953418254852295,10.527174711227417,1.1785597801208496,105.46053838729858,1753.0,1753.0,9.9e-05,10000.0,hydrogen,"['uz','ux']","{'ux': [-0.034995873656262035, -0.026200981976477633], 'uy': [0.01363177576647099, 0.028308171219248605], 'uz': [-0.001214113145978692, 0.0156797918489823]}",1304631.0
16.0,0.01%,"('ux','uy','uz')",23.0,GeoIndex,Rtree,File,None,True,False,True,0.02265000343322754,,,,0.007682085037231445,75.03634524345398,11.820220232009888,1.1841495037078857,10.01017451286316,1.168447732925415,99.57083106040955,1753.0,1753.0,9.9e-05,10000.0,hydrogen,"['uz','ux']","{'ux': [-0.034995873656262035, -0.026200981976477633], 'uy': [0.01363177576647099, 0.028308171219248605], 'uz': [-0.001214113145978692, 0.0156797918489823]}",1304631.0
16.0,0.01%,"('ux','uy','uz')",24.0,GeoIndex,Min-Max,File,None,False,True,True,0.07190203666687012,0.0029344558715820312,0.0012791156768798828,0.10693740844726562,,70.00086307525635,13.396018505096436,1.2143640518188477,10.889646291732788,1.1988532543182373,97.2323145866394,1753.0,1332.0,9.9e-05,10000.0,hydrogen,"['uz','ux']","{'ux': [-0.034995873656262035, -0.026200981976477633], 'uy': [0.01363177576647099, 0.028308171219248605], 'uz': [-0.001214113145978692, 0.0156797918489823]}",1304631.0
16.0,0.01%,"('ux','uy','uz')",25.0,GeoIndex,Rtree,File,None,False,True,True,0.022869110107421875,,0.0011529922485351562,0.105010986328125,,68.8489339351654,12.603676080703735,1.198479175567627,10.254549026489258,1.1824345588684082,94.54765105247498,1753.0,1332.0,9.9e-05,10000.0,hydrogen,"['uz','ux']","{'ux': [-0.034995873656262035, -0.026200981976477633], 'uy': [0.01363177576647099, 0.028308171219248605], 'uz': [-0.001214113145978692, 0.0156797918489823]}",1304631.0
17.0,0.01%,"('ux','uy','uz','x','y','z')",1.0,Original,,,,,False,,,,,,,2267.705289363861,456.347695350647,615.3706331253052,175.0621795654297,9.070752620697021,3533.420267343521,,,0.000101,10000.0,hydrogen,"['uz','uy','y','ux']","{'x': [-1.04999991039802e-05, -9.000002477190496e-06], 'y': [6.000000154936633e-06, 7.413825373212994e-06], 'z': [2.506579097897835e-05, 2.657894613476685e-05], 'ux': [0.0002329924611930139, 0.011027948462145882], 'uy': [-0.008909104535758277, -0.004385620212946404], 'uz': [0.03932794775747489, 0.06597466823632143]}",1306754.0
17.0,0.01%,"('ux','uy','uz','x','y','z')",4.0,GeoIndex,Min-Max,File,None,False,True,,0.11231780052185059,0.0020742416381835938,9.5367431640625e-06,3.337860107421875e-06,,0.3708655834197998,0.030176162719726562,0.01953721046447754,0.012992620468139648,0.016169309616088867,0.5854580402374268,1.0,1.0,0.000101,10000.0,hydrogen,"['uz','uy','y','ux']","{'x': [-1.04999991039802e-05, -9.000002477190496e-06], 'y': [6.000000154936633e-06, 7.413825373212994e-06], 'z': [2.506579097897835e-05, 2.657894613476685e-05], 'ux': [0.0002329924611930139, 0.011027948462145882], 'uy': [-0.008909104535758277, -0.004385620212946404], 'uz': [0.03932794775747489, 0.06597466823632143]}",1306754.0
17.0,0.01%,"('ux','uy','uz','x','y','z')",5.0,GeoIndex,Rtree,File,None,False,True,,0.0397188663482666,0.00011229515075683594,7.3909759521484375e-06,2.86102294921875e-06,,0.3591747283935547,0.032065391540527344,0.019551515579223633,0.012387514114379883,0.013943672180175781,0.48178935050964355,1.0,1.0,0.000101,10000.0,hydrogen,"['uz','uy','y','ux']","{'x': [-1.04999991039802e-05, -9.000002477190496e-06], 'y': [6.000000154936633e-06, 7.413825373212994e-06], 'z': [2.506579097897835e-05, 2.657894613476685e-05], 'ux': [0.0002329924611930139, 0.011027948462145882], 'uy': [-0.008909104535758277, -0.004385620212946404], 'uz': [0.03932794775747489, 0.06597466823632143]}",1306754.0
17.0,0.01%,"('ux','uy','uz','x','y','z')",22.0,GeoIndex,Min-Max,File,None,True,False,True,0.11224532127380371,0.0021140575408935547,,,2.2411346435546875e-05,0.3791675567626953,0.019965171813964844,0.02801060676574707,0.012454748153686523,0.01544952392578125,0.589728593826294,1.0,1.0,0.000101,10000.0,hydrogen,"['uz','uy','y','ux']","{'x': [-1.04999991039802e-05, -9.000002477190496e-06], 'y': [6.000000154936633e-06, 7.413825373212994e-06], 'z': [2.506579097897835e-05, 2.657894613476685e-05], 'ux': [0.0002329924611930139, 0.011027948462145882], 'uy': [-0.008909104535758277, -0.004385620212946404], 'uz': [0.03932794775747489, 0.06597466823632143]}",1306754.0
17.0,0.01%,"('ux','uy','uz','x','y','z')",23.0,GeoIndex,Rtree,File,None,True,False,True,0.03981184959411621,0.00010967254638671875,,,1.9550323486328125e-05,0.37044501304626465,0.019701480865478516,0.027779102325439453,0.012421369552612305,0.01675581932067871,0.49188661575317383,1.0,1.0,0.000101,10000.0,hydrogen,"['uz','uy','y','ux']","{'x': [-1.04999991039802e-05, -9.000002477190496e-06], 'y': [6.000000154936633e-06, 7.413825373212994e-06], 'z': [2.506579097897835e-05, 2.657894613476685e-05], 'ux': [0.0002329924611930139, 0.011027948462145882], 'uy': [-0.008909104535758277, -0.004385620212946404], 'uz': [0.03932794775747489, 0.06597466823632143]}",1306754.0
17.0,0.01%,"('ux','uy','uz','x','y','z')",24.0,GeoIndex,Min-Max,File,None,False,True,True,0.11182117462158203,0.002129793167114258,7.152557373046875e-06,2.86102294921875e-06,,0.3831017017364502,0.019285202026367188,0.027170658111572266,0.011851787567138672,0.015186548233032227,0.5907633304595947,1.0,1.0,0.000101,10000.0,hydrogen,"['uz','uy','y','ux']","{'x': [-1.04999991039802e-05, -9.000002477190496e-06], 'y': [6.000000154936633e-06, 7.413825373212994e-06], 'z': [2.506579097897835e-05, 2.657894613476685e-05], 'ux': [0.0002329924611930139, 0.011027948462145882], 'uy': [-0.008909104535758277, -0.004385620212946404], 'uz': [0.03932794775747489, 0.06597466823632143]}",1306754.0
17.0,0.01%,"('ux','uy','uz','x','y','z')",25.0,GeoIndex,Rtree,File,None,False,True,True,0.039716243743896484,0.00011014938354492188,5.9604644775390625e-06,2.86102294921875e-06,,0.36806464195251465,0.018630504608154297,0.02694988250732422,0.011781930923461914,0.01626133918762207,0.4862051010131836,1.0,1.0,0.000101,10000.0,hydrogen,"['uz','uy','y','ux']","{'x': [-1.04999991039802e-05, -9.000002477190496e-06], 'y': [6.000000154936633e-06, 7.413825373212994e-06], 'z': [2.506579097897835e-05, 2.657894613476685e-05], 'ux': [0.0002329924611930139, 0.011027948462145882], 'uy': [-0.008909104535758277, -0.004385620212946404], 'uz': [0.03932794775747489, 0.06597466823632143]}",1306754.0
18.0,0.01%,"('ux','uy','uz','x','y','z')",1.0,Original,,,,,False,,,,,,,2359.2314352989197,765.6038610935211,1189.3692841529846,375.67675018310547,10.441025257110596,4713.3433573246,,,0.0001,10000.0,hydrogen,"['ux','uz','y','z']","{'x': [6.00000013589134e-06, 7.499999641982651e-06], 'y': [4.1346884948869303e-07, 3.7710763562874186e-06], 'z': [3.812957879462228e-05, 3.9337780487466966e-05], 'ux': [-0.01500484172944008, -0.008356170377528605], 'uy': [-0.005907183033466281, -0.0015900041433167293], 'uz': [0.009258903311107007, 0.012368205327261652]}",1316068.0
18.0,0.01%,"('ux','uy','uz','x','y','z')",4.0,GeoIndex,Min-Max,File,None,False,True,,0.11521267890930176,0.0022430419921875,1.0967254638671875e-05,0.00010800361633300781,,0.7795352935791016,0.10643506050109863,0.09922313690185547,0.0469050407409668,0.0316469669342041,1.2051842212677002,6.0,6.0,0.0001,10000.0,hydrogen,"['ux','uz','y','z']","{'x': [6.00000013589134e-06, 7.499999641982651e-06], 'y': [4.1346884948869303e-07, 3.7710763562874186e-06], 'z': [3.812957879462228e-05, 3.9337780487466966e-05], 'ux': [-0.01500484172944008, -0.008356170377528605], 'uy': [-0.005907183033466281, -0.0015900041433167293], 'uz': [0.009258903311107007, 0.012368205327261652]}",1316068.0
18.0,0.01%,"('ux','uy','uz','x','y','z')",5.0,GeoIndex,Rtree,File,None,False,True,,0.04117250442504883,0.00012493133544921875,1.049041748046875e-05,0.00010466575622558594,,0.798349142074585,0.11279702186584473,0.0979924201965332,0.04624438285827637,0.031276702880859375,1.1358203887939453,6.0,6.0,0.0001,10000.0,hydrogen,"['ux','uz','y','z']","{'x': [6.00000013589134e-06, 7.499999641982651e-06], 'y': [4.1346884948869303e-07, 3.7710763562874186e-06], 'z': [3.812957879462228e-05, 3.9337780487466966e-05], 'ux': [-0.01500484172944008, -0.008356170377528605], 'uy': [-0.005907183033466281, -0.0015900041433167293], 'uz': [0.009258903311107007, 0.012368205327261652]}",1316068.0
18.0,0.01%,"('ux','uy','uz','x','y','z')",22.0,GeoIndex,Min-Max,File,None,True,False,True,0.11463570594787598,0.0021736621856689453,,,4.363059997558594e-05,0.8027060031890869,0.11296820640563965,0.04444313049316406,0.046544551849365234,0.03190946578979492,1.1790084838867188,6.0,6.0,0.0001,10000.0,hydrogen,"['ux','uz','y','z']","{'x': [6.00000013589134e-06, 7.499999641982651e-06], 'y': [4.1346884948869303e-07, 3.7710763562874186e-06], 'z': [3.812957879462228e-05, 3.9337780487466966e-05], 'ux': [-0.01500484172944008, -0.008356170377528605], 'uy': [-0.005907183033466281, -0.0015900041433167293], 'uz': [0.009258903311107007, 0.012368205327261652]}",1316068.0
18.0,0.01%,"('ux','uy','uz','x','y','z')",23.0,GeoIndex,Rtree,File,None,True,False,True,0.04151296615600586,0.00011754035949707031,,,4.00543212890625e-05,0.7824125289916992,0.09785699844360352,0.03696489334106445,0.04485678672790527,0.030879735946655273,1.041419506072998,6.0,6.0,0.0001,10000.0,hydrogen,"['ux','uz','y','z']","{'x': [6.00000013589134e-06, 7.499999641982651e-06], 'y': [4.1346884948869303e-07, 3.7710763562874186e-06], 'z': [3.812957879462228e-05, 3.9337780487466966e-05], 'ux': [-0.01500484172944008, -0.008356170377528605], 'uy': [-0.005907183033466281, -0.0015900041433167293], 'uz': [0.009258903311107007, 0.012368205327261652]}",1316068.0
18.0,0.01%,"('ux','uy','uz','x','y','z')",24.0,GeoIndex,Min-Max,File,None,False,True,True,0.11354660987854004,0.0021393299102783203,1.0728836059570312e-05,0.00010752677917480469,,0.772496223449707,0.09980344772338867,0.036243438720703125,0.04244637489318848,0.028338193893432617,1.1169662475585938,6.0,6.0,0.0001,10000.0,hydrogen,"['ux','uz','y','z']","{'x': [6.00000013589134e-06, 7.499999641982651e-06], 'y': [4.1346884948869303e-07, 3.7710763562874186e-06], 'z': [3.812957879462228e-05, 3.9337780487466966e-05], 'ux': [-0.01500484172944008, -0.008356170377528605], 'uy': [-0.005907183033466281, -0.0015900041433167293], 'uz': [0.009258903311107007, 0.012368205327261652]}",1316068.0
18.0,0.01%,"('ux','uy','uz','x','y','z')",25.0,GeoIndex,Rtree,File,None,False,True,True,0.04104900360107422,0.00012230873107910156,1.0013580322265625e-05,0.00010609626770019531,,0.7884941101074219,0.0995028018951416,0.03697323799133301,0.04559898376464844,0.03129267692565918,1.0500426292419434,6.0,6.0,0.0001,10000.0,hydrogen,"['ux','uz','y','z']","{'x': [6.00000013589134e-06, 7.499999641982651e-06], 'y': [4.1346884948869303e-07, 3.7710763562874186e-06], 'z': [3.812957879462228e-05, 3.9337780487466966e-05], 'ux': [-0.01500484172944008, -0.008356170377528605], 'uy': [-0.005907183033466281, -0.0015900041433167293], 'uz': [0.009258903311107007, 0.012368205327261652]}",1316068.0
19.0,0.01%,"('ux','uy','uz','x','y','z')",1.0,Original,,,,,False,,,,,,,2289.307643175125,517.0586755275726,718.600489616394,188.98132944107056,10.953063249588013,3735.6446130275726,,,9.9e-05,10000.0,hydrogen,"['uz','y','ux','uy','x']","{'x': [7.446904020852084e-06, 9.053089175826818e-06], 'y': [-3.1137044378455344e-06, -1.3855337370142107e-06], 'z': [9.93421889007065e-06, 1.1447367332406475e-05], 'ux': [-0.008887093428852966, 0.13339437749404823], 'uy': [-0.054291776110780815, 0.002376259156124185], 'uz': [-0.08758735996830666, 0.047168806881120406]}",1304851.0
19.0,0.01%,"('ux','uy','uz','x','y','z')",4.0,GeoIndex,Min-Max,File,None,False,True,,0.19924688339233398,0.0043871402740478516,1.33514404296875e-05,0.00018358230590820312,,1.1338520050048828,0.19435429573059082,0.18865633010864258,0.09009265899658203,0.041204214096069336,1.8948020935058594,9.0,9.0,9.9e-05,10000.0,hydrogen,"['uz','y','ux','uy','x']","{'x': [7.446904020852084e-06, 9.053089175826818e-06], 'y': [-3.1137044378455344e-06, -1.3855337370142107e-06], 'z': [9.93421889007065e-06, 1.1447367332406475e-05], 'ux': [-0.008887093428852966, 0.13339437749404823], 'uy': [-0.054291776110780815, 0.002376259156124185], 'uz': [-0.08758735996830666, 0.047168806881120406]}",1304851.0
19.0,0.01%,"('ux','uy','uz','x','y','z')",5.0,GeoIndex,Rtree,File,None,False,True,,0.07534027099609375,0.0007259845733642578,1.2636184692382812e-05,0.0001857280731201172,,1.170541524887085,0.18602204322814941,0.18529319763183594,0.087677001953125,0.04119133949279785,1.7648422718048096,9.0,9.0,9.9e-05,10000.0,hydrogen,"['uz','y','ux','uy','x']","{'x': [7.446904020852084e-06, 9.053089175826818e-06], 'y': [-3.1137044378455344e-06, -1.3855337370142107e-06], 'z': [9.93421889007065e-06, 1.1447367332406475e-05], 'ux': [-0.008887093428852966, 0.13339437749404823], 'uy': [-0.054291776110780815, 0.002376259156124185], 'uz': [-0.08758735996830666, 0.047168806881120406]}",1304851.0
19.0,0.01%,"('ux','uy','uz','x','y','z')",22.0,GeoIndex,Min-Max,File,None,True,False,True,0.2002406120300293,0.0044400691986083984,,,5.698204040527344e-05,1.1360995769500732,0.16687870025634766,0.05400395393371582,0.09267973899841309,0.04175615310668945,1.736091136932373,9.0,9.0,9.9e-05,10000.0,hydrogen,"['uz','y','ux','uy','x']","{'x': [7.446904020852084e-06, 9.053089175826818e-06], 'y': [-3.1137044378455344e-06, -1.3855337370142107e-06], 'z': [9.93421889007065e-06, 1.1447367332406475e-05], 'ux': [-0.008887093428852966, 0.13339437749404823], 'uy': [-0.054291776110780815, 0.002376259156124185], 'uz': [-0.08758735996830666, 0.047168806881120406]}",1304851.0
19.0,0.01%,"('ux','uy','uz','x','y','z')",23.0,GeoIndex,Rtree,File,None,True,False,True,0.07460236549377441,0.0007245540618896484,,,5.650520324707031e-05,1.1290791034698486,0.16812705993652344,0.05421900749206543,0.09367918968200684,0.041875362396240234,1.5761935710906982,9.0,9.0,9.9e-05,10000.0,hydrogen,"['uz','y','ux','uy','x']","{'x': [7.446904020852084e-06, 9.053089175826818e-06], 'y': [-3.1137044378455344e-06, -1.3855337370142107e-06], 'z': [9.93421889007065e-06, 1.1447367332406475e-05], 'ux': [-0.008887093428852966, 0.13339437749404823], 'uy': [-0.054291776110780815, 0.002376259156124185], 'uz': [-0.08758735996830666, 0.047168806881120406]}",1304851.0
19.0,0.01%,"('ux','uy','uz','x','y','z')",24.0,GeoIndex,Min-Max,File,None,False,True,True,0.20325875282287598,0.004486799240112305,1.5974044799804688e-05,0.0001850128173828125,,1.1247069835662842,0.1612558364868164,0.05283713340759277,0.09214091300964355,0.040775299072265625,1.7208538055419922,9.0,9.0,9.9e-05,10000.0,hydrogen,"['uz','y','ux','uy','x']","{'x': [7.446904020852084e-06, 9.053089175826818e-06], 'y': [-3.1137044378455344e-06, -1.3855337370142107e-06], 'z': [9.93421889007065e-06, 1.1447367332406475e-05], 'ux': [-0.008887093428852966, 0.13339437749404823], 'uy': [-0.054291776110780815, 0.002376259156124185], 'uz': [-0.08758735996830666, 0.047168806881120406]}",1304851.0
19.0,0.01%,"('ux','uy','uz','x','y','z')",25.0,GeoIndex,Rtree,File,None,False,True,True,0.07526898384094238,0.0007240772247314453,1.1205673217773438e-05,0.00018548965454101562,,1.1044812202453613,0.16472911834716797,0.05310940742492676,0.09019708633422852,0.041123390197753906,1.543700933456421,9.0,9.0,9.9e-05,10000.0,hydrogen,"['uz','y','ux','uy','x']","{'x': [7.446904020852084e-06, 9.053089175826818e-06], 'y': [-3.1137044378455344e-06, -1.3855337370142107e-06], 'z': [9.93421889007065e-06, 1.1447367332406475e-05], 'ux': [-0.008887093428852966, 0.13339437749404823], 'uy': [-0.054291776110780815, 0.002376259156124185], 'uz': [-0.08758735996830666, 0.047168806881120406]}",1304851.0
20.0,0.01%,"('ux','uy','uz','x','y','z')",1.0,Original,,,,,False,,,,,,,2312.4329917430878,554.7260761260986,740.9075086116791,174.61803030967712,10.637093544006348,3805.8708555698395,,,0.0001,10000.0,hydrogen,"['x','z','ux','uy','y','uz']","{'x': [6.007145774641614e-06, 7.524860149346356e-06], 'y': [8.999284979769986e-06, 1.043098101987121e-05], 'z': [1.2925410419230784e-05, 1.4508808369838277e-05], 'ux': [-0.001806025341365182, 0.1057068966742627], 'uy': [-0.01885187704097327, 0.14143816326527942], 'uz': [-0.04273384687457323, 0.051135215933967165]}",1259397.0
20.0,0.01%,"('ux','uy','uz','x','y','z')",4.0,GeoIndex,Min-Max,File,None,False,True,,0.19371652603149414,0.0036361217498779297,1.3589859008789062e-05,0.0002570152282714844,,1.3458006381988525,0.20961380004882812,0.2377912998199463,0.12237071990966797,0.03663206100463867,2.193117141723633,12.0,12.0,0.0001,10000.0,hydrogen,"['x','z','ux','uy','y','uz']","{'x': [6.007145774641614e-06, 7.524860149346356e-06], 'y': [8.999284979769986e-06, 1.043098101987121e-05], 'z': [1.2925410419230784e-05, 1.4508808369838277e-05], 'ux': [-0.001806025341365182, 0.1057068966742627], 'uy': [-0.01885187704097327, 0.14143816326527942], 'uz': [-0.04273384687457323, 0.051135215933967165]}",1259397.0
20.0,0.01%,"('ux','uy','uz','x','y','z')",5.0,GeoIndex,Rtree,File,None,False,True,,0.07564878463745117,0.0007212162017822266,1.1444091796875e-05,0.0002598762512207031,,1.3777523040771484,0.21879291534423828,0.23547673225402832,0.10982322692871094,0.0362391471862793,2.0718886852264404,12.0,12.0,0.0001,10000.0,hydrogen,"['x','z','ux','uy','y','uz']","{'x': [6.007145774641614e-06, 7.524860149346356e-06], 'y': [8.999284979769986e-06, 1.043098101987121e-05], 'z': [1.2925410419230784e-05, 1.4508808369838277e-05], 'ux': [-0.001806025341365182, 0.1057068966742627], 'uy': [-0.01885187704097327, 0.14143816326527942], 'uz': [-0.04273384687457323, 0.051135215933967165]}",1259397.0
20.0,0.01%,"('ux','uy','uz','x','y','z')",22.0,GeoIndex,Min-Max,File,None,True,False,True,0.194047212600708,0.0035898685455322266,,,7.05718994140625e-05,1.3725390434265137,0.23119258880615234,0.048055410385131836,0.11718463897705078,0.0365145206451416,2.0445969104766846,12.0,12.0,0.0001,10000.0,hydrogen,"['x','z','ux','uy','y','uz']","{'x': [6.007145774641614e-06, 7.524860149346356e-06], 'y': [8.999284979769986e-06, 1.043098101987121e-05], 'z': [1.2925410419230784e-05, 1.4508808369838277e-05], 'ux': [-0.001806025341365182, 0.1057068966742627], 'uy': [-0.01885187704097327, 0.14143816326527942], 'uz': [-0.04273384687457323, 0.051135215933967165]}",1259397.0
20.0,0.01%,"('ux','uy','uz','x','y','z')",23.0,GeoIndex,Rtree,File,None,True,False,True,0.0766599178314209,0.0007336139678955078,,,6.67572021484375e-05,1.3517863750457764,0.2082352638244629,0.04730534553527832,0.11874938011169434,0.036945343017578125,1.8550217151641846,12.0,12.0,0.0001,10000.0,hydrogen,"['x','z','ux','uy','y','uz']","{'x': [6.007145774641614e-06, 7.524860149346356e-06], 'y': [8.999284979769986e-06, 1.043098101987121e-05], 'z': [1.2925410419230784e-05, 1.4508808369838277e-05], 'ux': [-0.001806025341365182, 0.1057068966742627], 'uy': [-0.01885187704097327, 0.14143816326527942], 'uz': [-0.04273384687457323, 0.051135215933967165]}",1259397.0
20.0,0.01%,"('ux','uy','uz','x','y','z')",24.0,GeoIndex,Min-Max,File,None,False,True,True,0.19681930541992188,0.003732442855834961,1.4066696166992188e-05,0.0002624988555908203,,1.3705642223358154,0.21184515953063965,0.04626059532165527,0.12346553802490234,0.037169456481933594,2.030747652053833,12.0,12.0,0.0001,10000.0,hydrogen,"['x','z','ux','uy','y','uz']","{'x': [6.007145774641614e-06, 7.524860149346356e-06], 'y': [8.999284979769986e-06, 1.043098101987121e-05], 'z': [1.2925410419230784e-05, 1.4508808369838277e-05], 'ux': [-0.001806025341365182, 0.1057068966742627], 'uy': [-0.01885187704097327, 0.14143816326527942], 'uz': [-0.04273384687457323, 0.051135215933967165]}",1259397.0
20.0,0.01%,"('ux','uy','uz','x','y','z')",25.0,GeoIndex,Rtree,File,None,False,True,True,0.07625150680541992,0.0007312297821044922,1.1920928955078125e-05,0.0002644062042236328,,1.3716168403625488,0.2102513313293457,0.04608273506164551,0.12116622924804688,0.03662538528442383,1.8794891834259033,12.0,12.0,0.0001,10000.0,hydrogen,"['x','z','ux','uy','y','uz']","{'x': [6.007145774641614e-06, 7.524860149346356e-06], 'y': [8.999284979769986e-06, 1.043098101987121e-05], 'z': [1.2925410419230784e-05, 1.4508808369838277e-05], 'ux': [-0.001806025341365182, 0.1057068966742627], 'uy': [-0.01885187704097327, 0.14143816326527942], 'uz': [-0.04273384687457323, 0.051135215933967165]}",1259397.0
21.0,0.01%,"('ux','uy','uz','x','y','z')",1.0,Original,,,,,False,,,,,,,2275.626182079315,524.9609639644623,723.3238172531128,177.8016664981842,11.25230097770691,3725.209424972534,,,0.000101,10000.0,hydrogen,"['x','ux','z','uz','y','uy']","{'x': [6.616749823945901e-08, 1.6349559432319021e-06], 'y': [1.0295341491620608e-05, 1.1801383931624924e-05], 'z': [8.159245520961385e-06, 9.9409780166667e-06], 'ux': [-0.012869308649738802, 0.018648650962095538], 'uy': [-0.013986331072026043, 0.12884441022937843], 'uz': [-0.030421799138281344, 0.006033423566588956]}",1126709.0
21.0,0.01%,"('ux','uy','uz','x','y','z')",4.0,GeoIndex,Min-Max,File,None,False,True,,0.1861252784729004,0.00377655029296875,1.430511474609375e-05,0.0003256797790527344,,1.303081750869751,0.1853342056274414,0.20602893829345703,0.10081005096435547,0.030923128128051758,2.057220458984375,12.0,12.0,0.000101,10000.0,hydrogen,"['x','ux','z','uz','y','uy']","{'x': [6.616749823945901e-08, 1.6349559432319021e-06], 'y': [1.0295341491620608e-05, 1.1801383931624924e-05], 'z': [8.159245520961385e-06, 9.9409780166667e-06], 'ux': [-0.012869308649738802, 0.018648650962095538], 'uy': [-0.013986331072026043, 0.12884441022937843], 'uz': [-0.030421799138281344, 0.006033423566588956]}",1126709.0
21.0,0.01%,"('ux','uy','uz','x','y','z')",5.0,GeoIndex,Rtree,File,None,False,True,,0.06804132461547852,0.0006864070892333984,1.239776611328125e-05,0.00031256675720214844,,1.3187026977539062,0.21005678176879883,0.21189594268798828,0.1039578914642334,0.03142976760864258,1.9608547687530518,12.0,12.0,0.000101,10000.0,hydrogen,"['x','ux','z','uz','y','uy']","{'x': [6.616749823945901e-08, 1.6349559432319021e-06], 'y': [1.0295341491620608e-05, 1.1801383931624924e-05], 'z': [8.159245520961385e-06, 9.9409780166667e-06], 'ux': [-0.012869308649738802, 0.018648650962095538], 'uy': [-0.013986331072026043, 0.12884441022937843], 'uz': [-0.030421799138281344, 0.006033423566588956]}",1126709.0
21.0,0.01%,"('ux','uy','uz','x','y','z')",22.0,GeoIndex,Min-Max,File,None,True,False,True,0.18709588050842285,0.0037348270416259766,,,6.723403930664062e-05,1.2910912036895752,0.18498802185058594,0.04287219047546387,0.1071312427520752,0.031705617904663086,1.8892710208892822,12.0,12.0,0.000101,10000.0,hydrogen,"['x','ux','z','uz','y','uy']","{'x': [6.616749823945901e-08, 1.6349559432319021e-06], 'y': [1.0295341491620608e-05, 1.1801383931624924e-05], 'z': [8.159245520961385e-06, 9.9409780166667e-06], 'ux': [-0.012869308649738802, 0.018648650962095538], 'uy': [-0.013986331072026043, 0.12884441022937843], 'uz': [-0.030421799138281344, 0.006033423566588956]}",1126709.0
21.0,0.01%,"('ux','uy','uz','x','y','z')",23.0,GeoIndex,Rtree,File,None,True,False,True,0.06818437576293945,0.0006799697875976562,,,6.961822509765625e-05,1.2801854610443115,0.2061450481414795,0.046730995178222656,0.1092219352722168,0.03168010711669922,1.7581696510314941,12.0,12.0,0.000101,10000.0,hydrogen,"['x','ux','z','uz','y','uy']","{'x': [6.616749823945901e-08, 1.6349559432319021e-06], 'y': [1.0295341491620608e-05, 1.1801383931624924e-05], 'z': [8.159245520961385e-06, 9.9409780166667e-06], 'ux': [-0.012869308649738802, 0.018648650962095538], 'uy': [-0.013986331072026043, 0.12884441022937843], 'uz': [-0.030421799138281344, 0.006033423566588956]}",1126709.0
21.0,0.01%,"('ux','uy','uz','x','y','z')",24.0,GeoIndex,Min-Max,File,None,False,True,True,0.18813562393188477,0.003727436065673828,1.4543533325195312e-05,0.00031375885009765625,,1.310460090637207,0.18790555000305176,0.04415750503540039,0.11051154136657715,0.03211402893066406,1.9157414436340332,12.0,12.0,0.000101,10000.0,hydrogen,"['x','ux','z','uz','y','uy']","{'x': [6.616749823945901e-08, 1.6349559432319021e-06], 'y': [1.0295341491620608e-05, 1.1801383931624924e-05], 'z': [8.159245520961385e-06, 9.9409780166667e-06], 'ux': [-0.012869308649738802, 0.018648650962095538], 'uy': [-0.013986331072026043, 0.12884441022937843], 'uz': [-0.030421799138281344, 0.006033423566588956]}",1126709.0
21.0,0.01%,"('ux','uy','uz','x','y','z')",25.0,GeoIndex,Rtree,File,None,False,True,True,0.06819844245910645,0.0007007122039794922,1.239776611328125e-05,0.00030922889709472656,,1.3151283264160156,0.1997849941253662,0.045937299728393555,0.10769844055175781,0.031494855880737305,1.7839117050170898,12.0,12.0,0.000101,10000.0,hydrogen,"['x','ux','z','uz','y','uy']","{'x': [6.616749823945901e-08, 1.6349559432319021e-06], 'y': [1.0295341491620608e-05, 1.1801383931624924e-05], 'z': [8.159245520961385e-06, 9.9409780166667e-06], 'ux': [-0.012869308649738802, 0.018648650962095538], 'uy': [-0.013986331072026043, 0.12884441022937843], 'uz': [-0.030421799138281344, 0.006033423566588956]}",1126709.0
22.0,0.01%,"('ux','uy','uz','x','y','z')",1.0,Original,,,,,False,,,,,,,2269.7204945087433,512.3212344646454,705.6806778907776,176.78321743011475,11.709463596343994,3688.0393302440643,,,0.000101,10000.0,hydrogen,"['y','uz','x','z','ux']","{'x': [1.0384559037757239e-05, 1.1691648982036184e-05], 'y': [5.822872589337549e-06, 7.568683500666211e-06], 'z': [3.561845483603873e-05, 3.739920180589358e-05], 'ux': [-0.016143065664916745, -0.010676745976879612], 'uy': [-0.004216765459479108, -0.0016586430710140538], 'uz': [0.015151580992514286, 0.017842702228061297]}",1208216.0
22.0,0.01%,"('ux','uy','uz','x','y','z')",4.0,GeoIndex,Min-Max,File,None,False,True,,0.11650395393371582,0.0030329227447509766,1.5020370483398438e-05,0.00040268898010253906,,1.842984914779663,0.29671216011047363,0.3301687240600586,0.16381549835205078,0.04015636444091797,2.8198444843292236,17.0,17.0,0.000101,10000.0,hydrogen,"['y','uz','x','z','ux']","{'x': [1.0384559037757239e-05, 1.1691648982036184e-05], 'y': [5.822872589337549e-06, 7.568683500666211e-06], 'z': [3.561845483603873e-05, 3.739920180589358e-05], 'ux': [-0.016143065664916745, -0.010676745976879612], 'uy': [-0.004216765459479108, -0.0016586430710140538], 'uz': [0.015151580992514286, 0.017842702228061297]}",1208216.0
22.0,0.01%,"('ux','uy','uz','x','y','z')",5.0,GeoIndex,Rtree,File,None,False,True,,0.04073596000671387,0.0001308917999267578,1.33514404296875e-05,0.00039839744567871094,,1.7538161277770996,0.2923548221588135,0.3194394111633301,0.15240836143493652,0.03965568542480469,2.609923839569092,17.0,17.0,0.000101,10000.0,hydrogen,"['y','uz','x','z','ux']","{'x': [1.0384559037757239e-05, 1.1691648982036184e-05], 'y': [5.822872589337549e-06, 7.568683500666211e-06], 'z': [3.561845483603873e-05, 3.739920180589358e-05], 'ux': [-0.016143065664916745, -0.010676745976879612], 'uy': [-0.004216765459479108, -0.0016586430710140538], 'uz': [0.015151580992514286, 0.017842702228061297]}",1208216.0
22.0,0.01%,"('ux','uy','uz','x','y','z')",22.0,GeoIndex,Min-Max,File,None,True,False,True,0.11633849143981934,0.0030367374420166016,,,8.7738037109375e-05,1.8042595386505127,0.283064603805542,0.053421735763549805,0.16617822647094727,0.04010319709777832,2.4916040897369385,17.0,17.0,0.000101,10000.0,hydrogen,"['y','uz','x','z','ux']","{'x': [1.0384559037757239e-05, 1.1691648982036184e-05], 'y': [5.822872589337549e-06, 7.568683500666211e-06], 'z': [3.561845483603873e-05, 3.739920180589358e-05], 'ux': [-0.016143065664916745, -0.010676745976879612], 'uy': [-0.004216765459479108, -0.0016586430710140538], 'uz': [0.015151580992514286, 0.017842702228061297]}",1208216.0
22.0,0.01%,"('ux','uy','uz','x','y','z')",23.0,GeoIndex,Rtree,File,None,True,False,True,0.04102492332458496,0.00013184547424316406,,,8.511543273925781e-05,1.741044282913208,0.28461766242980957,0.05418848991394043,0.16817975044250488,0.040377140045166016,2.3398592472076416,17.0,17.0,0.000101,10000.0,hydrogen,"['y','uz','x','z','ux']","{'x': [1.0384559037757239e-05, 1.1691648982036184e-05], 'y': [5.822872589337549e-06, 7.568683500666211e-06], 'z': [3.561845483603873e-05, 3.739920180589358e-05], 'ux': [-0.016143065664916745, -0.010676745976879612], 'uy': [-0.004216765459479108, -0.0016586430710140538], 'uz': [0.015151580992514286, 0.017842702228061297]}",1208216.0
22.0,0.01%,"('ux','uy','uz','x','y','z')",24.0,GeoIndex,Min-Max,File,None,False,True,True,0.11498212814331055,0.0030214786529541016,1.71661376953125e-05,0.00040030479431152344,,1.8279531002044678,0.28043079376220703,0.05342292785644531,0.16527676582336426,0.04033684730529785,2.5113487243652344,17.0,17.0,0.000101,10000.0,hydrogen,"['y','uz','x','z','ux']","{'x': [1.0384559037757239e-05, 1.1691648982036184e-05], 'y': [5.822872589337549e-06, 7.568683500666211e-06], 'z': [3.561845483603873e-05, 3.739920180589358e-05], 'ux': [-0.016143065664916745, -0.010676745976879612], 'uy': [-0.004216765459479108, -0.0016586430710140538], 'uz': [0.015151580992514286, 0.017842702228061297]}",1208216.0
22.0,0.01%,"('ux','uy','uz','x','y','z')",25.0,GeoIndex,Rtree,File,None,False,True,True,0.04097270965576172,0.0001251697540283203,1.33514404296875e-05,0.00039958953857421875,,1.7732744216918945,0.2749300003051758,0.05198407173156738,0.16022896766662598,0.03948211669921875,2.3512706756591797,17.0,17.0,0.000101,10000.0,hydrogen,"['y','uz','x','z','ux']","{'x': [1.0384559037757239e-05, 1.1691648982036184e-05], 'y': [5.822872589337549e-06, 7.568683500666211e-06], 'z': [3.561845483603873e-05, 3.739920180589358e-05], 'ux': [-0.016143065664916745, -0.010676745976879612], 'uy': [-0.004216765459479108, -0.0016586430710140538], 'uz': [0.015151580992514286, 0.017842702228061297]}",1208216.0
23.0,0.01%,"('ux','uy','uz','x','y','z')",1.0,Original,,,,,False,,,,,,,2265.181510925293,564.541677236557,662.3022871017456,174.52596616744995,10.044150590896606,3688.222405195236,,,0.000101,10000.0,hydrogen,"['x','ux','uz','z','uy','y']","{'x': [-4.550766593328051e-06, -2.9492271851245675e-06], 'y': [6.083255884171415e-06, 7.463517664861497e-06], 'z': [-2.9328768418293335e-05, -2.7853210440864383e-05], 'ux': [0.0014241370395022277, 0.0026030440870416904], 'uy': [-0.005671766737671413, -0.0042529922221424534], 'uz': [-0.008457362424683642, -0.005740651980780868]}",1121894.0
23.0,0.01%,"('ux','uy','uz','x','y','z')",4.0,GeoIndex,Min-Max,File,None,False,True,,0.11742186546325684,0.0035953521728515625,1.2874603271484375e-05,0.00011467933654785156,,0.8933947086334229,0.14623618125915527,0.1429438591003418,0.06830787658691406,0.03313040733337402,1.4291298389434814,6.0,6.0,0.000101,10000.0,hydrogen,"['x','ux','uz','z','uy','y']","{'x': [-4.550766593328051e-06, -2.9492271851245675e-06], 'y': [6.083255884171415e-06, 7.463517664861497e-06], 'z': [-2.9328768418293335e-05, -2.7853210440864383e-05], 'ux': [0.0014241370395022277, 0.0026030440870416904], 'uy': [-0.005671766737671413, -0.0042529922221424534], 'uz': [-0.008457362424683642, -0.005740651980780868]}",1121894.0
23.0,0.01%,"('ux','uy','uz','x','y','z')",5.0,GeoIndex,Rtree,File,None,False,True,,0.04206037521362305,0.0001285076141357422,1.0013580322265625e-05,0.00011444091796875,,0.8752627372741699,0.13432979583740234,0.14213323593139648,0.0641169548034668,0.030541181564331055,1.297044277191162,6.0,6.0,0.000101,10000.0,hydrogen,"['x','ux','uz','z','uy','y']","{'x': [-4.550766593328051e-06, -2.9492271851245675e-06], 'y': [6.083255884171415e-06, 7.463517664861497e-06], 'z': [-2.9328768418293335e-05, -2.7853210440864383e-05], 'ux': [0.0014241370395022277, 0.0026030440870416904], 'uy': [-0.005671766737671413, -0.0042529922221424534], 'uz': [-0.008457362424683642, -0.005740651980780868]}",1121894.0
23.0,0.01%,"('ux','uy','uz','x','y','z')",22.0,GeoIndex,Min-Max,File,None,True,False,True,0.11628484725952148,0.003606081008911133,,,4.506111145019531e-05,0.8794364929199219,0.1352694034576416,0.03816580772399902,0.06748366355895996,0.031499385833740234,1.2927982807159424,6.0,6.0,0.000101,10000.0,hydrogen,"['x','ux','uz','z','uy','y']","{'x': [-4.550766593328051e-06, -2.9492271851245675e-06], 'y': [6.083255884171415e-06, 7.463517664861497e-06], 'z': [-2.9328768418293335e-05, -2.7853210440864383e-05], 'ux': [0.0014241370395022277, 0.0026030440870416904], 'uy': [-0.005671766737671413, -0.0042529922221424534], 'uz': [-0.008457362424683642, -0.005740651980780868]}",1121894.0
23.0,0.01%,"('ux','uy','uz','x','y','z')",23.0,GeoIndex,Rtree,File,None,True,False,True,0.04222297668457031,0.0001327991485595703,,,4.4345855712890625e-05,0.8747775554656982,0.13743233680725098,0.03862810134887695,0.06923532485961914,0.03121209144592285,1.2001690864562988,6.0,6.0,0.000101,10000.0,hydrogen,"['x','ux','uz','z','uy','y']","{'x': [-4.550766593328051e-06, -2.9492271851245675e-06], 'y': [6.083255884171415e-06, 7.463517664861497e-06], 'z': [-2.9328768418293335e-05, -2.7853210440864383e-05], 'ux': [0.0014241370395022277, 0.0026030440870416904], 'uy': [-0.005671766737671413, -0.0042529922221424534], 'uz': [-0.008457362424683642, -0.005740651980780868]}",1121894.0
23.0,0.01%,"('ux','uy','uz','x','y','z')",24.0,GeoIndex,Min-Max,File,None,False,True,True,0.11648225784301758,0.003777027130126953,1.239776611328125e-05,0.00011372566223144531,,0.9081840515136719,0.15280675888061523,0.04775714874267578,0.06690740585327148,0.03409242630004883,1.3528506755828857,6.0,6.0,0.000101,10000.0,hydrogen,"['x','ux','uz','z','uy','y']","{'x': [-4.550766593328051e-06, -2.9492271851245675e-06], 'y': [6.083255884171415e-06, 7.463517664861497e-06], 'z': [-2.9328768418293335e-05, -2.7853210440864383e-05], 'ux': [0.0014241370395022277, 0.0026030440870416904], 'uy': [-0.005671766737671413, -0.0042529922221424534], 'uz': [-0.008457362424683642, -0.005740651980780868]}",1121894.0
23.0,0.01%,"('ux','uy','uz','x','y','z')",25.0,GeoIndex,Rtree,File,None,False,True,True,0.04231548309326172,0.0001308917999267578,9.059906005859375e-06,0.00011897087097167969,,0.892087459564209,0.14971065521240234,0.046927452087402344,0.06470918655395508,0.032979726791381836,1.2364513874053955,6.0,6.0,0.000101,10000.0,hydrogen,"['x','ux','uz','z','uy','y']","{'x': [-4.550766593328051e-06, -2.9492271851245675e-06], 'y': [6.083255884171415e-06, 7.463517664861497e-06], 'z': [-2.9328768418293335e-05, -2.7853210440864383e-05], 'ux': [0.0014241370395022277, 0.0026030440870416904], 'uy': [-0.005671766737671413, -0.0042529922221424534], 'uz': [-0.008457362424683642, -0.005740651980780868]}",1121894.0
24.0,0.01%,"('ux','uy','uz','x','y','z')",1.0,Original,,,,,False,,,,,,,2262.5963804721832,540.0983943939209,692.125194311142,174.81809377670288,10.065589189529419,3691.840759754181,,,0.0001,10000.0,hydrogen,"['uz','x','ux','y']","{'x': [1.0253647164875354e-05, 1.2246555220155619e-05], 'y': [-4.7374486186949614e-06, -2.7627454510152018e-06], 'z': [-5.197350719699611e-06, -3.684247987477589e-06], 'ux': [-0.013301566720435226, 0.14421606271898849], 'uy': [-0.049057076367237086, 0.0006162859012357383], 'uz': [-0.08148771564331295, 0.05681946026729112]}",1317788.0
24.0,0.01%,"('ux','uy','uz','x','y','z')",4.0,GeoIndex,Min-Max,File,None,False,True,,0.1939702033996582,0.0036034584045410156,1.2159347534179688e-05,9.870529174804688e-05,,0.8057003021240234,0.12850189208984375,0.10661745071411133,0.04873943328857422,0.03547811508178711,1.3642821311950684,6.0,6.0,0.0001,10000.0,hydrogen,"['uz','x','ux','y']","{'x': [1.0253647164875354e-05, 1.2246555220155619e-05], 'y': [-4.7374486186949614e-06, -2.7627454510152018e-06], 'z': [-5.197350719699611e-06, -3.684247987477589e-06], 'ux': [-0.013301566720435226, 0.14421606271898849], 'uy': [-0.049057076367237086, 0.0006162859012357383], 'uz': [-0.08148771564331295, 0.05681946026729112]}",1317788.0
24.0,0.01%,"('ux','uy','uz','x','y','z')",5.0,GeoIndex,Rtree,File,None,False,True,,0.07189083099365234,0.0007042884826660156,1.049041748046875e-05,9.608268737792969e-05,,0.8111588954925537,0.12830424308776855,0.10945248603820801,0.05160784721374512,0.033022403717041016,1.2211558818817139,6.0,6.0,0.0001,10000.0,hydrogen,"['uz','x','ux','y']","{'x': [1.0253647164875354e-05, 1.2246555220155619e-05], 'y': [-4.7374486186949614e-06, -2.7627454510152018e-06], 'z': [-5.197350719699611e-06, -3.684247987477589e-06], 'ux': [-0.013301566720435226, 0.14421606271898849], 'uy': [-0.049057076367237086, 0.0006162859012357383], 'uz': [-0.08148771564331295, 0.05681946026729112]}",1317788.0
24.0,0.01%,"('ux','uy','uz','x','y','z')",22.0,GeoIndex,Min-Max,File,None,True,False,True,0.19095206260681152,0.0036606788635253906,,,4.458427429199219e-05,0.8106145858764648,0.11816549301147461,0.04859590530395508,0.05151653289794922,0.033702850341796875,1.2967751026153564,6.0,6.0,0.0001,10000.0,hydrogen,"['uz','x','ux','y']","{'x': [1.0253647164875354e-05, 1.2246555220155619e-05], 'y': [-4.7374486186949614e-06, -2.7627454510152018e-06], 'z': [-5.197350719699611e-06, -3.684247987477589e-06], 'ux': [-0.013301566720435226, 0.14421606271898849], 'uy': [-0.049057076367237086, 0.0006162859012357383], 'uz': [-0.08148771564331295, 0.05681946026729112]}",1317788.0
24.0,0.01%,"('ux','uy','uz','x','y','z')",23.0,GeoIndex,Rtree,File,None,True,False,True,0.07189083099365234,0.0007090568542480469,,,4.291534423828125e-05,0.7860538959503174,0.11480903625488281,0.04893136024475098,0.050137996673583984,0.03282809257507324,1.1183550357818604,6.0,6.0,0.0001,10000.0,hydrogen,"['uz','x','ux','y']","{'x': [1.0253647164875354e-05, 1.2246555220155619e-05], 'y': [-4.7374486186949614e-06, -2.7627454510152018e-06], 'z': [-5.197350719699611e-06, -3.684247987477589e-06], 'ux': [-0.013301566720435226, 0.14421606271898849], 'uy': [-0.049057076367237086, 0.0006162859012357383], 'uz': [-0.08148771564331295, 0.05681946026729112]}",1317788.0
24.0,0.01%,"('ux','uy','uz','x','y','z')",24.0,GeoIndex,Min-Max,File,None,False,True,True,0.19341278076171875,0.003756284713745117,1.239776611328125e-05,9.751319885253906e-05,,0.802147626876831,0.11989760398864746,0.04802846908569336,0.0496821403503418,0.0354771614074707,1.2927603721618652,6.0,6.0,0.0001,10000.0,hydrogen,"['uz','x','ux','y']","{'x': [1.0253647164875354e-05, 1.2246555220155619e-05], 'y': [-4.7374486186949614e-06, -2.7627454510152018e-06], 'z': [-5.197350719699611e-06, -3.684247987477589e-06], 'ux': [-0.013301566720435226, 0.14421606271898849], 'uy': [-0.049057076367237086, 0.0006162859012357383], 'uz': [-0.08148771564331295, 0.05681946026729112]}",1317788.0
24.0,0.01%,"('ux','uy','uz','x','y','z')",25.0,GeoIndex,Rtree,File,None,False,True,True,0.07279372215270996,0.0007171630859375,9.775161743164062e-06,9.822845458984375e-05,,0.8158855438232422,0.12089347839355469,0.04868650436401367,0.05071830749511719,0.036144256591796875,1.1605286598205566,6.0,6.0,0.0001,10000.0,hydrogen,"['uz','x','ux','y']","{'x': [1.0253647164875354e-05, 1.2246555220155619e-05], 'y': [-4.7374486186949614e-06, -2.7627454510152018e-06], 'z': [-5.197350719699611e-06, -3.684247987477589e-06], 'ux': [-0.013301566720435226, 0.14421606271898849], 'uy': [-0.049057076367237086, 0.0006162859012357383], 'uz': [-0.08148771564331295, 0.05681946026729112]}",1317788.0
25.0,0.01%,"('ux','uy','uz')",1.0,Original,,,,,False,,,,,,,1104.2138850688934,305.0515048503876,661.5943584442139,108.45039463043213,10.090516328811646,2197.0728554725647,,,0.0001,10000.0,hydrogen,"['ux','uz','uy']","{'ux': [0.0014060653890451123, 0.001927337777321431], 'uy': [-0.005066454912478374, -0.004307481558608517], 'uz': [-0.006497388768161738, -0.005548808449444877]}",1306398.0
25.0,0.01%,"('ux','uy','uz')",4.0,GeoIndex,Min-Max,File,None,False,True,,0.0811617374420166,0.005872011184692383,0.0016379356384277344,0.1432816982269287,,96.77279567718506,19.45623230934143,39.528465270996094,15.551366090774536,1.578425407409668,173.88177680969238,2456.0,1656.0,0.0001,10000.0,hydrogen,"['ux','uz','uy']","{'ux': [0.0014060653890451123, 0.001927337777321431], 'uy': [-0.005066454912478374, -0.004307481558608517], 'uz': [-0.006497388768161738, -0.005548808449444877]}",1306398.0
25.0,0.01%,"('ux','uy','uz')",5.0,GeoIndex,Rtree,File,None,False,True,,0.025916576385498047,,0.0013496875762939453,0.14578890800476074,,96.8325080871582,19.654288053512573,40.01409697532654,15.25399398803711,1.5628488063812256,174.23899006843567,2456.0,1656.0,0.0001,10000.0,hydrogen,"['ux','uz','uy']","{'ux': [0.0014060653890451123, 0.001927337777321431], 'uy': [-0.005066454912478374, -0.004307481558608517], 'uz': [-0.006497388768161738, -0.005548808449444877]}",1306398.0
25.0,0.01%,"('ux','uy','uz')",22.0,GeoIndex,Min-Max,File,None,True,False,True,0.08156800270080566,0.005991697311401367,,,0.010649919509887695,119.02363181114197,17.61195731163025,1.5707626342773438,15.248910665512085,1.555593729019165,155.59765672683716,2456.0,2456.0,0.0001,10000.0,hydrogen,"['ux','uz','uy']","{'ux': [0.0014060653890451123, 0.001927337777321431], 'uy': [-0.005066454912478374, -0.004307481558608517], 'uz': [-0.006497388768161738, -0.005548808449444877]}",1306398.0
25.0,0.01%,"('ux','uy','uz')",23.0,GeoIndex,Rtree,File,None,True,False,True,0.025487899780273438,,,,0.010551214218139648,109.69892001152039,18.342244148254395,1.5908653736114502,15.623978853225708,1.5746312141418457,147.3545205593109,2456.0,2456.0,0.0001,10000.0,hydrogen,"['ux','uz','uy']","{'ux': [0.0014060653890451123, 0.001927337777321431], 'uy': [-0.005066454912478374, -0.004307481558608517], 'uz': [-0.006497388768161738, -0.005548808449444877]}",1306398.0
25.0,0.01%,"('ux','uy','uz')",24.0,GeoIndex,Min-Max,File,None,False,True,True,0.08075118064880371,0.005737781524658203,0.001617431640625,0.1565999984741211,,95.98592782020569,19.064111948013306,1.5706663131713867,14.97834825515747,1.5557847023010254,133.8869333267212,2456.0,1656.0,0.0001,10000.0,hydrogen,"['ux','uz','uy']","{'ux': [0.0014060653890451123, 0.001927337777321431], 'uy': [-0.005066454912478374, -0.004307481558608517], 'uz': [-0.006497388768161738, -0.005548808449444877]}",1306398.0
25.0,0.01%,"('ux','uy','uz')",25.0,GeoIndex,Rtree,File,None,False,True,True,0.025506973266601562,,0.0013356208801269531,0.14715361595153809,,106.71371412277222,19.531026601791382,1.5725789070129395,15.521389484405518,1.556344747543335,145.55010080337524,2456.0,1656.0,0.0001,10000.0,hydrogen,"['ux','uz','uy']","{'ux': [0.0014060653890451123, 0.001927337777321431], 'uy': [-0.005066454912478374, -0.004307481558608517], 'uz': [-0.006497388768161738, -0.005548808449444877]}",1306398.0
26.0,0.01%,"('ux','uy','uz')",1.0,Original,,,,,False,,,,,,,1155.6140229701996,225.38933730125427,513.8233709335327,88.43279457092285,9.537851810455322,2000.1852478981018,,,0.0001,10000.0,hydrogen,"['uy','uz','ux']","{'ux': [0.00073111441051823, 0.0009652934749641775], 'uy': [0.0029504728567101833, 0.0033566289708581534], 'uz': [-0.003019550872340621, -0.0027434803381523112]}",1208275.0
26.0,0.01%,"('ux','uy','uz')",4.0,GeoIndex,Min-Max,File,None,False,True,,0.0858907699584961,0.005836963653564453,0.001708984375,0.16190505027770996,,106.27152609825134,22.700212955474854,45.865405559539795,16.674968481063843,1.7402894496917725,194.355553150177,2765.0,1772.0,0.0001,10000.0,hydrogen,"['uy','uz','ux']","{'ux': [0.00073111441051823, 0.0009652934749641775], 'uy': [0.0029504728567101833, 0.0033566289708581534], 'uz': [-0.003019550872340621, -0.0027434803381523112]}",1208275.0
26.0,0.01%,"('ux','uy','uz')",5.0,GeoIndex,Rtree,File,None,False,True,,0.02667546272277832,,0.0014052391052246094,0.1643509864807129,,106.3320300579071,22.583198070526123,46.191516160964966,16.843332529067993,1.7459402084350586,194.728196144104,2765.0,1772.0,0.0001,10000.0,hydrogen,"['uy','uz','ux']","{'ux': [0.00073111441051823, 0.0009652934749641775], 'uy': [0.0029504728567101833, 0.0033566289708581534], 'uz': [-0.003019550872340621, -0.0027434803381523112]}",1208275.0
26.0,0.01%,"('ux','uy','uz')",22.0,GeoIndex,Min-Max,File,None,True,False,True,0.08668732643127441,0.0057985782623291016,,,0.011716127395629883,125.05131506919861,20.597546100616455,1.7957701683044434,17.879872798919678,1.7765402793884277,167.76864051818848,2765.0,2765.0,0.0001,10000.0,hydrogen,"['uy','uz','ux']","{'ux': [0.00073111441051823, 0.0009652934749641775], 'uy': [0.0029504728567101833, 0.0033566289708581534], 'uz': [-0.003019550872340621, -0.0027434803381523112]}",1208275.0
26.0,0.01%,"('ux','uy','uz')",23.0,GeoIndex,Rtree,File,None,True,False,True,0.026504993438720703,,,,0.01151275634765625,120.29101181030273,19.480976104736328,1.7524642944335938,16.614027738571167,1.7362964153289795,160.44008564949036,2765.0,2765.0,0.0001,10000.0,hydrogen,"['uy','uz','ux']","{'ux': [0.00073111441051823, 0.0009652934749641775], 'uy': [0.0029504728567101833, 0.0033566289708581534], 'uz': [-0.003019550872340621, -0.0027434803381523112]}",1208275.0
26.0,0.01%,"('ux','uy','uz')",24.0,GeoIndex,Min-Max,File,None,False,True,True,0.08690142631530762,0.0060694217681884766,0.0017080307006835938,0.16431188583374023,,106.59579610824585,21.30306839942932,1.7555372714996338,16.64977526664734,1.7389025688171387,148.8464047908783,2765.0,1772.0,0.0001,10000.0,hydrogen,"['uy','uz','ux']","{'ux': [0.00073111441051823, 0.0009652934749641775], 'uy': [0.0029504728567101833, 0.0033566289708581534], 'uz': [-0.003019550872340621, -0.0027434803381523112]}",1208275.0
26.0,0.01%,"('ux','uy','uz')",25.0,GeoIndex,Rtree,File,None,False,True,True,0.026627063751220703,,0.0014278888702392578,0.16275405883789062,,113.99881291389465,21.511000871658325,1.7613942623138428,17.466203927993774,1.766559362411499,157.24500370025635,2765.0,1772.0,0.0001,10000.0,hydrogen,"['uy','uz','ux']","{'ux': [0.00073111441051823, 0.0009652934749641775], 'uy': [0.0029504728567101833, 0.0033566289708581534], 'uz': [-0.003019550872340621, -0.0027434803381523112]}",1208275.0
27.0,0.01%,"('ux','uy','uz')",1.0,Original,,,,,False,,,,,,,1107.6543788909912,266.12712502479553,633.9117567539215,92.03336119651794,10.056904554367065,2117.327749490738,,,0.0001,10000.0,hydrogen,"['uy','uz','ux']","{'ux': [0.004624664950296377, 0.009066766833675771], 'uy': [-0.0005156767125441897, 0.000427884898495154], 'uz': [-0.027360222766600637, -0.022171020453562815]}",1312011.0
27.0,0.01%,"('ux','uy','uz')",4.0,GeoIndex,Min-Max,File,None,False,True,,0.08768129348754883,0.004617929458618164,0.0017375946044921875,0.17735910415649414,,111.76766848564148,26.419667959213257,51.83092761039734,21.323519229888916,2.468174934387207,215.1950442790985,2962.0,1750.0,0.0001,10000.0,hydrogen,"['uy','uz','ux']","{'ux': [0.004624664950296377, 0.009066766833675771], 'uy': [-0.0005156767125441897, 0.000427884898495154], 'uz': [-0.027360222766600637, -0.022171020453562815]}",1312011.0
27.0,0.01%,"('ux','uy','uz')",5.0,GeoIndex,Rtree,File,None,False,True,,0.02722477912902832,,0.0014505386352539062,0.16329360008239746,,124.17976641654968,29.20602774620056,52.60766291618347,20.41690421104431,2.198204755783081,229.7432417869568,2962.0,1750.0,0.0001,10000.0,hydrogen,"['uy','uz','ux']","{'ux': [0.004624664950296377, 0.009066766833675771], 'uy': [-0.0005156767125441897, 0.000427884898495154], 'uz': [-0.027360222766600637, -0.022171020453562815]}",1312011.0
27.0,0.01%,"('ux','uy','uz')",22.0,GeoIndex,Min-Max,File,None,True,False,True,0.08701229095458984,0.004464626312255859,,,0.012598514556884766,140.08659672737122,22.708378791809082,2.5103862285614014,22.183446168899536,2.5044405460357666,190.71858978271484,2962.0,2962.0,0.0001,10000.0,hydrogen,"['uy','uz','ux']","{'ux': [0.004624664950296377, 0.009066766833675771], 'uy': [-0.0005156767125441897, 0.000427884898495154], 'uz': [-0.027360222766600637, -0.022171020453562815]}",1312011.0
27.0,0.01%,"('ux','uy','uz')",23.0,GeoIndex,Rtree,File,None,True,False,True,0.027434110641479492,,,,0.012223958969116211,131.74526453018188,21.230276107788086,1.9672236442565918,19.198150873184204,1.950563669204712,176.70861315727234,2962.0,2962.0,0.0001,10000.0,hydrogen,"['uy','uz','ux']","{'ux': [0.004624664950296377, 0.009066766833675771], 'uy': [-0.0005156767125441897, 0.000427884898495154], 'uz': [-0.027360222766600637, -0.022171020453562815]}",1312011.0
27.0,0.01%,"('ux','uy','uz')",24.0,GeoIndex,Min-Max,File,None,False,True,True,0.08828520774841309,0.0044672489166259766,0.0017406940460205078,0.16599035263061523,,113.73076152801514,24.62554121017456,2.485844373703003,21.599133729934692,2.4843404293060303,165.93237018585205,2962.0,1750.0,0.0001,10000.0,hydrogen,"['uy','uz','ux']","{'ux': [0.004624664950296377, 0.009066766833675771], 'uy': [-0.0005156767125441897, 0.000427884898495154], 'uz': [-0.027360222766600637, -0.022171020453562815]}",1312011.0
27.0,0.01%,"('ux','uy','uz')",25.0,GeoIndex,Rtree,File,None,False,True,True,0.02753305435180664,,0.001455545425415039,0.16789031028747559,,120.95524430274963,24.604161739349365,1.942086935043335,20.655247688293457,1.9268136024475098,170.8699767589569,2962.0,1750.0,0.0001,10000.0,hydrogen,"['uy','uz','ux']","{'ux': [0.004624664950296377, 0.009066766833675771], 'uy': [-0.0005156767125441897, 0.000427884898495154], 'uz': [-0.027360222766600637, -0.022171020453562815]}",1312011.0
28.0,0.01%,"('ux','uy','uz')",1.0,Original,,,,,False,,,,,,,1148.8231418132782,229.2239031791687,521.5258712768555,91.70637464523315,9.995416641235352,2008.7505509853363,,,0.0001,10000.0,hydrogen,"['uz','uy']","{'ux': [0.0005482070946088165, 0.002440026102593058], 'uy': [-0.0009394281248871135, -0.0005590241466573552], 'uz': [-0.023057752150782807, -0.0195931158377692]}",1317106.0
28.0,0.01%,"('ux','uy','uz')",4.0,GeoIndex,Min-Max,File,None,False,True,,0.09129786491394043,0.0073125362396240234,0.001810312271118164,0.18016266822814941,,120.0043351650238,27.01675820350647,55.706666231155396,22.791483402252197,2.5908846855163574,229.5941038131714,3055.0,1886.0,0.0001,10000.0,hydrogen,"['uz','uy']","{'ux': [0.0005482070946088165, 0.002440026102593058], 'uy': [-0.0009394281248871135, -0.0005590241466573552], 'uz': [-0.023057752150782807, -0.0195931158377692]}",1317106.0
28.0,0.01%,"('ux','uy','uz')",5.0,GeoIndex,Rtree,File,None,False,True,,0.027708768844604492,,0.0014972686767578125,0.1838550567626953,,121.80633854866028,26.454846382141113,55.56084966659546,19.875180959701538,1.9972708225250244,227.6414234638214,3055.0,1886.0,0.0001,10000.0,hydrogen,"['uz','uy']","{'ux': [0.0005482070946088165, 0.002440026102593058], 'uy': [-0.0009394281248871135, -0.0005590241466573552], 'uz': [-0.023057752150782807, -0.0195931158377692]}",1317106.0
28.0,0.01%,"('ux','uy','uz')",22.0,GeoIndex,Min-Max,File,None,True,False,True,0.0901491641998291,0.007322788238525391,,,0.012904644012451172,140.2986752986908,23.718584299087524,2.6190712451934814,23.667736530303955,2.6229653358459473,193.8909466266632,3055.0,3055.0,0.0001,10000.0,hydrogen,"['uz','uy']","{'ux': [0.0005482070946088165, 0.002440026102593058], 'uy': [-0.0009394281248871135, -0.0005590241466573552], 'uz': [-0.023057752150782807, -0.0195931158377692]}",1317106.0
28.0,0.01%,"('ux','uy','uz')",23.0,GeoIndex,Rtree,File,None,True,False,True,0.02790069580078125,,,,0.012802600860595703,146.94973349571228,23.138684034347534,2.622025489807129,23.531620025634766,2.619750738143921,199.74091219902039,3055.0,3055.0,0.0001,10000.0,hydrogen,"['uz','uy']","{'ux': [0.0005482070946088165, 0.002440026102593058], 'uy': [-0.0009394281248871135, -0.0005590241466573552], 'uz': [-0.023057752150782807, -0.0195931158377692]}",1317106.0
28.0,0.01%,"('ux','uy','uz')",24.0,GeoIndex,Min-Max,File,None,False,True,True,0.08886361122131348,0.007311582565307617,0.0016858577728271484,0.17868733406066895,,119.40336394309998,25.405232429504395,2.595468044281006,22.86242365837097,2.5918896198272705,173.97125816345215,3055.0,1886.0,0.0001,10000.0,hydrogen,"['uz','uy']","{'ux': [0.0005482070946088165, 0.002440026102593058], 'uy': [-0.0009394281248871135, -0.0005590241466573552], 'uz': [-0.023057752150782807, -0.0195931158377692]}",1317106.0
28.0,0.01%,"('ux','uy','uz')",25.0,GeoIndex,Rtree,File,None,False,True,True,0.027818918228149414,,0.0014920234680175781,0.17810368537902832,,127.93148684501648,26.857956409454346,2.6281750202178955,24.199925184249878,2.399873733520508,184.9846112728119,3055.0,1886.0,0.0001,10000.0,hydrogen,"['uz','uy']","{'ux': [0.0005482070946088165, 0.002440026102593058], 'uy': [-0.0009394281248871135, -0.0005590241466573552], 'uz': [-0.023057752150782807, -0.0195931158377692]}",1317106.0
29.0,0.01%,"('ux','uy','uz','x','y','z')",1.0,Original,,,,,False,,,,,,,2262.610506772995,563.8855628967285,686.6020300388336,173.95526099205017,10.004967212677002,3709.219540834427,,,0.0001,10000.0,hydrogen,"['z','uy','ux','x']","{'x': [2.7496137543790596e-06, 4.635819872789621e-06], 'y': [-1.1999989434582632e-05, -1.0505229436320425e-05], 'z': [5.2462210708949075e-06, 6.8759934101121306e-06], 'ux': [-0.001877112801826817, 0.04115010441330852], 'uy': [-0.11945666371243434, 0.02047461747604866], 'uz': [-0.01719627517058548, 0.01936996373013499]}",1084789.0
29.0,0.01%,"('ux','uy','uz','x','y','z')",4.0,GeoIndex,Min-Max,File,None,False,True,,0.1863234043121338,0.004320859909057617,1.3113021850585938e-05,0.00010776519775390625,,0.7697925567626953,0.11419844627380371,0.09484028816223145,0.04306745529174805,0.02987051010131836,1.282292127609253,6.0,6.0,0.0001,10000.0,hydrogen,"['z','uy','ux','x']","{'x': [2.7496137543790596e-06, 4.635819872789621e-06], 'y': [-1.1999989434582632e-05, -1.0505229436320425e-05], 'z': [5.2462210708949075e-06, 6.8759934101121306e-06], 'ux': [-0.001877112801826817, 0.04115010441330852], 'uy': [-0.11945666371243434, 0.02047461747604866], 'uz': [-0.01719627517058548, 0.01936996373013499]}",1084789.0
29.0,0.01%,"('ux','uy','uz','x','y','z')",5.0,GeoIndex,Rtree,File,None,False,True,,0.06944894790649414,0.0006873607635498047,9.298324584960938e-06,0.0001068115234375,,0.7586829662322998,0.10430765151977539,0.08982729911804199,0.041604042053222656,0.02919292449951172,1.1079223155975342,6.0,6.0,0.0001,10000.0,hydrogen,"['z','uy','ux','x']","{'x': [2.7496137543790596e-06, 4.635819872789621e-06], 'y': [-1.1999989434582632e-05, -1.0505229436320425e-05], 'z': [5.2462210708949075e-06, 6.8759934101121306e-06], 'ux': [-0.001877112801826817, 0.04115010441330852], 'uy': [-0.11945666371243434, 0.02047461747604866], 'uz': [-0.01719627517058548, 0.01936996373013499]}",1084789.0
29.0,0.01%,"('ux','uy','uz','x','y','z')",22.0,GeoIndex,Min-Max,File,None,True,False,True,0.18657445907592773,0.004366636276245117,,,4.482269287109375e-05,0.7818706035614014,0.0994722843170166,0.040947914123535156,0.04293227195739746,0.029889822006225586,1.224121332168579,6.0,6.0,0.0001,10000.0,hydrogen,"['z','uy','ux','x']","{'x': [2.7496137543790596e-06, 4.635819872789621e-06], 'y': [-1.1999989434582632e-05, -1.0505229436320425e-05], 'z': [5.2462210708949075e-06, 6.8759934101121306e-06], 'ux': [-0.001877112801826817, 0.04115010441330852], 'uy': [-0.11945666371243434, 0.02047461747604866], 'uz': [-0.01719627517058548, 0.01936996373013499]}",1084789.0
29.0,0.01%,"('ux','uy','uz','x','y','z')",23.0,GeoIndex,Rtree,File,None,True,False,True,0.0688776969909668,0.0006821155548095703,,,4.291534423828125e-05,0.7481927871704102,0.09758543968200684,0.04038667678833008,0.04142332077026367,0.029138565063476562,1.0382599830627441,6.0,6.0,0.0001,10000.0,hydrogen,"['z','uy','ux','x']","{'x': [2.7496137543790596e-06, 4.635819872789621e-06], 'y': [-1.1999989434582632e-05, -1.0505229436320425e-05], 'z': [5.2462210708949075e-06, 6.8759934101121306e-06], 'ux': [-0.001877112801826817, 0.04115010441330852], 'uy': [-0.11945666371243434, 0.02047461747604866], 'uz': [-0.01719627517058548, 0.01936996373013499]}",1084789.0
29.0,0.01%,"('ux','uy','uz','x','y','z')",24.0,GeoIndex,Min-Max,File,None,False,True,True,0.18362855911254883,0.004303693771362305,1.3113021850585938e-05,0.00010538101196289062,,0.7802166938781738,0.09814167022705078,0.0398564338684082,0.041042327880859375,0.02999591827392578,1.2150793075561523,6.0,6.0,0.0001,10000.0,hydrogen,"['z','uy','ux','x']","{'x': [2.7496137543790596e-06, 4.635819872789621e-06], 'y': [-1.1999989434582632e-05, -1.0505229436320425e-05], 'z': [5.2462210708949075e-06, 6.8759934101121306e-06], 'ux': [-0.001877112801826817, 0.04115010441330852], 'uy': [-0.11945666371243434, 0.02047461747604866], 'uz': [-0.01719627517058548, 0.01936996373013499]}",1084789.0
29.0,0.01%,"('ux','uy','uz','x','y','z')",25.0,GeoIndex,Rtree,File,None,False,True,True,0.06944417953491211,0.0006840229034423828,1.1205673217773438e-05,0.00010657310485839844,,0.7687702178955078,0.09813427925109863,0.040709733963012695,0.04268217086791992,0.030109167098999023,1.0642197132110596,6.0,6.0,0.0001,10000.0,hydrogen,"['z','uy','ux','x']","{'x': [2.7496137543790596e-06, 4.635819872789621e-06], 'y': [-1.1999989434582632e-05, -1.0505229436320425e-05], 'z': [5.2462210708949075e-06, 6.8759934101121306e-06], 'ux': [-0.001877112801826817, 0.04115010441330852], 'uy': [-0.11945666371243434, 0.02047461747604866], 'uz': [-0.01719627517058548, 0.01936996373013499]}",1084789.0
30.0,0.01%,"('ux','uy','uz','x','y','z')",1.0,Original,,,,,False,,,,,,,2381.502180337906,838.4582314491272,1147.1526284217834,336.8923625946045,11.608188152313232,4727.888833999634,,,0.000101,10000.0,hydrogen,"['uy','z','y','x']","{'x': [-7.502174342163327e-06, -5.955672670804229e-06], 'y': [-7.489184587862538e-06, -5.967753146025646e-06], 'z': [3.108609789727442e-05, 3.2663901991543416e-05], 'ux': [0.005578440224797317, 0.011193304053907557], 'uy': [0.013605059724436703, 0.01764537220855055], 'uz': [0.018930553838726365, 0.0243124081018053]}",1319740.0
30.0,0.01%,"('ux','uy','uz','x','y','z')",4.0,GeoIndex,Min-Max,File,None,False,True,,0.10735154151916504,0.003716707229614258,1.5974044799804688e-05,0.00036263465881347656,,2.001504421234131,0.34122395515441895,0.3774540424346924,0.18658995628356934,0.04567694664001465,3.0887248516082764,16.0,16.0,0.000101,10000.0,hydrogen,"['uy','z','y','x']","{'x': [-7.502174342163327e-06, -5.955672670804229e-06], 'y': [-7.489184587862538e-06, -5.967753146025646e-06], 'z': [3.108609789727442e-05, 3.2663901991543416e-05], 'ux': [0.005578440224797317, 0.011193304053907557], 'uy': [0.013605059724436703, 0.01764537220855055], 'uz': [0.018930553838726365, 0.0243124081018053]}",1319740.0
30.0,0.01%,"('ux','uy','uz','x','y','z')",5.0,GeoIndex,Rtree,File,None,False,True,,0.03994870185852051,0.00012564659118652344,1.430511474609375e-05,0.00035119056701660156,,2.0001046657562256,0.33482980728149414,0.3820967674255371,0.21937990188598633,0.04781675338745117,3.0372796058654785,16.0,16.0,0.000101,10000.0,hydrogen,"['uy','z','y','x']","{'x': [-7.502174342163327e-06, -5.955672670804229e-06], 'y': [-7.489184587862538e-06, -5.967753146025646e-06], 'z': [3.108609789727442e-05, 3.2663901991543416e-05], 'ux': [0.005578440224797317, 0.011193304053907557], 'uy': [0.013605059724436703, 0.01764537220855055], 'uz': [0.018930553838726365, 0.0243124081018053]}",1319740.0
30.0,0.01%,"('ux','uy','uz','x','y','z')",22.0,GeoIndex,Min-Max,File,None,True,False,True,0.10590887069702148,0.0037109851837158203,,,8.58306884765625e-05,2.0557801723480225,0.3308286666870117,0.058929443359375,0.2028210163116455,0.046740055084228516,2.8276424407958984,16.0,16.0,0.000101,10000.0,hydrogen,"['uy','z','y','x']","{'x': [-7.502174342163327e-06, -5.955672670804229e-06], 'y': [-7.489184587862538e-06, -5.967753146025646e-06], 'z': [3.108609789727442e-05, 3.2663901991543416e-05], 'ux': [0.005578440224797317, 0.011193304053907557], 'uy': [0.013605059724436703, 0.01764537220855055], 'uz': [0.018930553838726365, 0.0243124081018053]}",1319740.0
30.0,0.01%,"('ux','uy','uz','x','y','z')",23.0,GeoIndex,Rtree,File,None,True,False,True,0.040338993072509766,0.0001220703125,,,7.843971252441406e-05,1.9267692565917969,0.31677913665771484,0.05892539024353027,0.1925334930419922,0.046202898025512695,2.588230848312378,16.0,16.0,0.000101,10000.0,hydrogen,"['uy','z','y','x']","{'x': [-7.502174342163327e-06, -5.955672670804229e-06], 'y': [-7.489184587862538e-06, -5.967753146025646e-06], 'z': [3.108609789727442e-05, 3.2663901991543416e-05], 'ux': [0.005578440224797317, 0.011193304053907557], 'uy': [0.013605059724436703, 0.01764537220855055], 'uz': [0.018930553838726365, 0.0243124081018053]}",1319740.0
30.0,0.01%,"('ux','uy','uz','x','y','z')",24.0,GeoIndex,Min-Max,File,None,False,True,True,0.10689234733581543,0.003921031951904297,1.5020370483398438e-05,0.0003676414489746094,,2.020833969116211,0.33559226989746094,0.06092071533203125,0.20712041854858398,0.04728436470031738,2.8066513538360596,16.0,16.0,0.000101,10000.0,hydrogen,"['uy','z','y','x']","{'x': [-7.502174342163327e-06, -5.955672670804229e-06], 'y': [-7.489184587862538e-06, -5.967753146025646e-06], 'z': [3.108609789727442e-05, 3.2663901991543416e-05], 'ux': [0.005578440224797317, 0.011193304053907557], 'uy': [0.013605059724436703, 0.01764537220855055], 'uz': [0.018930553838726365, 0.0243124081018053]}",1319740.0
30.0,0.01%,"('ux','uy','uz','x','y','z')",25.0,GeoIndex,Rtree,File,None,False,True,True,0.04034113883972168,0.00012159347534179688,1.33514404296875e-05,0.0003669261932373047,,2.025676727294922,0.34503722190856934,0.06275343894958496,0.26048994064331055,0.053093671798706055,2.7959606647491455,16.0,16.0,0.000101,10000.0,hydrogen,"['uy','z','y','x']","{'x': [-7.502174342163327e-06, -5.955672670804229e-06], 'y': [-7.489184587862538e-06, -5.967753146025646e-06], 'z': [3.108609789727442e-05, 3.2663901991543416e-05], 'ux': [0.005578440224797317, 0.011193304053907557], 'uy': [0.013605059724436703, 0.01764537220855055], 'uz': [0.018930553838726365, 0.0243124081018053]}",1319740.0
31.0,0.01%,"('ux','uy','uz','x','y','z')",1.0,Original,,,,,False,,,,,,,2293.063984155655,530.0453591346741,802.6192116737366,226.24853706359863,10.564721822738647,3873.2475543022156,,,0.000101,10000.0,hydrogen,"['uy','z','ux','x']","{'x': [-1.0453093436200025e-05, -8.925500811008134e-06], 'y': [9.000000541755914e-06, 1.0499998304536655e-05], 'z': [-2.9434937211953308e-05, -2.781103424113664e-05], 'ux': [0.0014373806407169017, 0.0028673137907611205], 'uy': [-0.0037371662283121926, -0.0021673980660403187], 'uz': [-0.008216628731686867, -0.006532653548793005]}",1201792.0
31.0,0.01%,"('ux','uy','uz','x','y','z')",4.0,GeoIndex,Min-Max,File,None,False,True,,0.11758160591125488,0.0028727054595947266,1.4066696166992188e-05,0.00010275840759277344,,0.866863489151001,0.13452887535095215,0.12930989265441895,0.0613102912902832,0.031105756759643555,1.367363691329956,6.0,6.0,0.000101,10000.0,hydrogen,"['uy','z','ux','x']","{'x': [-1.0453093436200025e-05, -8.925500811008134e-06], 'y': [9.000000541755914e-06, 1.0499998304536655e-05], 'z': [-2.9434937211953308e-05, -2.781103424113664e-05], 'ux': [0.0014373806407169017, 0.0028673137907611205], 'uy': [-0.0037371662283121926, -0.0021673980660403187], 'uz': [-0.008216628731686867, -0.006532653548793005]}",1201792.0
31.0,0.01%,"('ux','uy','uz','x','y','z')",5.0,GeoIndex,Rtree,File,None,False,True,,0.04280376434326172,0.00013566017150878906,1.0013580322265625e-05,0.00010132789611816406,,0.8501772880554199,0.12439537048339844,0.13013672828674316,0.060487985610961914,0.030455589294433594,1.2469158172607422,6.0,6.0,0.000101,10000.0,hydrogen,"['uy','z','ux','x']","{'x': [-1.0453093436200025e-05, -8.925500811008134e-06], 'y': [9.000000541755914e-06, 1.0499998304536655e-05], 'z': [-2.9434937211953308e-05, -2.781103424113664e-05], 'ux': [0.0014373806407169017, 0.0028673137907611205], 'uy': [-0.0037371662283121926, -0.0021673980660403187], 'uz': [-0.008216628731686867, -0.006532653548793005]}",1201792.0
31.0,0.01%,"('ux','uy','uz','x','y','z')",22.0,GeoIndex,Min-Max,File,None,True,False,True,0.11794495582580566,0.0030345916748046875,,,4.506111145019531e-05,0.9084985256195068,0.13815760612487793,0.04379844665527344,0.06099748611450195,0.032831668853759766,1.3286049365997314,6.0,6.0,0.000101,10000.0,hydrogen,"['uy','z','ux','x']","{'x': [-1.0453093436200025e-05, -8.925500811008134e-06], 'y': [9.000000541755914e-06, 1.0499998304536655e-05], 'z': [-2.9434937211953308e-05, -2.781103424113664e-05], 'ux': [0.0014373806407169017, 0.0028673137907611205], 'uy': [-0.0037371662283121926, -0.0021673980660403187], 'uz': [-0.008216628731686867, -0.006532653548793005]}",1201792.0
31.0,0.01%,"('ux','uy','uz','x','y','z')",23.0,GeoIndex,Rtree,File,None,True,False,True,0.043068647384643555,0.00013375282287597656,,,4.0531158447265625e-05,0.8514764308929443,0.133880615234375,0.0411992073059082,0.057687997817993164,0.030483245849609375,1.16422438621521,6.0,6.0,0.000101,10000.0,hydrogen,"['uy','z','ux','x']","{'x': [-1.0453093436200025e-05, -8.925500811008134e-06], 'y': [9.000000541755914e-06, 1.0499998304536655e-05], 'z': [-2.9434937211953308e-05, -2.781103424113664e-05], 'ux': [0.0014373806407169017, 0.0028673137907611205], 'uy': [-0.0037371662283121926, -0.0021673980660403187], 'uz': [-0.008216628731686867, -0.006532653548793005]}",1201792.0
31.0,0.01%,"('ux','uy','uz','x','y','z')",24.0,GeoIndex,Min-Max,File,None,False,True,True,0.11690807342529297,0.002855062484741211,1.1682510375976562e-05,0.0001010894775390625,,0.848388671875,0.11701750755310059,0.03898501396179199,0.05788254737854004,0.03005385398864746,1.2335612773895264,6.0,6.0,0.000101,10000.0,hydrogen,"['uy','z','ux','x']","{'x': [-1.0453093436200025e-05, -8.925500811008134e-06], 'y': [9.000000541755914e-06, 1.0499998304536655e-05], 'z': [-2.9434937211953308e-05, -2.781103424113664e-05], 'ux': [0.0014373806407169017, 0.0028673137907611205], 'uy': [-0.0037371662283121926, -0.0021673980660403187], 'uz': [-0.008216628731686867, -0.006532653548793005]}",1201792.0
31.0,0.01%,"('ux','uy','uz','x','y','z')",25.0,GeoIndex,Rtree,File,None,False,True,True,0.042671918869018555,0.00013494491577148438,9.5367431640625e-06,0.00010085105895996094,,0.8511981964111328,0.12341642379760742,0.03909015655517578,0.0621187686920166,0.031064510345458984,1.1561768054962158,6.0,6.0,0.000101,10000.0,hydrogen,"['uy','z','ux','x']","{'x': [-1.0453093436200025e-05, -8.925500811008134e-06], 'y': [9.000000541755914e-06, 1.0499998304536655e-05], 'z': [-2.9434937211953308e-05, -2.781103424113664e-05], 'ux': [0.0014373806407169017, 0.0028673137907611205], 'uy': [-0.0037371662283121926, -0.0021673980660403187], 'uz': [-0.008216628731686867, -0.006532653548793005]}",1201792.0
32.0,0.01%,"('ux','uy','uz','x','y','z')",1.0,Original,,,,,False,,,,,,,2320.7269558906555,612.8294222354889,1170.4862122535706,275.43217492103577,9.955009698867798,4401.786418914795,,,0.000101,10000.0,hydrogen,"['z','uz','uy','x']","{'x': [-4.489647298956747e-06, -2.9101118070322983e-06], 'y': [-1.0499651548812118e-05, -9.000317775362587e-06], 'z': [3.861054367852628e-06, 5.317054373527335e-06], 'ux': [-0.05909388897832438, 0.0002664619590611259], 'uy': [-0.0948632034276981, 0.004745744862401813], 'uz': [-0.015307643903969024, 0.0315130338301555]}",1060594.0
32.0,0.01%,"('ux','uy','uz','x','y','z')",4.0,GeoIndex,Min-Max,File,None,False,True,,0.18129730224609375,0.0034058094024658203,1.2159347534179688e-05,6.365776062011719e-05,,0.6414783000946045,0.0800163745880127,0.07777571678161621,0.0354619026184082,0.024919509887695312,1.082308053970337,4.0,4.0,0.000101,10000.0,hydrogen,"['z','uz','uy','x']","{'x': [-4.489647298956747e-06, -2.9101118070322983e-06], 'y': [-1.0499651548812118e-05, -9.000317775362587e-06], 'z': [3.861054367852628e-06, 5.317054373527335e-06], 'ux': [-0.05909388897832438, 0.0002664619590611259], 'uy': [-0.0948632034276981, 0.004745744862401813], 'uz': [-0.015307643903969024, 0.0315130338301555]}",1060594.0
32.0,0.01%,"('ux','uy','uz','x','y','z')",5.0,GeoIndex,Rtree,File,None,False,True,,0.0664823055267334,0.0006635189056396484,9.775161743164062e-06,6.461143493652344e-05,,0.6298542022705078,0.08533215522766113,0.08064794540405273,0.03577852249145508,0.025342702865600586,0.9372684955596924,4.0,4.0,0.000101,10000.0,hydrogen,"['z','uz','uy','x']","{'x': [-4.489647298956747e-06, -2.9101118070322983e-06], 'y': [-1.0499651548812118e-05, -9.000317775362587e-06], 'z': [3.861054367852628e-06, 5.317054373527335e-06], 'ux': [-0.05909388897832438, 0.0002664619590611259], 'uy': [-0.0948632034276981, 0.004745744862401813], 'uz': [-0.015307643903969024, 0.0315130338301555]}",1060594.0
32.0,0.01%,"('ux','uy','uz','x','y','z')",22.0,GeoIndex,Min-Max,File,None,True,False,True,0.17949938774108887,0.003493785858154297,,,3.647804260253906e-05,0.6517515182495117,0.08117270469665527,0.029557228088378906,0.03763699531555176,0.0250546932220459,1.0439975261688232,4.0,4.0,0.000101,10000.0,hydrogen,"['z','uz','uy','x']","{'x': [-4.489647298956747e-06, -2.9101118070322983e-06], 'y': [-1.0499651548812118e-05, -9.000317775362587e-06], 'z': [3.861054367852628e-06, 5.317054373527335e-06], 'ux': [-0.05909388897832438, 0.0002664619590611259], 'uy': [-0.0948632034276981, 0.004745744862401813], 'uz': [-0.015307643903969024, 0.0315130338301555]}",1060594.0
32.0,0.01%,"('ux','uy','uz','x','y','z')",23.0,GeoIndex,Rtree,File,None,True,False,True,0.06636619567871094,0.0006606578826904297,,,3.4332275390625e-05,0.6501502990722656,0.08281755447387695,0.031204938888549805,0.051850080490112305,0.029549837112426758,0.9270792007446289,4.0,4.0,0.000101,10000.0,hydrogen,"['z','uz','uy','x']","{'x': [-4.489647298956747e-06, -2.9101118070322983e-06], 'y': [-1.0499651548812118e-05, -9.000317775362587e-06], 'z': [3.861054367852628e-06, 5.317054373527335e-06], 'ux': [-0.05909388897832438, 0.0002664619590611259], 'uy': [-0.0948632034276981, 0.004745744862401813], 'uz': [-0.015307643903969024, 0.0315130338301555]}",1060594.0
32.0,0.01%,"('ux','uy','uz','x','y','z')",24.0,GeoIndex,Min-Max,File,None,False,True,True,0.1793520450592041,0.003463268280029297,1.0967254638671875e-05,6.580352783203125e-05,,0.6472272872924805,0.08152222633361816,0.02863931655883789,0.035422563552856445,0.023386716842651367,1.034783124923706,4.0,4.0,0.000101,10000.0,hydrogen,"['z','uz','uy','x']","{'x': [-4.489647298956747e-06, -2.9101118070322983e-06], 'y': [-1.0499651548812118e-05, -9.000317775362587e-06], 'z': [3.861054367852628e-06, 5.317054373527335e-06], 'ux': [-0.05909388897832438, 0.0002664619590611259], 'uy': [-0.0948632034276981, 0.004745744862401813], 'uz': [-0.015307643903969024, 0.0315130338301555]}",1060594.0
32.0,0.01%,"('ux','uy','uz','x','y','z')",25.0,GeoIndex,Rtree,File,None,False,True,True,0.06661677360534668,0.0006821155548095703,9.5367431640625e-06,6.67572021484375e-05,,0.635528564453125,0.08715033531188965,0.029886960983276367,0.037667036056518555,0.026108264923095703,0.8953301906585693,4.0,4.0,0.000101,10000.0,hydrogen,"['z','uz','uy','x']","{'x': [-4.489647298956747e-06, -2.9101118070322983e-06], 'y': [-1.0499651548812118e-05, -9.000317775362587e-06], 'z': [3.861054367852628e-06, 5.317054373527335e-06], 'ux': [-0.05909388897832438, 0.0002664619590611259], 'uy': [-0.0948632034276981, 0.004745744862401813], 'uz': [-0.015307643903969024, 0.0315130338301555]}",1060594.0
33.0,0.01%,"('ux','uy','uz','x','y','z')",1.0,Original,,,,,False,,,,,,,2262.617400407791,566.7316164970398,690.3768866062164,187.998286485672,12.235880374908447,3732.230454683304,,,0.0001,10000.0,hydrogen,"['x','y','uy','ux','uz','z']","{'x': [-8.00081599861133e-06, -5.399460750323153e-06], 'y': [7.210145736317884e-06, 9.2375815995814e-06], 'z': [-3.925016785176139e-05, -3.833297237423667e-05], 'ux': [0.0009201214273230756, 0.0016986532263681983], 'uy': [-0.002663312468529087, -0.0018149924318426175], 'uz': [-0.002593645945445657, -0.0019328111032186363]}",1312458.0
33.0,0.01%,"('ux','uy','uz','x','y','z')",4.0,GeoIndex,Min-Max,File,None,False,True,,0.12739229202270508,0.003938436508178711,1.5735626220703125e-05,0.00038242340087890625,,1.6778228282928467,0.23482847213745117,0.26825547218322754,0.1341092586517334,0.04041433334350586,2.51446270942688,18.0,18.0,0.0001,10000.0,hydrogen,"['x','y','uy','ux','uz','z']","{'x': [-8.00081599861133e-06, -5.399460750323153e-06], 'y': [7.210145736317884e-06, 9.2375815995814e-06], 'z': [-3.925016785176139e-05, -3.833297237423667e-05], 'ux': [0.0009201214273230756, 0.0016986532263681983], 'uy': [-0.002663312468529087, -0.0018149924318426175], 'uz': [-0.002593645945445657, -0.0019328111032186363]}",1312458.0
33.0,0.01%,"('ux','uy','uz','x','y','z')",5.0,GeoIndex,Rtree,File,None,False,True,,0.043613433837890625,0.00014495849609375,1.3589859008789062e-05,0.00039649009704589844,,1.6605346202850342,0.2622721195220947,0.26726841926574707,0.1317577362060547,0.03972601890563965,2.416234016418457,18.0,18.0,0.0001,10000.0,hydrogen,"['x','y','uy','ux','uz','z']","{'x': [-8.00081599861133e-06, -5.399460750323153e-06], 'y': [7.210145736317884e-06, 9.2375815995814e-06], 'z': [-3.925016785176139e-05, -3.833297237423667e-05], 'ux': [0.0009201214273230756, 0.0016986532263681983], 'uy': [-0.002663312468529087, -0.0018149924318426175], 'uz': [-0.002593645945445657, -0.0019328111032186363]}",1312458.0
33.0,0.01%,"('ux','uy','uz','x','y','z')",22.0,GeoIndex,Min-Max,File,None,True,False,True,0.12800216674804688,0.0038890838623046875,,,9.179115295410156e-05,1.718951940536499,0.23634576797485352,0.05119180679321289,0.1329941749572754,0.03927040100097656,2.334749698638916,18.0,18.0,0.0001,10000.0,hydrogen,"['x','y','uy','ux','uz','z']","{'x': [-8.00081599861133e-06, -5.399460750323153e-06], 'y': [7.210145736317884e-06, 9.2375815995814e-06], 'z': [-3.925016785176139e-05, -3.833297237423667e-05], 'ux': [0.0009201214273230756, 0.0016986532263681983], 'uy': [-0.002663312468529087, -0.0018149924318426175], 'uz': [-0.002593645945445657, -0.0019328111032186363]}",1312458.0
33.0,0.01%,"('ux','uy','uz','x','y','z')",23.0,GeoIndex,Rtree,File,None,True,False,True,0.043721675872802734,0.0001442432403564453,,,9.059906005859375e-05,1.6691803932189941,0.2319786548614502,0.05093884468078613,0.13335657119750977,0.03937578201293945,2.1783127784729004,18.0,18.0,0.0001,10000.0,hydrogen,"['x','y','uy','ux','uz','z']","{'x': [-8.00081599861133e-06, -5.399460750323153e-06], 'y': [7.210145736317884e-06, 9.2375815995814e-06], 'z': [-3.925016785176139e-05, -3.833297237423667e-05], 'ux': [0.0009201214273230756, 0.0016986532263681983], 'uy': [-0.002663312468529087, -0.0018149924318426175], 'uz': [-0.002593645945445657, -0.0019328111032186363]}",1312458.0
33.0,0.01%,"('ux','uy','uz','x','y','z')",24.0,GeoIndex,Min-Max,File,None,False,True,True,0.1271655559539795,0.0041124820709228516,1.621246337890625e-05,0.0003871917724609375,,1.6520090103149414,0.22829055786132812,0.054574012756347656,0.13526487350463867,0.039757728576660156,2.268385410308838,18.0,18.0,0.0001,10000.0,hydrogen,"['x','y','uy','ux','uz','z']","{'x': [-8.00081599861133e-06, -5.399460750323153e-06], 'y': [7.210145736317884e-06, 9.2375815995814e-06], 'z': [-3.925016785176139e-05, -3.833297237423667e-05], 'ux': [0.0009201214273230756, 0.0016986532263681983], 'uy': [-0.002663312468529087, -0.0018149924318426175], 'uz': [-0.002593645945445657, -0.0019328111032186363]}",1312458.0
33.0,0.01%,"('ux','uy','uz','x','y','z')",25.0,GeoIndex,Rtree,File,None,False,True,True,0.04386281967163086,0.00014591217041015625,1.33514404296875e-05,0.0003948211669921875,,1.655759572982788,0.2346785068511963,0.052788734436035156,0.139786958694458,0.0404362678527832,2.1774497032165527,18.0,18.0,0.0001,10000.0,hydrogen,"['x','y','uy','ux','uz','z']","{'x': [-8.00081599861133e-06, -5.399460750323153e-06], 'y': [7.210145736317884e-06, 9.2375815995814e-06], 'z': [-3.925016785176139e-05, -3.833297237423667e-05], 'ux': [0.0009201214273230756, 0.0016986532263681983], 'uy': [-0.002663312468529087, -0.0018149924318426175], 'uz': [-0.002593645945445657, -0.0019328111032186363]}",1312458.0
34.0,0.01%,"('ux','uy','uz','x','y','z')",1.0,Original,,,,,False,,,,,,,2273.4318895339966,566.5896682739258,699.8139500617981,176.333247423172,10.432469367980957,3738.9547452926636,,,9.9e-05,10000.0,hydrogen,"['uz','z','x','y']","{'x': [9.084729520709158e-06, 1.0591460824450033e-05], 'y': [7.4175442321416985e-06, 8.991829053195702e-06], 'z': [8.485368759182755e-06, 1.0056257648215949e-05], 'ux': [-0.0002469602266884768, 0.1398087548822086], 'uy': [-0.00019026053311859832, 0.12704283229856414], 'uz': [-0.026331758470236933, 0.026410680123045645]}",1165542.0
34.0,0.01%,"('ux','uy','uz','x','y','z')",4.0,GeoIndex,Min-Max,File,None,False,True,,0.17412447929382324,0.0035429000854492188,1.3113021850585938e-05,0.00015664100646972656,,0.9593770503997803,0.1504673957824707,0.1433582305908203,0.0664985179901123,0.032053232192993164,1.5675115585327148,8.0,8.0,9.9e-05,10000.0,hydrogen,"['uz','z','x','y']","{'x': [9.084729520709158e-06, 1.0591460824450033e-05], 'y': [7.4175442321416985e-06, 8.991829053195702e-06], 'z': [8.485368759182755e-06, 1.0056257648215949e-05], 'ux': [-0.0002469602266884768, 0.1398087548822086], 'uy': [-0.00019026053311859832, 0.12704283229856414], 'uz': [-0.026331758470236933, 0.026410680123045645]}",1165542.0
34.0,0.01%,"('ux','uy','uz','x','y','z')",5.0,GeoIndex,Rtree,File,None,False,True,,0.06341767311096191,0.0006496906280517578,1.1682510375976562e-05,0.000156402587890625,,0.9660043716430664,0.1549994945526123,0.14804911613464355,0.06968188285827637,0.03306865692138672,1.4513463973999023,8.0,8.0,9.9e-05,10000.0,hydrogen,"['uz','z','x','y']","{'x': [9.084729520709158e-06, 1.0591460824450033e-05], 'y': [7.4175442321416985e-06, 8.991829053195702e-06], 'z': [8.485368759182755e-06, 1.0056257648215949e-05], 'ux': [-0.0002469602266884768, 0.1398087548822086], 'uy': [-0.00019026053311859832, 0.12704283229856414], 'uz': [-0.026331758470236933, 0.026410680123045645]}",1165542.0
34.0,0.01%,"('ux','uy','uz','x','y','z')",22.0,GeoIndex,Min-Max,File,None,True,False,True,0.1742863655090332,0.0034415721893310547,,,5.245208740234375e-05,0.9761567115783691,0.1329340934753418,0.03966164588928223,0.06820511817932129,0.03268122673034668,1.4634649753570557,8.0,8.0,9.9e-05,10000.0,hydrogen,"['uz','z','x','y']","{'x': [9.084729520709158e-06, 1.0591460824450033e-05], 'y': [7.4175442321416985e-06, 8.991829053195702e-06], 'z': [8.485368759182755e-06, 1.0056257648215949e-05], 'ux': [-0.0002469602266884768, 0.1398087548822086], 'uy': [-0.00019026053311859832, 0.12704283229856414], 'uz': [-0.026331758470236933, 0.026410680123045645]}",1165542.0
34.0,0.01%,"('ux','uy','uz','x','y','z')",23.0,GeoIndex,Rtree,File,None,True,False,True,0.0638284683227539,0.0006422996520996094,,,5.14984130859375e-05,0.9635868072509766,0.13026189804077148,0.039134979248046875,0.06945657730102539,0.032605648040771484,1.3126769065856934,8.0,8.0,9.9e-05,10000.0,hydrogen,"['uz','z','x','y']","{'x': [9.084729520709158e-06, 1.0591460824450033e-05], 'y': [7.4175442321416985e-06, 8.991829053195702e-06], 'z': [8.485368759182755e-06, 1.0056257648215949e-05], 'ux': [-0.0002469602266884768, 0.1398087548822086], 'uy': [-0.00019026053311859832, 0.12704283229856414], 'uz': [-0.026331758470236933, 0.026410680123045645]}",1165542.0
34.0,0.01%,"('ux','uy','uz','x','y','z')",24.0,GeoIndex,Min-Max,File,None,False,True,True,0.17605137825012207,0.003423452377319336,1.2159347534179688e-05,0.00015497207641601562,,0.9923295974731445,0.1505894660949707,0.040613651275634766,0.06937432289123535,0.032440900802612305,1.5016169548034668,8.0,8.0,9.9e-05,10000.0,hydrogen,"['uz','z','x','y']","{'x': [9.084729520709158e-06, 1.0591460824450033e-05], 'y': [7.4175442321416985e-06, 8.991829053195702e-06], 'z': [8.485368759182755e-06, 1.0056257648215949e-05], 'ux': [-0.0002469602266884768, 0.1398087548822086], 'uy': [-0.00019026053311859832, 0.12704283229856414], 'uz': [-0.026331758470236933, 0.026410680123045645]}",1165542.0
34.0,0.01%,"('ux','uy','uz','x','y','z')",25.0,GeoIndex,Rtree,File,None,False,True,True,0.06368494033813477,0.00064849853515625,1.1682510375976562e-05,0.00015473365783691406,,0.9541523456573486,0.14801478385925293,0.03991079330444336,0.07012104988098145,0.032579898834228516,1.3220767974853516,8.0,8.0,9.9e-05,10000.0,hydrogen,"['uz','z','x','y']","{'x': [9.084729520709158e-06, 1.0591460824450033e-05], 'y': [7.4175442321416985e-06, 8.991829053195702e-06], 'z': [8.485368759182755e-06, 1.0056257648215949e-05], 'ux': [-0.0002469602266884768, 0.1398087548822086], 'uy': [-0.00019026053311859832, 0.12704283229856414], 'uz': [-0.026331758470236933, 0.026410680123045645]}",1165542.0
35.0,0.01%,"('ux','uy','uz','x','y','z')",1.0,Original,,,,,False,,,,,,,2264.0629091262817,568.6497967243195,669.0692408084869,179.15134382247925,10.899410009384155,3703.641576051712,,,0.000101,10000.0,hydrogen,"['uz','ux','uy','y','z','x']","{'x': [1.5897551607903224e-06, 3.0424361396809927e-06], 'y': [4.544706620420393e-06, 6.056028639291281e-06], 'z': [3.560419757786208e-05, 3.7191706078018614e-05], 'ux': [-0.0069427069653309826, -0.0038268680118830234], 'uy': [-0.014934758753898027, -0.011283432547905998], 'uz': [0.009720193805512159, 0.012760951038134552]}",1199062.0
35.0,0.01%,"('ux','uy','uz','x','y','z')",4.0,GeoIndex,Min-Max,File,None,False,True,,0.10779142379760742,0.002877950668334961,1.4066696166992188e-05,0.00025391578674316406,,1.3800537586212158,0.22089743614196777,0.24577832221984863,0.12778830528259277,0.03699660301208496,2.146120071411133,11.0,11.0,0.000101,10000.0,hydrogen,"['uz','ux','uy','y','z','x']","{'x': [1.5897551607903224e-06, 3.0424361396809927e-06], 'y': [4.544706620420393e-06, 6.056028639291281e-06], 'z': [3.560419757786208e-05, 3.7191706078018614e-05], 'ux': [-0.0069427069653309826, -0.0038268680118830234], 'uy': [-0.014934758753898027, -0.011283432547905998], 'uz': [0.009720193805512159, 0.012760951038134552]}",1199062.0
35.0,0.01%,"('ux','uy','uz','x','y','z')",5.0,GeoIndex,Rtree,File,None,False,True,,0.04071831703186035,0.00012493133544921875,1.1920928955078125e-05,0.00025153160095214844,,1.3933610916137695,0.22495341300964355,0.24962639808654785,0.12341785430908203,0.03690600395202637,2.0789811611175537,11.0,11.0,0.000101,10000.0,hydrogen,"['uz','ux','uy','y','z','x']","{'x': [1.5897551607903224e-06, 3.0424361396809927e-06], 'y': [4.544706620420393e-06, 6.056028639291281e-06], 'z': [3.560419757786208e-05, 3.7191706078018614e-05], 'ux': [-0.0069427069653309826, -0.0038268680118830234], 'uy': [-0.014934758753898027, -0.011283432547905998], 'uz': [0.009720193805512159, 0.012760951038134552]}",1199062.0
35.0,0.01%,"('ux','uy','uz','x','y','z')",22.0,GeoIndex,Min-Max,File,None,True,False,True,0.10692834854125977,0.0029604434967041016,,,6.365776062011719e-05,1.402301549911499,0.2367398738861084,0.054065704345703125,0.1301426887512207,0.03599858283996582,1.9919812679290771,11.0,11.0,0.000101,10000.0,hydrogen,"['uz','ux','uy','y','z','x']","{'x': [1.5897551607903224e-06, 3.0424361396809927e-06], 'y': [4.544706620420393e-06, 6.056028639291281e-06], 'z': [3.560419757786208e-05, 3.7191706078018614e-05], 'ux': [-0.0069427069653309826, -0.0038268680118830234], 'uy': [-0.014934758753898027, -0.011283432547905998], 'uz': [0.009720193805512159, 0.012760951038134552]}",1199062.0
35.0,0.01%,"('ux','uy','uz','x','y','z')",23.0,GeoIndex,Rtree,File,None,True,False,True,0.04087376594543457,0.00012564659118652344,,,5.984306335449219e-05,1.3672356605529785,0.2120521068572998,0.04853653907775879,0.12583589553833008,0.03624725341796875,1.8375859260559082,11.0,11.0,0.000101,10000.0,hydrogen,"['uz','ux','uy','y','z','x']","{'x': [1.5897551607903224e-06, 3.0424361396809927e-06], 'y': [4.544706620420393e-06, 6.056028639291281e-06], 'z': [3.560419757786208e-05, 3.7191706078018614e-05], 'ux': [-0.0069427069653309826, -0.0038268680118830234], 'uy': [-0.014934758753898027, -0.011283432547905998], 'uz': [0.009720193805512159, 0.012760951038134552]}",1199062.0
35.0,0.01%,"('ux','uy','uz','x','y','z')",24.0,GeoIndex,Min-Max,File,None,False,True,True,0.1074213981628418,0.0030591487884521484,1.3113021850585938e-05,0.0002579689025878906,,1.4328985214233398,0.22014284133911133,0.046452999114990234,0.12483668327331543,0.03686356544494629,1.9924931526184082,11.0,11.0,0.000101,10000.0,hydrogen,"['uz','ux','uy','y','z','x']","{'x': [1.5897551607903224e-06, 3.0424361396809927e-06], 'y': [4.544706620420393e-06, 6.056028639291281e-06], 'z': [3.560419757786208e-05, 3.7191706078018614e-05], 'ux': [-0.0069427069653309826, -0.0038268680118830234], 'uy': [-0.014934758753898027, -0.011283432547905998], 'uz': [0.009720193805512159, 0.012760951038134552]}",1199062.0
35.0,0.01%,"('ux','uy','uz','x','y','z')",25.0,GeoIndex,Rtree,File,None,False,True,True,0.04074859619140625,0.00012421607971191406,1.1444091796875e-05,0.0002472400665283203,,1.3756422996520996,0.22650504112243652,0.05147838592529297,0.12194037437438965,0.036197662353515625,1.861494541168213,11.0,11.0,0.000101,10000.0,hydrogen,"['uz','ux','uy','y','z','x']","{'x': [1.5897551607903224e-06, 3.0424361396809927e-06], 'y': [4.544706620420393e-06, 6.056028639291281e-06], 'z': [3.560419757786208e-05, 3.7191706078018614e-05], 'ux': [-0.0069427069653309826, -0.0038268680118830234], 'uy': [-0.014934758753898027, -0.011283432547905998], 'uz': [0.009720193805512159, 0.012760951038134552]}",1199062.0
36.0,0.01%,"('ux','uy','uz','x','y','z')",1.0,Original,,,,,False,,,,,,,2252.801957845688,554.3203194141388,671.5563061237335,179.09729409217834,9.476280927658081,3679.030417203903,,,0.000101,10000.0,hydrogen,"['x','uy','z','ux','uz']","{'x': [1.0706488677654104e-05, 1.2097593100333714e-05], 'y': [-8.999999918921568e-06, -7.500001672314009e-06], 'z': [-2.3431980853642614e-05, -2.1815641139950138e-05], 'ux': [-0.004046290303157193, 0.013159700461927477], 'uy': [-0.0019217693673554857, 0.002431842691654038], 'uz': [-0.031795979010562934, -0.013866324990776497]}",1083013.0
36.0,0.01%,"('ux','uy','uz','x','y','z')",4.0,GeoIndex,Min-Max,File,None,False,True,,0.15064644813537598,0.0023488998413085938,1.0728836059570312e-05,4.57763671875e-05,,0.5551712512969971,0.06574821472167969,0.05391693115234375,0.02649688720703125,0.01563429832458496,0.9019436836242676,3.0,3.0,0.000101,10000.0,hydrogen,"['x','uy','z','ux','uz']","{'x': [1.0706488677654104e-05, 1.2097593100333714e-05], 'y': [-8.999999918921568e-06, -7.500001672314009e-06], 'z': [-2.3431980853642614e-05, -2.1815641139950138e-05], 'ux': [-0.004046290303157193, 0.013159700461927477], 'uy': [-0.0019217693673554857, 0.002431842691654038], 'uz': [-0.031795979010562934, -0.013866324990776497]}",1083013.0
36.0,0.01%,"('ux','uy','uz','x','y','z')",5.0,GeoIndex,Rtree,File,None,False,True,,0.05440235137939453,0.000568389892578125,8.821487426757812e-06,4.553794860839844e-05,,0.5420732498168945,0.0683753490447998,0.0509495735168457,0.027811288833618164,0.015606403350830078,0.7701246738433838,3.0,3.0,0.000101,10000.0,hydrogen,"['x','uy','z','ux','uz']","{'x': [1.0706488677654104e-05, 1.2097593100333714e-05], 'y': [-8.999999918921568e-06, -7.500001672314009e-06], 'z': [-2.3431980853642614e-05, -2.1815641139950138e-05], 'ux': [-0.004046290303157193, 0.013159700461927477], 'uy': [-0.0019217693673554857, 0.002431842691654038], 'uz': [-0.031795979010562934, -0.013866324990776497]}",1083013.0
36.0,0.01%,"('ux','uy','uz','x','y','z')",22.0,GeoIndex,Min-Max,File,None,True,False,True,0.15364813804626465,0.0023567676544189453,,,3.075599670410156e-05,0.5592527389526367,0.047678232192993164,0.02834296226501465,0.027492046356201172,0.02427053451538086,0.8730480670928955,3.0,3.0,0.000101,10000.0,hydrogen,"['x','uy','z','ux','uz']","{'x': [1.0706488677654104e-05, 1.2097593100333714e-05], 'y': [-8.999999918921568e-06, -7.500001672314009e-06], 'z': [-2.3431980853642614e-05, -2.1815641139950138e-05], 'ux': [-0.004046290303157193, 0.013159700461927477], 'uy': [-0.0019217693673554857, 0.002431842691654038], 'uz': [-0.031795979010562934, -0.013866324990776497]}",1083013.0
36.0,0.01%,"('ux','uy','uz','x','y','z')",23.0,GeoIndex,Rtree,File,None,True,False,True,0.054451704025268555,0.0005712509155273438,,,3.2901763916015625e-05,0.5589489936828613,0.047756195068359375,0.02845311164855957,0.02727675437927246,0.021740198135375977,0.7480995655059814,3.0,3.0,0.000101,10000.0,hydrogen,"['x','uy','z','ux','uz']","{'x': [1.0706488677654104e-05, 1.2097593100333714e-05], 'y': [-8.999999918921568e-06, -7.500001672314009e-06], 'z': [-2.3431980853642614e-05, -2.1815641139950138e-05], 'ux': [-0.004046290303157193, 0.013159700461927477], 'uy': [-0.0019217693673554857, 0.002431842691654038], 'uz': [-0.031795979010562934, -0.013866324990776497]}",1083013.0
36.0,0.01%,"('ux','uy','uz','x','y','z')",24.0,GeoIndex,Min-Max,File,None,False,True,True,0.154036283493042,0.002327442169189453,8.344650268554688e-06,4.506111145019531e-05,,0.5528240203857422,0.0452878475189209,0.02757120132446289,0.02599167823791504,0.021811723709106445,0.8600151538848877,3.0,3.0,0.000101,10000.0,hydrogen,"['x','uy','z','ux','uz']","{'x': [1.0706488677654104e-05, 1.2097593100333714e-05], 'y': [-8.999999918921568e-06, -7.500001672314009e-06], 'z': [-2.3431980853642614e-05, -2.1815641139950138e-05], 'ux': [-0.004046290303157193, 0.013159700461927477], 'uy': [-0.0019217693673554857, 0.002431842691654038], 'uz': [-0.031795979010562934, -0.013866324990776497]}",1083013.0
36.0,0.01%,"('ux','uy','uz','x','y','z')",25.0,GeoIndex,Rtree,File,None,False,True,True,0.05453920364379883,0.0005779266357421875,7.867813110351562e-06,4.553794860839844e-05,,0.559032678604126,0.047696590423583984,0.02846670150756836,0.028092622756958008,0.02404189109802246,0.7511370182037354,3.0,3.0,0.000101,10000.0,hydrogen,"['x','uy','z','ux','uz']","{'x': [1.0706488677654104e-05, 1.2097593100333714e-05], 'y': [-8.999999918921568e-06, -7.500001672314009e-06], 'z': [-2.3431980853642614e-05, -2.1815641139950138e-05], 'ux': [-0.004046290303157193, 0.013159700461927477], 'uy': [-0.0019217693673554857, 0.002431842691654038], 'uz': [-0.031795979010562934, -0.013866324990776497]}",1083013.0
37.0,0.01%,"('ux','uy','uz','x','y','z')",1.0,Original,,,,,False,,,,,,,2278.8806738853455,549.2424499988556,787.2798750400543,175.850581407547,12.495344400405884,3816.7890360355377,,,0.0001,10000.0,hydrogen,"['x','ux','y','z','uz','uy']","{'x': [-3.0836542088745655e-06, -1.416348030392397e-06], 'y': [1.0449189126121074e-05, 1.2020468252227572e-05], 'z': [-2.489037188867473e-05, -2.3333310167546278e-05], 'ux': [0.0001819080548437245, 0.0009213953354317778], 'uy': [-0.005939442208469653, 0.0015832343969463488], 'uz': [-0.022234714557728366, -0.010915422312534603]}",1314437.0
37.0,0.01%,"('ux','uy','uz','x','y','z')",4.0,GeoIndex,Min-Max,File,None,False,True,,0.14954519271850586,0.004008769989013672,1.71661376953125e-05,0.00044417381286621094,,2.08459210395813,0.3594970703125,0.41368842124938965,0.19757413864135742,0.04464364051818848,3.2882027626037598,18.0,18.0,0.0001,10000.0,hydrogen,"['x','ux','y','z','uz','uy']","{'x': [-3.0836542088745655e-06, -1.416348030392397e-06], 'y': [1.0449189126121074e-05, 1.2020468252227572e-05], 'z': [-2.489037188867473e-05, -2.3333310167546278e-05], 'ux': [0.0001819080548437245, 0.0009213953354317778], 'uy': [-0.005939442208469653, 0.0015832343969463488], 'uz': [-0.022234714557728366, -0.010915422312534603]}",1314437.0
37.0,0.01%,"('ux','uy','uz','x','y','z')",5.0,GeoIndex,Rtree,File,None,False,True,,0.052486419677734375,0.000518798828125,1.4781951904296875e-05,0.0004444122314453125,,2.072875738143921,0.3644893169403076,0.4153153896331787,0.20495080947875977,0.04530167579650879,3.170767307281494,18.0,18.0,0.0001,10000.0,hydrogen,"['x','ux','y','z','uz','uy']","{'x': [-3.0836542088745655e-06, -1.416348030392397e-06], 'y': [1.0449189126121074e-05, 1.2020468252227572e-05], 'z': [-2.489037188867473e-05, -2.3333310167546278e-05], 'ux': [0.0001819080548437245, 0.0009213953354317778], 'uy': [-0.005939442208469653, 0.0015832343969463488], 'uz': [-0.022234714557728366, -0.010915422312534603]}",1314437.0
37.0,0.01%,"('ux','uy','uz','x','y','z')",22.0,GeoIndex,Min-Max,File,None,True,False,True,0.15050005912780762,0.004106998443603516,,,9.107589721679688e-05,2.1089606285095215,0.35860371589660645,0.06363296508789062,0.21407604217529297,0.04464578628540039,2.9773035049438477,18.0,18.0,0.0001,10000.0,hydrogen,"['x','ux','y','z','uz','uy']","{'x': [-3.0836542088745655e-06, -1.416348030392397e-06], 'y': [1.0449189126121074e-05, 1.2020468252227572e-05], 'z': [-2.489037188867473e-05, -2.3333310167546278e-05], 'ux': [0.0001819080548437245, 0.0009213953354317778], 'uy': [-0.005939442208469653, 0.0015832343969463488], 'uz': [-0.022234714557728366, -0.010915422312534603]}",1314437.0
37.0,0.01%,"('ux','uy','uz','x','y','z')",23.0,GeoIndex,Rtree,File,None,True,False,True,0.052840471267700195,0.0005338191986083984,,,9.131431579589844e-05,2.100118637084961,0.35651350021362305,0.06436395645141602,0.21502208709716797,0.044788360595703125,2.847277879714966,18.0,18.0,0.0001,10000.0,hydrogen,"['x','ux','y','z','uz','uy']","{'x': [-3.0836542088745655e-06, -1.416348030392397e-06], 'y': [1.0449189126121074e-05, 1.2020468252227572e-05], 'z': [-2.489037188867473e-05, -2.3333310167546278e-05], 'ux': [0.0001819080548437245, 0.0009213953354317778], 'uy': [-0.005939442208469653, 0.0015832343969463488], 'uz': [-0.022234714557728366, -0.010915422312534603]}",1314437.0
37.0,0.01%,"('ux','uy','uz','x','y','z')",24.0,GeoIndex,Min-Max,File,None,False,True,True,0.14755630493164062,0.0041353702545166016,1.8596649169921875e-05,0.0004470348358154297,,2.1708152294158936,0.35493946075439453,0.0642542839050293,0.21129989624023438,0.04466533660888672,3.030585765838623,18.0,18.0,0.0001,10000.0,hydrogen,"['x','ux','y','z','uz','uy']","{'x': [-3.0836542088745655e-06, -1.416348030392397e-06], 'y': [1.0449189126121074e-05, 1.2020468252227572e-05], 'z': [-2.489037188867473e-05, -2.3333310167546278e-05], 'ux': [0.0001819080548437245, 0.0009213953354317778], 'uy': [-0.005939442208469653, 0.0015832343969463488], 'uz': [-0.022234714557728366, -0.010915422312534603]}",1314437.0
37.0,0.01%,"('ux','uy','uz','x','y','z')",25.0,GeoIndex,Rtree,File,None,False,True,True,0.05253791809082031,0.0005238056182861328,1.3828277587890625e-05,0.0004405975341796875,,2.0656931400299072,0.353931188583374,0.06424689292907715,0.21222233772277832,0.04464149475097656,2.8071515560150146,18.0,18.0,0.0001,10000.0,hydrogen,"['x','ux','y','z','uz','uy']","{'x': [-3.0836542088745655e-06, -1.416348030392397e-06], 'y': [1.0449189126121074e-05, 1.2020468252227572e-05], 'z': [-2.489037188867473e-05, -2.3333310167546278e-05], 'ux': [0.0001819080548437245, 0.0009213953354317778], 'uy': [-0.005939442208469653, 0.0015832343969463488], 'uz': [-0.022234714557728366, -0.010915422312534603]}",1314437.0
38.0,0.01%,"('ux','uy','uz','x','y','z')",1.0,Original,,,,,False,,,,,,,2245.8488698005676,558.5408816337585,802.8218622207642,175.94676637649536,11.706553220748901,3807.936627149582,,,9.9e-05,10000.0,hydrogen,"['ux','y','uy','z','x']","{'x': [-2.9218647393077622e-06, -1.4797346316412975e-06], 'y': [-9.101098345168431e-06, -7.446705522955124e-06], 'z': [1.137076334014721e-05, 1.3027149647613272e-05], 'ux': [-0.04284601874730476, 0.002385722810066989], 'uy': [-0.1201789031981979, 0.00584391505618323], 'uz': [-0.03317380328499946, 0.053032239678245344]}",1215787.0
38.0,0.01%,"('ux','uy','uz','x','y','z')",4.0,GeoIndex,Min-Max,File,None,False,True,,0.19827580451965332,0.0036163330078125,1.7404556274414062e-05,0.0003838539123535156,,2.102181911468506,0.36214351654052734,0.42868614196777344,0.21068859100341797,0.042395830154418945,3.3953754901885986,18.0,18.0,9.9e-05,10000.0,hydrogen,"['ux','y','uy','z','x']","{'x': [-2.9218647393077622e-06, -1.4797346316412975e-06], 'y': [-9.101098345168431e-06, -7.446705522955124e-06], 'z': [1.137076334014721e-05, 1.3027149647613272e-05], 'ux': [-0.04284601874730476, 0.002385722810066989], 'uy': [-0.1201789031981979, 0.00584391505618323], 'uz': [-0.03317380328499946, 0.053032239678245344]}",1215787.0
38.0,0.01%,"('ux','uy','uz','x','y','z')",5.0,GeoIndex,Rtree,File,None,False,True,,0.07487893104553223,0.0007374286651611328,1.430511474609375e-05,0.0003838539123535156,,2.0748038291931152,0.3679811954498291,0.4201631546020508,0.20480918884277344,0.04182887077331543,3.2046117782592773,18.0,18.0,9.9e-05,10000.0,hydrogen,"['ux','y','uy','z','x']","{'x': [-2.9218647393077622e-06, -1.4797346316412975e-06], 'y': [-9.101098345168431e-06, -7.446705522955124e-06], 'z': [1.137076334014721e-05, 1.3027149647613272e-05], 'ux': [-0.04284601874730476, 0.002385722810066989], 'uy': [-0.1201789031981979, 0.00584391505618323], 'uz': [-0.03317380328499946, 0.053032239678245344]}",1215787.0
38.0,0.01%,"('ux','uy','uz','x','y','z')",22.0,GeoIndex,Min-Max,File,None,True,False,True,0.19879746437072754,0.003565073013305664,,,9.512901306152344e-05,2.1124043464660645,0.3584928512573242,0.05734133720397949,0.2136540412902832,0.0419464111328125,3.0300590991973877,18.0,18.0,9.9e-05,10000.0,hydrogen,"['ux','y','uy','z','x']","{'x': [-2.9218647393077622e-06, -1.4797346316412975e-06], 'y': [-9.101098345168431e-06, -7.446705522955124e-06], 'z': [1.137076334014721e-05, 1.3027149647613272e-05], 'ux': [-0.04284601874730476, 0.002385722810066989], 'uy': [-0.1201789031981979, 0.00584391505618323], 'uz': [-0.03317380328499946, 0.053032239678245344]}",1215787.0
38.0,0.01%,"('ux','uy','uz','x','y','z')",23.0,GeoIndex,Rtree,File,None,True,False,True,0.07509779930114746,0.0007274150848388672,,,9.202957153320312e-05,2.0743207931518555,0.3617541790008545,0.05746769905090332,0.21505236625671387,0.04115104675292969,2.8429172039031982,18.0,18.0,9.9e-05,10000.0,hydrogen,"['ux','y','uy','z','x']","{'x': [-2.9218647393077622e-06, -1.4797346316412975e-06], 'y': [-9.101098345168431e-06, -7.446705522955124e-06], 'z': [1.137076334014721e-05, 1.3027149647613272e-05], 'ux': [-0.04284601874730476, 0.002385722810066989], 'uy': [-0.1201789031981979, 0.00584391505618323], 'uz': [-0.03317380328499946, 0.053032239678245344]}",1215787.0
38.0,0.01%,"('ux','uy','uz','x','y','z')",24.0,GeoIndex,Min-Max,File,None,False,True,True,0.20006990432739258,0.0036149024963378906,1.621246337890625e-05,0.0003838539123535156,,2.1201183795928955,0.35907959938049316,0.057991743087768555,0.21478939056396484,0.041506290435791016,3.041857957839966,18.0,18.0,9.9e-05,10000.0,hydrogen,"['ux','y','uy','z','x']","{'x': [-2.9218647393077622e-06, -1.4797346316412975e-06], 'y': [-9.101098345168431e-06, -7.446705522955124e-06], 'z': [1.137076334014721e-05, 1.3027149647613272e-05], 'ux': [-0.04284601874730476, 0.002385722810066989], 'uy': [-0.1201789031981979, 0.00584391505618323], 'uz': [-0.03317380328499946, 0.053032239678245344]}",1215787.0
38.0,0.01%,"('ux','uy','uz','x','y','z')",25.0,GeoIndex,Rtree,File,None,False,True,True,0.07578182220458984,0.0007336139678955078,1.4543533325195312e-05,0.00038504600524902344,,2.16625714302063,0.3690047264099121,0.05876445770263672,0.22032928466796875,0.0425419807434082,2.9519896507263184,18.0,18.0,9.9e-05,10000.0,hydrogen,"['ux','y','uy','z','x']","{'x': [-2.9218647393077622e-06, -1.4797346316412975e-06], 'y': [-9.101098345168431e-06, -7.446705522955124e-06], 'z': [1.137076334014721e-05, 1.3027149647613272e-05], 'ux': [-0.04284601874730476, 0.002385722810066989], 'uy': [-0.1201789031981979, 0.00584391505618323], 'uz': [-0.03317380328499946, 0.053032239678245344]}",1215787.0
39.0,0.01%,"('ux','uy','uz','x','y','z')",1.0,Original,,,,,False,,,,,,,2309.406564950943,569.6670858860016,780.9836566448212,177.93244194984436,11.433405876159668,3862.116782426834,,,0.000101,10000.0,hydrogen,"['ux','uz','y','z','x']","{'x': [4.460791028830414e-06, 6.011203655768474e-06], 'y': [-8.965691382543591e-06, -7.45762263009137e-06], 'z': [-3.228061972250449e-05, -3.085538904296309e-05], 'ux': [-0.0021821493429563335, -0.001232893254802613], 'uy': [0.003809031328700214, 0.005170960015119457], 'uz': [-0.00538803467210681, -0.004004081591264427]}",1089771.0
39.0,0.01%,"('ux','uy','uz','x','y','z')",4.0,GeoIndex,Min-Max,File,None,False,True,,0.123138427734375,0.0038292407989501953,1.4781951904296875e-05,0.00025534629821777344,,1.4893009662628174,0.23110580444335938,0.26303791999816895,0.12505483627319336,0.03557085990905762,2.2987306118011475,12.0,12.0,0.000101,10000.0,hydrogen,"['ux','uz','y','z','x']","{'x': [4.460791028830414e-06, 6.011203655768474e-06], 'y': [-8.965691382543591e-06, -7.45762263009137e-06], 'z': [-3.228061972250449e-05, -3.085538904296309e-05], 'ux': [-0.0021821493429563335, -0.001232893254802613], 'uy': [0.003809031328700214, 0.005170960015119457], 'uz': [-0.00538803467210681, -0.004004081591264427]}",1089771.0
39.0,0.01%,"('ux','uy','uz','x','y','z')",5.0,GeoIndex,Rtree,File,None,False,True,,0.04238247871398926,0.00013065338134765625,1.1682510375976562e-05,0.00025081634521484375,,1.4591941833496094,0.21929168701171875,0.26334476470947266,0.12382841110229492,0.0363619327545166,2.1549861431121826,12.0,12.0,0.000101,10000.0,hydrogen,"['ux','uz','y','z','x']","{'x': [4.460791028830414e-06, 6.011203655768474e-06], 'y': [-8.965691382543591e-06, -7.45762263009137e-06], 'z': [-3.228061972250449e-05, -3.085538904296309e-05], 'ux': [-0.0021821493429563335, -0.001232893254802613], 'uy': [0.003809031328700214, 0.005170960015119457], 'uz': [-0.00538803467210681, -0.004004081591264427]}",1089771.0
39.0,0.01%,"('ux','uy','uz','x','y','z')",22.0,GeoIndex,Min-Max,File,None,True,False,True,0.1221463680267334,0.0038976669311523438,,,6.961822509765625e-05,1.4599437713623047,0.24958515167236328,0.05485677719116211,0.13489174842834473,0.03651905059814453,2.084869146347046,12.0,12.0,0.000101,10000.0,hydrogen,"['ux','uz','y','z','x']","{'x': [4.460791028830414e-06, 6.011203655768474e-06], 'y': [-8.965691382543591e-06, -7.45762263009137e-06], 'z': [-3.228061972250449e-05, -3.085538904296309e-05], 'ux': [-0.0021821493429563335, -0.001232893254802613], 'uy': [0.003809031328700214, 0.005170960015119457], 'uz': [-0.00538803467210681, -0.004004081591264427]}",1089771.0
39.0,0.01%,"('ux','uy','uz','x','y','z')",23.0,GeoIndex,Rtree,File,None,True,False,True,0.0424199104309082,0.00013375282287597656,,,6.413459777832031e-05,1.3961775302886963,0.23848915100097656,0.05488467216491699,0.1275649070739746,0.0356602668762207,1.9021930694580078,12.0,12.0,0.000101,10000.0,hydrogen,"['ux','uz','y','z','x']","{'x': [4.460791028830414e-06, 6.011203655768474e-06], 'y': [-8.965691382543591e-06, -7.45762263009137e-06], 'z': [-3.228061972250449e-05, -3.085538904296309e-05], 'ux': [-0.0021821493429563335, -0.001232893254802613], 'uy': [0.003809031328700214, 0.005170960015119457], 'uz': [-0.00538803467210681, -0.004004081591264427]}",1089771.0
39.0,0.01%,"('ux','uy','uz','x','y','z')",24.0,GeoIndex,Min-Max,File,None,False,True,True,0.12215137481689453,0.0039010047912597656,1.52587890625e-05,0.00025343894958496094,,1.519089698791504,0.24608063697814941,0.056510210037231445,0.13169646263122559,0.03607296943664551,2.1407620906829834,12.0,12.0,0.000101,10000.0,hydrogen,"['ux','uz','y','z','x']","{'x': [4.460791028830414e-06, 6.011203655768474e-06], 'y': [-8.965691382543591e-06, -7.45762263009137e-06], 'z': [-3.228061972250449e-05, -3.085538904296309e-05], 'ux': [-0.0021821493429563335, -0.001232893254802613], 'uy': [0.003809031328700214, 0.005170960015119457], 'uz': [-0.00538803467210681, -0.004004081591264427]}",1089771.0
39.0,0.01%,"('ux','uy','uz','x','y','z')",25.0,GeoIndex,Rtree,File,None,False,True,True,0.04263782501220703,0.00013566017150878906,1.3589859008789062e-05,0.0002574920654296875,,1.4711415767669678,0.24392056465148926,0.055986642837524414,0.13056278228759766,0.03745269775390625,1.991633653640747,12.0,12.0,0.000101,10000.0,hydrogen,"['ux','uz','y','z','x']","{'x': [4.460791028830414e-06, 6.011203655768474e-06], 'y': [-8.965691382543591e-06, -7.45762263009137e-06], 'z': [-3.228061972250449e-05, -3.085538904296309e-05], 'ux': [-0.0021821493429563335, -0.001232893254802613], 'uy': [0.003809031328700214, 0.005170960015119457], 'uz': [-0.00538803467210681, -0.004004081591264427]}",1089771.0
40.0,0.01%,"('ux','uy','uz','x','y','z')",1.0,Original,,,,,False,,,,,,,2288.162297487259,502.1176288127899,748.804117679596,244.64669513702393,13.976377964019775,3808.526522397995,,,0.0001,10000.0,hydrogen,"['y','z','x','uz','ux','uy']","{'x': [-8.91569479280377e-08, 1.5891558137758615e-06], 'y': [2.9675683998584023e-06, 4.532430180047332e-06], 'z': [-3.811451512570203e-06, -2.043813049780593e-06], 'ux': [-0.039084276359688926, 0.04845625793570862], 'uy': [-0.03805461348700259, 0.11374951978634365], 'uz': [-0.0639223570492262, 0.08492403955891654]}",1312606.0
40.0,0.01%,"('ux','uy','uz','x','y','z')",4.0,GeoIndex,Min-Max,File,None,False,True,,0.2117781639099121,0.004465818405151367,2.1219253540039062e-05,0.0006494522094726562,,2.626455307006836,0.4173567295074463,0.46030116081237793,0.23981881141662598,0.052123069763183594,4.0627601146698,27.0,27.0,0.0001,10000.0,hydrogen,"['y','z','x','uz','ux','uy']","{'x': [-8.91569479280377e-08, 1.5891558137758615e-06], 'y': [2.9675683998584023e-06, 4.532430180047332e-06], 'z': [-3.811451512570203e-06, -2.043813049780593e-06], 'ux': [-0.039084276359688926, 0.04845625793570862], 'uy': [-0.03805461348700259, 0.11374951978634365], 'uz': [-0.0639223570492262, 0.08492403955891654]}",1312606.0
40.0,0.01%,"('ux','uy','uz','x','y','z')",5.0,GeoIndex,Rtree,File,None,False,True,,0.08410239219665527,0.0008108615875244141,1.811981201171875e-05,0.0006611347198486328,,2.6387851238250732,0.43477582931518555,0.4719843864440918,0.24782133102416992,0.053438663482666016,3.9544239044189453,27.0,27.0,0.0001,10000.0,hydrogen,"['y','z','x','uz','ux','uy']","{'x': [-8.91569479280377e-08, 1.5891558137758615e-06], 'y': [2.9675683998584023e-06, 4.532430180047332e-06], 'z': [-3.811451512570203e-06, -2.043813049780593e-06], 'ux': [-0.039084276359688926, 0.04845625793570862], 'uy': [-0.03805461348700259, 0.11374951978634365], 'uz': [-0.0639223570492262, 0.08492403955891654]}",1312606.0
40.0,0.01%,"('ux','uy','uz','x','y','z')",22.0,GeoIndex,Min-Max,File,None,True,False,True,0.21257352828979492,0.004503011703491211,,,0.0001304149627685547,2.730847120285034,0.4132826328277588,0.07266879081726074,0.2543318271636963,0.05201292037963867,3.788595676422119,27.0,27.0,0.0001,10000.0,hydrogen,"['y','z','x','uz','ux','uy']","{'x': [-8.91569479280377e-08, 1.5891558137758615e-06], 'y': [2.9675683998584023e-06, 4.532430180047332e-06], 'z': [-3.811451512570203e-06, -2.043813049780593e-06], 'ux': [-0.039084276359688926, 0.04845625793570862], 'uy': [-0.03805461348700259, 0.11374951978634365], 'uz': [-0.0639223570492262, 0.08492403955891654]}",1312606.0
40.0,0.01%,"('ux','uy','uz','x','y','z')",23.0,GeoIndex,Rtree,File,None,True,False,True,0.08390545845031738,0.0008053779602050781,,,0.0001289844512939453,2.5840141773223877,0.40488719940185547,0.07228279113769531,0.24340128898620605,0.05155324935913086,3.4577901363372803,27.0,27.0,0.0001,10000.0,hydrogen,"['y','z','x','uz','ux','uy']","{'x': [-8.91569479280377e-08, 1.5891558137758615e-06], 'y': [2.9675683998584023e-06, 4.532430180047332e-06], 'z': [-3.811451512570203e-06, -2.043813049780593e-06], 'ux': [-0.039084276359688926, 0.04845625793570862], 'uy': [-0.03805461348700259, 0.11374951978634365], 'uz': [-0.0639223570492262, 0.08492403955891654]}",1312606.0
40.0,0.01%,"('ux','uy','uz','x','y','z')",24.0,GeoIndex,Min-Max,File,None,False,True,True,0.21349525451660156,0.004638195037841797,2.0503997802734375e-05,0.0006802082061767578,,2.682870626449585,0.410006046295166,0.07233476638793945,0.24487900733947754,0.05089879035949707,3.7234199047088623,27.0,27.0,0.0001,10000.0,hydrogen,"['y','z','x','uz','ux','uy']","{'x': [-8.91569479280377e-08, 1.5891558137758615e-06], 'y': [2.9675683998584023e-06, 4.532430180047332e-06], 'z': [-3.811451512570203e-06, -2.043813049780593e-06], 'ux': [-0.039084276359688926, 0.04845625793570862], 'uy': [-0.03805461348700259, 0.11374951978634365], 'uz': [-0.0639223570492262, 0.08492403955891654]}",1312606.0
40.0,0.01%,"('ux','uy','uz','x','y','z')",25.0,GeoIndex,Rtree,File,None,False,True,True,0.08493161201477051,0.0008113384246826172,1.6927719116210938e-05,0.0006663799285888672,,2.536205530166626,0.409832239151001,0.07142305374145508,0.24185991287231445,0.05069994926452637,3.4131722450256348,27.0,27.0,0.0001,10000.0,hydrogen,"['y','z','x','uz','ux','uy']","{'x': [-8.91569479280377e-08, 1.5891558137758615e-06], 'y': [2.9675683998584023e-06, 4.532430180047332e-06], 'z': [-3.811451512570203e-06, -2.043813049780593e-06], 'ux': [-0.039084276359688926, 0.04845625793570862], 'uy': [-0.03805461348700259, 0.11374951978634365], 'uz': [-0.0639223570492262, 0.08492403955891654]}",1312606.0
41.0,0.01%,"('ux','uy','uz','x','y','z')",1.0,Original,,,,,False,,,,,,,2355.6107795238495,729.862536907196,1144.5309751033783,269.8589663505554,11.967133522033691,4524.30212521553,,,9.9e-05,10000.0,hydrogen,"['uz','uy','x','ux','z','y']","{'x': [-4.5200772766146675e-06, -2.911415019415715e-06], 'y': [-8.89775445392319e-06, -7.425554966173511e-06], 'z': [-3.404502043117333e-05, -3.235996383133614e-05], 'ux': [0.0005703060294374349, 0.0015611849566095407], 'uy': [0.003801252910103449, 0.00489232244901874], 'uz': [-0.004215513449318216, -0.0031572802247636063]}",1247208.0
41.0,0.01%,"('ux','uy','uz','x','y','z')",4.0,GeoIndex,Min-Max,File,None,False,True,,0.125152587890625,0.003942728042602539,1.6927719116210938e-05,0.00035190582275390625,,1.8669490814208984,0.3065621852874756,0.3423576354980469,0.16573071479797363,0.043856143951416016,2.8829965591430664,16.0,16.0,9.9e-05,10000.0,hydrogen,"['uz','uy','x','ux','z','y']","{'x': [-4.5200772766146675e-06, -2.911415019415715e-06], 'y': [-8.89775445392319e-06, -7.425554966173511e-06], 'z': [-3.404502043117333e-05, -3.235996383133614e-05], 'ux': [0.0005703060294374349, 0.0015611849566095407], 'uy': [0.003801252910103449, 0.00489232244901874], 'uz': [-0.004215513449318216, -0.0031572802247636063]}",1247208.0
41.0,0.01%,"('ux','uy','uz','x','y','z')",5.0,GeoIndex,Rtree,File,None,False,True,,0.04335665702819824,0.0001513957977294922,1.33514404296875e-05,0.0003504753112792969,,1.8673255443572998,0.3234269618988037,0.3472614288330078,0.1756608486175537,0.04401063919067383,2.813194513320923,16.0,16.0,9.9e-05,10000.0,hydrogen,"['uz','uy','x','ux','z','y']","{'x': [-4.5200772766146675e-06, -2.911415019415715e-06], 'y': [-8.89775445392319e-06, -7.425554966173511e-06], 'z': [-3.404502043117333e-05, -3.235996383133614e-05], 'ux': [0.0005703060294374349, 0.0015611849566095407], 'uy': [0.003801252910103449, 0.00489232244901874], 'uz': [-0.004215513449318216, -0.0031572802247636063]}",1247208.0
41.0,0.01%,"('ux','uy','uz','x','y','z')",22.0,GeoIndex,Min-Max,File,None,True,False,True,0.1253349781036377,0.003771543502807617,,,8.368492126464844e-05,1.8663034439086914,0.3038640022277832,0.05601096153259277,0.18181395530700684,0.044239044189453125,2.608492136001587,16.0,16.0,9.9e-05,10000.0,hydrogen,"['uz','uy','x','ux','z','y']","{'x': [-4.5200772766146675e-06, -2.911415019415715e-06], 'y': [-8.89775445392319e-06, -7.425554966173511e-06], 'z': [-3.404502043117333e-05, -3.235996383133614e-05], 'ux': [0.0005703060294374349, 0.0015611849566095407], 'uy': [0.003801252910103449, 0.00489232244901874], 'uz': [-0.004215513449318216, -0.0031572802247636063]}",1247208.0
41.0,0.01%,"('ux','uy','uz','x','y','z')",23.0,GeoIndex,Rtree,File,None,True,False,True,0.043565988540649414,0.0001499652862548828,,,8.034706115722656e-05,1.8051824569702148,0.2884829044342041,0.05580329895019531,0.17181944847106934,0.044004201889038086,2.4187068939208984,16.0,16.0,9.9e-05,10000.0,hydrogen,"['uz','uy','x','ux','z','y']","{'x': [-4.5200772766146675e-06, -2.911415019415715e-06], 'y': [-8.89775445392319e-06, -7.425554966173511e-06], 'z': [-3.404502043117333e-05, -3.235996383133614e-05], 'ux': [0.0005703060294374349, 0.0015611849566095407], 'uy': [0.003801252910103449, 0.00489232244901874], 'uz': [-0.004215513449318216, -0.0031572802247636063]}",1247208.0
41.0,0.01%,"('ux','uy','uz','x','y','z')",24.0,GeoIndex,Min-Max,File,None,False,True,True,0.12668585777282715,0.0037546157836914062,1.621246337890625e-05,0.00035452842712402344,,1.8531649112701416,0.29714441299438477,0.05533576011657715,0.17807888984680176,0.04406619071960449,2.585216522216797,16.0,16.0,9.9e-05,10000.0,hydrogen,"['uz','uy','x','ux','z','y']","{'x': [-4.5200772766146675e-06, -2.911415019415715e-06], 'y': [-8.89775445392319e-06, -7.425554966173511e-06], 'z': [-3.404502043117333e-05, -3.235996383133614e-05], 'ux': [0.0005703060294374349, 0.0015611849566095407], 'uy': [0.003801252910103449, 0.00489232244901874], 'uz': [-0.004215513449318216, -0.0031572802247636063]}",1247208.0
41.0,0.01%,"('ux','uy','uz','x','y','z')",25.0,GeoIndex,Rtree,File,None,False,True,True,0.043689727783203125,0.00014972686767578125,1.2636184692382812e-05,0.000347137451171875,,1.7993624210357666,0.3020904064178467,0.056138038635253906,0.1812281608581543,0.04453635215759277,2.437701463699341,16.0,16.0,9.9e-05,10000.0,hydrogen,"['uz','uy','x','ux','z','y']","{'x': [-4.5200772766146675e-06, -2.911415019415715e-06], 'y': [-8.89775445392319e-06, -7.425554966173511e-06], 'z': [-3.404502043117333e-05, -3.235996383133614e-05], 'ux': [0.0005703060294374349, 0.0015611849566095407], 'uy': [0.003801252910103449, 0.00489232244901874], 'uz': [-0.004215513449318216, -0.0031572802247636063]}",1247208.0
42.0,0.01%,"('ux','uy','uz','x','y','z')",1.0,Original,,,,,False,,,,,,,2338.1960611343384,688.0141742229462,1148.7026152610779,229.41291546821594,10.526725053787231,4428.047634124756,,,0.000101,10000.0,hydrogen,"['z','y','uz','ux','x']","{'x': [-1.0557537679578187e-05, -9.145930582885621e-06], 'y': [-3.0547954482634014e-06, -1.5566100284646336e-06], 'z': [3.5747692682461596e-05, 3.720870441139926e-05], 'ux': [0.013280235009289603, 0.019966074710152503], 'uy': [0.003090543781193601, 0.007241513335467596], 'uz': [0.012942411278753141, 0.01635706932400992]}",1080818.0
42.0,0.01%,"('ux','uy','uz','x','y','z')",4.0,GeoIndex,Min-Max,File,None,False,True,,0.10689878463745117,0.0029609203338623047,1.2636184692382812e-05,0.0001404285430908203,,1.0032038688659668,0.16185832023620605,0.14737462997436523,0.06823372840881348,0.03092217445373535,1.5438950061798096,8.0,8.0,0.000101,10000.0,hydrogen,"['z','y','uz','ux','x']","{'x': [-1.0557537679578187e-05, -9.145930582885621e-06], 'y': [-3.0547954482634014e-06, -1.5566100284646336e-06], 'z': [3.5747692682461596e-05, 3.720870441139926e-05], 'ux': [0.013280235009289603, 0.019966074710152503], 'uy': [0.003090543781193601, 0.007241513335467596], 'uz': [0.012942411278753141, 0.01635706932400992]}",1080818.0
42.0,0.01%,"('ux','uy','uz','x','y','z')",5.0,GeoIndex,Rtree,File,None,False,True,,0.04040670394897461,0.00011730194091796875,1.1444091796875e-05,0.00014019012451171875,,0.9941036701202393,0.15309929847717285,0.1483762264251709,0.07044482231140137,0.029063701629638672,1.4441077709197998,8.0,8.0,0.000101,10000.0,hydrogen,"['z','y','uz','ux','x']","{'x': [-1.0557537679578187e-05, -9.145930582885621e-06], 'y': [-3.0547954482634014e-06, -1.5566100284646336e-06], 'z': [3.5747692682461596e-05, 3.720870441139926e-05], 'ux': [0.013280235009289603, 0.019966074710152503], 'uy': [0.003090543781193601, 0.007241513335467596], 'uz': [0.012942411278753141, 0.01635706932400992]}",1080818.0
42.0,0.01%,"('ux','uy','uz','x','y','z')",22.0,GeoIndex,Min-Max,File,None,True,False,True,0.1074063777923584,0.002951383590698242,,,5.221366882324219e-05,1.0175566673278809,0.14337825775146484,0.03632688522338867,0.07127785682678223,0.031085491180419922,1.430333137512207,8.0,8.0,0.000101,10000.0,hydrogen,"['z','y','uz','ux','x']","{'x': [-1.0557537679578187e-05, -9.145930582885621e-06], 'y': [-3.0547954482634014e-06, -1.5566100284646336e-06], 'z': [3.5747692682461596e-05, 3.720870441139926e-05], 'ux': [0.013280235009289603, 0.019966074710152503], 'uy': [0.003090543781193601, 0.007241513335467596], 'uz': [0.012942411278753141, 0.01635706932400992]}",1080818.0
42.0,0.01%,"('ux','uy','uz','x','y','z')",23.0,GeoIndex,Rtree,File,None,True,False,True,0.04038643836975098,0.00011515617370605469,,,4.935264587402344e-05,1.0202665328979492,0.14075016975402832,0.035952091217041016,0.06955337524414062,0.03095412254333496,1.3440728187561035,8.0,8.0,0.000101,10000.0,hydrogen,"['z','y','uz','ux','x']","{'x': [-1.0557537679578187e-05, -9.145930582885621e-06], 'y': [-3.0547954482634014e-06, -1.5566100284646336e-06], 'z': [3.5747692682461596e-05, 3.720870441139926e-05], 'ux': [0.013280235009289603, 0.019966074710152503], 'uy': [0.003090543781193601, 0.007241513335467596], 'uz': [0.012942411278753141, 0.01635706932400992]}",1080818.0
42.0,0.01%,"('ux','uy','uz','x','y','z')",24.0,GeoIndex,Min-Max,File,None,False,True,True,0.10825538635253906,0.002873659133911133,1.239776611328125e-05,0.000141143798828125,,1.0562396049499512,0.15797901153564453,0.0435943603515625,0.07085919380187988,0.029958486557006836,1.4901666641235352,8.0,8.0,0.000101,10000.0,hydrogen,"['z','y','uz','ux','x']","{'x': [-1.0557537679578187e-05, -9.145930582885621e-06], 'y': [-3.0547954482634014e-06, -1.5566100284646336e-06], 'z': [3.5747692682461596e-05, 3.720870441139926e-05], 'ux': [0.013280235009289603, 0.019966074710152503], 'uy': [0.003090543781193601, 0.007241513335467596], 'uz': [0.012942411278753141, 0.01635706932400992]}",1080818.0
42.0,0.01%,"('ux','uy','uz','x','y','z')",25.0,GeoIndex,Rtree,File,None,False,True,True,0.04028630256652832,0.00011682510375976562,9.298324584960938e-06,0.00013875961303710938,,1.0352036952972412,0.15370392799377441,0.042197227478027344,0.06671333312988281,0.029199600219726562,1.373652696609497,8.0,8.0,0.000101,10000.0,hydrogen,"['z','y','uz','ux','x']","{'x': [-1.0557537679578187e-05, -9.145930582885621e-06], 'y': [-3.0547954482634014e-06, -1.5566100284646336e-06], 'z': [3.5747692682461596e-05, 3.720870441139926e-05], 'ux': [0.013280235009289603, 0.019966074710152503], 'uy': [0.003090543781193601, 0.007241513335467596], 'uz': [0.012942411278753141, 0.01635706932400992]}",1080818.0
43.0,0.01%,"('ux','uy','uz','x','y','z')",1.0,Original,,,,,False,,,,,,,2263.7059922218323,549.6091830730438,782.2526755332947,177.7031762599945,10.219623804092407,3796.1902968883514,,,0.0001,10000.0,hydrogen,"['ux','uz','y','z']","{'x': [6.00000013589134e-06, 7.499999641982651e-06], 'y': [4.1346884948869303e-07, 3.7710763562874186e-06], 'z': [3.812957879462228e-05, 3.9337780487466966e-05], 'ux': [-0.01500484172944008, -0.008356170377528605], 'uy': [-0.005907183033466281, -0.0015900041433167293], 'uz': [0.009258903311107007, 0.012368205327261652]}",1316068.0
43.0,0.01%,"('ux','uy','uz','x','y','z')",4.0,GeoIndex,Min-Max,File,None,False,True,,0.11338448524475098,0.002110004425048828,1.0728836059570312e-05,0.00010347366333007812,,0.7654998302459717,0.10440278053283691,0.0926666259765625,0.04262065887451172,0.03041672706604004,1.1745069026947021,6.0,6.0,0.0001,10000.0,hydrogen,"['ux','uz','y','z']","{'x': [6.00000013589134e-06, 7.499999641982651e-06], 'y': [4.1346884948869303e-07, 3.7710763562874186e-06], 'z': [3.812957879462228e-05, 3.9337780487466966e-05], 'ux': [-0.01500484172944008, -0.008356170377528605], 'uy': [-0.005907183033466281, -0.0015900041433167293], 'uz': [0.009258903311107007, 0.012368205327261652]}",1316068.0
43.0,0.01%,"('ux','uy','uz','x','y','z')",5.0,GeoIndex,Rtree,File,None,False,True,,0.04113960266113281,0.0001239776611328125,1.0251998901367188e-05,0.00010323524475097656,,0.776261568069458,0.11557507514953613,0.09352517127990723,0.044393062591552734,0.030583858489990234,1.1098356246948242,6.0,6.0,0.0001,10000.0,hydrogen,"['ux','uz','y','z']","{'x': [6.00000013589134e-06, 7.499999641982651e-06], 'y': [4.1346884948869303e-07, 3.7710763562874186e-06], 'z': [3.812957879462228e-05, 3.9337780487466966e-05], 'ux': [-0.01500484172944008, -0.008356170377528605], 'uy': [-0.005907183033466281, -0.0015900041433167293], 'uz': [0.009258903311107007, 0.012368205327261652]}",1316068.0
43.0,0.01%,"('ux','uy','uz','x','y','z')",22.0,GeoIndex,Min-Max,File,None,True,False,True,0.11301183700561523,0.002170085906982422,,,4.3392181396484375e-05,0.8280124664306641,0.10888528823852539,0.043035268783569336,0.044536590576171875,0.03149867057800293,1.1942014694213867,6.0,6.0,0.0001,10000.0,hydrogen,"['ux','uz','y','z']","{'x': [6.00000013589134e-06, 7.499999641982651e-06], 'y': [4.1346884948869303e-07, 3.7710763562874186e-06], 'z': [3.812957879462228e-05, 3.9337780487466966e-05], 'ux': [-0.01500484172944008, -0.008356170377528605], 'uy': [-0.005907183033466281, -0.0015900041433167293], 'uz': [0.009258903311107007, 0.012368205327261652]}",1316068.0
43.0,0.01%,"('ux','uy','uz','x','y','z')",23.0,GeoIndex,Rtree,File,None,True,False,True,0.04126381874084473,0.00012683868408203125,,,4.1484832763671875e-05,0.8003571033477783,0.11269760131835938,0.04427313804626465,0.04625225067138672,0.03183436393737793,1.0837435722351074,6.0,6.0,0.0001,10000.0,hydrogen,"['ux','uz','y','z']","{'x': [6.00000013589134e-06, 7.499999641982651e-06], 'y': [4.1346884948869303e-07, 3.7710763562874186e-06], 'z': [3.812957879462228e-05, 3.9337780487466966e-05], 'ux': [-0.01500484172944008, -0.008356170377528605], 'uy': [-0.005907183033466281, -0.0015900041433167293], 'uz': [0.009258903311107007, 0.012368205327261652]}",1316068.0
43.0,0.01%,"('ux','uy','uz','x','y','z')",24.0,GeoIndex,Min-Max,File,None,False,True,True,0.11379814147949219,0.002196073532104492,1.049041748046875e-05,0.00010752677917480469,,0.7964022159576416,0.10065388679504395,0.03715038299560547,0.04519939422607422,0.03115057945251465,1.1494345664978027,6.0,6.0,0.0001,10000.0,hydrogen,"['ux','uz','y','z']","{'x': [6.00000013589134e-06, 7.499999641982651e-06], 'y': [4.1346884948869303e-07, 3.7710763562874186e-06], 'z': [3.812957879462228e-05, 3.9337780487466966e-05], 'ux': [-0.01500484172944008, -0.008356170377528605], 'uy': [-0.005907183033466281, -0.0015900041433167293], 'uz': [0.009258903311107007, 0.012368205327261652]}",1316068.0
43.0,0.01%,"('ux','uy','uz','x','y','z')",25.0,GeoIndex,Rtree,File,None,False,True,True,0.041467905044555664,0.000125885009765625,1.0251998901367188e-05,0.00010275840759277344,,0.7785649299621582,0.0995030403137207,0.03716540336608887,0.045301198959350586,0.0310208797454834,1.0394213199615479,6.0,6.0,0.0001,10000.0,hydrogen,"['ux','uz','y','z']","{'x': [6.00000013589134e-06, 7.499999641982651e-06], 'y': [4.1346884948869303e-07, 3.7710763562874186e-06], 'z': [3.812957879462228e-05, 3.9337780487466966e-05], 'ux': [-0.01500484172944008, -0.008356170377528605], 'uy': [-0.005907183033466281, -0.0015900041433167293], 'uz': [0.009258903311107007, 0.012368205327261652]}",1316068.0
44.0,0.01%,"('ux','uy','uz','x','y','z')",1.0,Original,,,,,False,,,,,,,2282.820319414139,627.209630727768,714.495799779892,200.99379897117615,9.44403862953186,3846.0546531677246,,,0.0001,10000.0,hydrogen,"['ux','z','y','uy','uz','x']","{'x': [-1.0499997947863806e-05, -9.000000581519415e-06], 'y': [4.5000001221188145e-06, 5.999999411177016e-06], 'z': [-2.4868418930075627e-05, -2.3355263738531403e-05], 'ux': [-0.002192214999789213, 0.0033498007313923785], 'uy': [-0.0028712003040514814, -0.0020677239816230537], 'uz': [-0.027751791981678278, -0.014177764987031813]}",1313788.0
44.0,0.01%,"('ux','uy','uz','x','y','z')",4.0,GeoIndex,Min-Max,File,None,False,True,,0.12955975532531738,0.0023224353790283203,8.821487426757812e-06,3.0994415283203125e-06,,0.3621034622192383,0.02764725685119629,0.017457962036132812,0.011913537979125977,0.015316486358642578,0.5919919013977051,1.0,1.0,0.0001,10000.0,hydrogen,"['ux','z','y','uy','uz','x']","{'x': [-1.0499997947863806e-05, -9.000000581519415e-06], 'y': [4.5000001221188145e-06, 5.999999411177016e-06], 'z': [-2.4868418930075627e-05, -2.3355263738531403e-05], 'ux': [-0.002192214999789213, 0.0033498007313923785], 'uy': [-0.0028712003040514814, -0.0020677239816230537], 'uz': [-0.027751791981678278, -0.014177764987031813]}",1313788.0
44.0,0.01%,"('ux','uy','uz','x','y','z')",5.0,GeoIndex,Rtree,File,None,False,True,,0.04649925231933594,0.00016164779663085938,7.867813110351562e-06,3.0994415283203125e-06,,0.36246514320373535,0.027719736099243164,0.017515182495117188,0.010771751403808594,0.012857198715209961,0.48474574089050293,1.0,1.0,0.0001,10000.0,hydrogen,"['ux','z','y','uy','uz','x']","{'x': [-1.0499997947863806e-05, -9.000000581519415e-06], 'y': [4.5000001221188145e-06, 5.999999411177016e-06], 'z': [-2.4868418930075627e-05, -2.3355263738531403e-05], 'ux': [-0.002192214999789213, 0.0033498007313923785], 'uy': [-0.0028712003040514814, -0.0020677239816230537], 'uz': [-0.027751791981678278, -0.014177764987031813]}",1313788.0
44.0,0.01%,"('ux','uy','uz','x','y','z')",22.0,GeoIndex,Min-Max,File,None,True,False,True,0.12870407104492188,0.002360105514526367,,,2.2649765014648438e-05,0.3720266819000244,0.0198214054107666,0.03229546546936035,0.011237382888793945,0.014139175415039062,0.6048433780670166,1.0,1.0,0.0001,10000.0,hydrogen,"['ux','z','y','uy','uz','x']","{'x': [-1.0499997947863806e-05, -9.000000581519415e-06], 'y': [4.5000001221188145e-06, 5.999999411177016e-06], 'z': [-2.4868418930075627e-05, -2.3355263738531403e-05], 'ux': [-0.002192214999789213, 0.0033498007313923785], 'uy': [-0.0028712003040514814, -0.0020677239816230537], 'uz': [-0.027751791981678278, -0.014177764987031813]}",1313788.0
44.0,0.01%,"('ux','uy','uz','x','y','z')",23.0,GeoIndex,Rtree,File,None,True,False,True,0.046286582946777344,0.0001628398895263672,,,2.002716064453125e-05,0.36205196380615234,0.028961181640625,0.031169652938842773,0.01110219955444336,0.01152348518371582,0.49796175956726074,1.0,1.0,0.0001,10000.0,hydrogen,"['ux','z','y','uy','uz','x']","{'x': [-1.0499997947863806e-05, -9.000000581519415e-06], 'y': [4.5000001221188145e-06, 5.999999411177016e-06], 'z': [-2.4868418930075627e-05, -2.3355263738531403e-05], 'ux': [-0.002192214999789213, 0.0033498007313923785], 'uy': [-0.0028712003040514814, -0.0020677239816230537], 'uz': [-0.027751791981678278, -0.014177764987031813]}",1313788.0
44.0,0.01%,"('ux','uy','uz','x','y','z')",24.0,GeoIndex,Min-Max,File,None,False,True,True,0.12963652610778809,0.002343416213989258,7.62939453125e-06,2.86102294921875e-06,,0.36628079414367676,0.019294023513793945,0.030735254287719727,0.010727167129516602,0.014145135879516602,0.5973246097564697,1.0,1.0,0.0001,10000.0,hydrogen,"['ux','z','y','uy','uz','x']","{'x': [-1.0499997947863806e-05, -9.000000581519415e-06], 'y': [4.5000001221188145e-06, 5.999999411177016e-06], 'z': [-2.4868418930075627e-05, -2.3355263738531403e-05], 'ux': [-0.002192214999789213, 0.0033498007313923785], 'uy': [-0.0028712003040514814, -0.0020677239816230537], 'uz': [-0.027751791981678278, -0.014177764987031813]}",1313788.0
44.0,0.01%,"('ux','uy','uz','x','y','z')",25.0,GeoIndex,Rtree,File,None,False,True,True,0.04658842086791992,0.0001621246337890625,7.62939453125e-06,3.0994415283203125e-06,,0.3611104488372803,0.029239892959594727,0.03161787986755371,0.010966777801513672,0.012952089309692383,0.4994504451751709,1.0,1.0,0.0001,10000.0,hydrogen,"['ux','z','y','uy','uz','x']","{'x': [-1.0499997947863806e-05, -9.000000581519415e-06], 'y': [4.5000001221188145e-06, 5.999999411177016e-06], 'z': [-2.4868418930075627e-05, -2.3355263738531403e-05], 'ux': [-0.002192214999789213, 0.0033498007313923785], 'uy': [-0.0028712003040514814, -0.0020677239816230537], 'uz': [-0.027751791981678278, -0.014177764987031813]}",1313788.0
45.0,0.01%,"('ux','uy','uz','x','y','z')",1.0,Original,,,,,False,,,,,,,2263.2188427448273,563.0481779575348,833.5973935127258,175.07358384132385,10.665962934494019,3858.7783629894257,,,0.0001,10000.0,hydrogen,"['x','z','ux','uy','y','uz']","{'x': [6.007145774641614e-06, 7.524860149346356e-06], 'y': [8.999284979769986e-06, 1.043098101987121e-05], 'z': [1.2925410419230784e-05, 1.4508808369838277e-05], 'ux': [-0.001806025341365182, 0.1057068966742627], 'uy': [-0.01885187704097327, 0.14143816326527942], 'uz': [-0.04273384687457323, 0.051135215933967165]}",1259397.0
45.0,0.01%,"('ux','uy','uz','x','y','z')",4.0,GeoIndex,Min-Max,File,None,False,True,,0.19474077224731445,0.003605365753173828,1.3589859008789062e-05,0.0002562999725341797,,1.341609239578247,0.21486210823059082,0.23380565643310547,0.11065053939819336,0.03667092323303223,2.1812469959259033,12.0,12.0,0.0001,10000.0,hydrogen,"['x','z','ux','uy','y','uz']","{'x': [6.007145774641614e-06, 7.524860149346356e-06], 'y': [8.999284979769986e-06, 1.043098101987121e-05], 'z': [1.2925410419230784e-05, 1.4508808369838277e-05], 'ux': [-0.001806025341365182, 0.1057068966742627], 'uy': [-0.01885187704097327, 0.14143816326527942], 'uz': [-0.04273384687457323, 0.051135215933967165]}",1259397.0
45.0,0.01%,"('ux','uy','uz','x','y','z')",5.0,GeoIndex,Rtree,File,None,False,True,,0.07596826553344727,0.0007367134094238281,1.3113021850585938e-05,0.0002567768096923828,,1.3262648582458496,0.20949554443359375,0.23200535774230957,0.11174154281616211,0.03650164604187012,2.010063886642456,12.0,12.0,0.0001,10000.0,hydrogen,"['x','z','ux','uy','y','uz']","{'x': [6.007145774641614e-06, 7.524860149346356e-06], 'y': [8.999284979769986e-06, 1.043098101987121e-05], 'z': [1.2925410419230784e-05, 1.4508808369838277e-05], 'ux': [-0.001806025341365182, 0.1057068966742627], 'uy': [-0.01885187704097327, 0.14143816326527942], 'uz': [-0.04273384687457323, 0.051135215933967165]}",1259397.0
45.0,0.01%,"('ux','uy','uz','x','y','z')",22.0,GeoIndex,Min-Max,File,None,True,False,True,0.19686651229858398,0.0036237239837646484,,,6.771087646484375e-05,1.405456781387329,0.2313542366027832,0.05583310127258301,0.12436318397521973,0.03669333457946777,2.097531318664551,12.0,12.0,0.0001,10000.0,hydrogen,"['x','z','ux','uy','y','uz']","{'x': [6.007145774641614e-06, 7.524860149346356e-06], 'y': [8.999284979769986e-06, 1.043098101987121e-05], 'z': [1.2925410419230784e-05, 1.4508808369838277e-05], 'ux': [-0.001806025341365182, 0.1057068966742627], 'uy': [-0.01885187704097327, 0.14143816326527942], 'uz': [-0.04273384687457323, 0.051135215933967165]}",1259397.0
45.0,0.01%,"('ux','uy','uz','x','y','z')",23.0,GeoIndex,Rtree,File,None,True,False,True,0.07686972618103027,0.0007274150848388672,,,6.461143493652344e-05,1.3650000095367432,0.23160743713378906,0.04779839515686035,0.1171269416809082,0.0361485481262207,1.8897333145141602,12.0,12.0,0.0001,10000.0,hydrogen,"['x','z','ux','uy','y','uz']","{'x': [6.007145774641614e-06, 7.524860149346356e-06], 'y': [8.999284979769986e-06, 1.043098101987121e-05], 'z': [1.2925410419230784e-05, 1.4508808369838277e-05], 'ux': [-0.001806025341365182, 0.1057068966742627], 'uy': [-0.01885187704097327, 0.14143816326527942], 'uz': [-0.04273384687457323, 0.051135215933967165]}",1259397.0
45.0,0.01%,"('ux','uy','uz','x','y','z')",24.0,GeoIndex,Min-Max,File,None,False,True,True,0.1954357624053955,0.0036246776580810547,1.5020370483398438e-05,0.00025916099548339844,,1.368105173110962,0.20909810066223145,0.04534649848937988,0.12215709686279297,0.03641915321350098,2.024153470993042,12.0,12.0,0.0001,10000.0,hydrogen,"['x','z','ux','uy','y','uz']","{'x': [6.007145774641614e-06, 7.524860149346356e-06], 'y': [8.999284979769986e-06, 1.043098101987121e-05], 'z': [1.2925410419230784e-05, 1.4508808369838277e-05], 'ux': [-0.001806025341365182, 0.1057068966742627], 'uy': [-0.01885187704097327, 0.14143816326527942], 'uz': [-0.04273384687457323, 0.051135215933967165]}",1259397.0
45.0,0.01%,"('ux','uy','uz','x','y','z')",25.0,GeoIndex,Rtree,File,None,False,True,True,0.07619237899780273,0.0007410049438476562,1.1444091796875e-05,0.0002644062042236328,,1.320586919784546,0.21688532829284668,0.04649043083190918,0.12262797355651855,0.03683829307556152,1.835115671157837,12.0,12.0,0.0001,10000.0,hydrogen,"['x','z','ux','uy','y','uz']","{'x': [6.007145774641614e-06, 7.524860149346356e-06], 'y': [8.999284979769986e-06, 1.043098101987121e-05], 'z': [1.2925410419230784e-05, 1.4508808369838277e-05], 'ux': [-0.001806025341365182, 0.1057068966742627], 'uy': [-0.01885187704097327, 0.14143816326527942], 'uz': [-0.04273384687457323, 0.051135215933967165]}",1259397.0
46.0,0.01%,"('ux','uy','uz','x','y','z')",1.0,Original,,,,,False,,,,,,,2269.9605515003204,532.7336838245392,812.9535455703735,170.21659421920776,9.079062938690186,3808.037374019623,,,0.0001,10000.0,hydrogen,"['uz','z','x','ux','uy','y']","{'x': [-4.499998954449631e-06, -3.0059877705843655e-06], 'y': [6.000001224348176e-06, 7.4999997175171965e-06], 'z': [2.6578947526108724e-05, 2.798243271452926e-05], 'ux': [0.0027116368126666713, 0.007494932425306626], 'uy': [-0.023390614536971922, -0.01861839877331112], 'uz': [0.03735896651001648, 0.0540105412436461]}",1315937.0
46.0,0.01%,"('ux','uy','uz','x','y','z')",4.0,GeoIndex,Min-Max,File,None,False,True,,0.09207391738891602,0.0017571449279785156,8.344650268554688e-06,2.86102294921875e-06,,0.37684178352355957,0.030953168869018555,0.020278453826904297,0.013707637786865234,0.0167391300201416,0.5696628093719482,1.0,1.0,0.0001,10000.0,hydrogen,"['uz','z','x','ux','uy','y']","{'x': [-4.499998954449631e-06, -3.0059877705843655e-06], 'y': [6.000001224348176e-06, 7.4999997175171965e-06], 'z': [2.6578947526108724e-05, 2.798243271452926e-05], 'ux': [0.0027116368126666713, 0.007494932425306626], 'uy': [-0.023390614536971922, -0.01861839877331112], 'uz': [0.03735896651001648, 0.0540105412436461]}",1315937.0
46.0,0.01%,"('ux','uy','uz','x','y','z')",5.0,GeoIndex,Rtree,File,None,False,True,,0.0377960205078125,9.894371032714844e-05,6.198883056640625e-06,2.6226043701171875e-06,,0.38218235969543457,0.030889511108398438,0.01967024803161621,0.013460159301757812,0.016234159469604492,0.5063130855560303,1.0,1.0,0.0001,10000.0,hydrogen,"['uz','z','x','ux','uy','y']","{'x': [-4.499998954449631e-06, -3.0059877705843655e-06], 'y': [6.000001224348176e-06, 7.4999997175171965e-06], 'z': [2.6578947526108724e-05, 2.798243271452926e-05], 'ux': [0.0027116368126666713, 0.007494932425306626], 'uy': [-0.023390614536971922, -0.01861839877331112], 'uz': [0.03735896651001648, 0.0540105412436461]}",1315937.0
46.0,0.01%,"('ux','uy','uz','x','y','z')",22.0,GeoIndex,Min-Max,File,None,True,False,True,0.0910804271697998,0.0017459392547607422,,,2.0265579223632812e-05,0.3772544860839844,0.019028186798095703,0.02794957160949707,0.012194395065307617,0.015722036361694336,0.5609338283538818,1.0,1.0,0.0001,10000.0,hydrogen,"['uz','z','x','ux','uy','y']","{'x': [-4.499998954449631e-06, -3.0059877705843655e-06], 'y': [6.000001224348176e-06, 7.4999997175171965e-06], 'z': [2.6578947526108724e-05, 2.798243271452926e-05], 'ux': [0.0027116368126666713, 0.007494932425306626], 'uy': [-0.023390614536971922, -0.01861839877331112], 'uz': [0.03735896651001648, 0.0540105412436461]}",1315937.0
46.0,0.01%,"('ux','uy','uz','x','y','z')",23.0,GeoIndex,Rtree,File,None,True,False,True,0.037919044494628906,0.00010347366333007812,,,1.8835067749023438e-05,0.377957820892334,0.018984317779541016,0.027789831161499023,0.012086629867553711,0.016786575317382812,0.49588608741760254,1.0,1.0,0.0001,10000.0,hydrogen,"['uz','z','x','ux','uy','y']","{'x': [-4.499998954449631e-06, -3.0059877705843655e-06], 'y': [6.000001224348176e-06, 7.4999997175171965e-06], 'z': [2.6578947526108724e-05, 2.798243271452926e-05], 'ux': [0.0027116368126666713, 0.007494932425306626], 'uy': [-0.023390614536971922, -0.01861839877331112], 'uz': [0.03735896651001648, 0.0540105412436461]}",1315937.0
46.0,0.01%,"('ux','uy','uz','x','y','z')",24.0,GeoIndex,Min-Max,File,None,False,True,True,0.09197592735290527,0.0018134117126464844,8.821487426757812e-06,2.384185791015625e-06,,0.3727447986602783,0.019217729568481445,0.028088092803955078,0.012137889862060547,0.015267133712768555,0.5570628643035889,1.0,1.0,0.0001,10000.0,hydrogen,"['uz','z','x','ux','uy','y']","{'x': [-4.499998954449631e-06, -3.0059877705843655e-06], 'y': [6.000001224348176e-06, 7.4999997175171965e-06], 'z': [2.6578947526108724e-05, 2.798243271452926e-05], 'ux': [0.0027116368126666713, 0.007494932425306626], 'uy': [-0.023390614536971922, -0.01861839877331112], 'uz': [0.03735896651001648, 0.0540105412436461]}",1315937.0
46.0,0.01%,"('ux','uy','uz','x','y','z')",25.0,GeoIndex,Rtree,File,None,False,True,True,0.038031578063964844,9.918212890625e-05,6.67572021484375e-06,2.6226043701171875e-06,,0.3701817989349365,0.018769502639770508,0.027897357940673828,0.011856317520141602,0.015372753143310547,0.4864521026611328,1.0,1.0,0.0001,10000.0,hydrogen,"['uz','z','x','ux','uy','y']","{'x': [-4.499998954449631e-06, -3.0059877705843655e-06], 'y': [6.000001224348176e-06, 7.4999997175171965e-06], 'z': [2.6578947526108724e-05, 2.798243271452926e-05], 'ux': [0.0027116368126666713, 0.007494932425306626], 'uy': [-0.023390614536971922, -0.01861839877331112], 'uz': [0.03735896651001648, 0.0540105412436461]}",1315937.0
47.0,0.01%,"('ux','uy','uz','x','y','z')",1.0,Original,,,,,False,,,,,,,2302.478816986084,548.2273654937744,770.3972687721252,177.46398878097534,10.699407577514648,3821.8375935554504,,,0.0001,10000.0,hydrogen,"['y','x','uz','z','uy']","{'x': [7.376239517834997e-06, 8.918905446474875e-06], 'y': [1.0321508623610038e-05, 1.1772257567643627e-05], 'z': [3.2435240324791606e-05, 3.425872495173792e-05], 'ux': [-0.004544828706302583, -0.001415077100987995], 'uy': [-0.015535707055179192, -0.009266744492393989], 'uz': [0.019318294067228386, 0.022448573495896875]}",1075525.0
47.0,0.01%,"('ux','uy','uz','x','y','z')",4.0,GeoIndex,Min-Max,File,None,False,True,,0.1132655143737793,0.0029108524322509766,1.2159347534179688e-05,0.00022125244140625,,1.250772476196289,0.2207930088043213,0.20256590843200684,0.09438180923461914,0.03090047836303711,1.941333293914795,11.0,11.0,0.0001,10000.0,hydrogen,"['y','x','uz','z','uy']","{'x': [7.376239517834997e-06, 8.918905446474875e-06], 'y': [1.0321508623610038e-05, 1.1772257567643627e-05], 'z': [3.2435240324791606e-05, 3.425872495173792e-05], 'ux': [-0.004544828706302583, -0.001415077100987995], 'uy': [-0.015535707055179192, -0.009266744492393989], 'uz': [0.019318294067228386, 0.022448573495896875]}",1075525.0
47.0,0.01%,"('ux','uy','uz','x','y','z')",5.0,GeoIndex,Rtree,File,None,False,True,,0.041014909744262695,0.00012874603271484375,1.1920928955078125e-05,0.00021195411682128906,,1.2561900615692139,0.21738696098327637,0.20261240005493164,0.0955495834350586,0.03050374984741211,1.8528976440429688,11.0,11.0,0.0001,10000.0,hydrogen,"['y','x','uz','z','uy']","{'x': [7.376239517834997e-06, 8.918905446474875e-06], 'y': [1.0321508623610038e-05, 1.1772257567643627e-05], 'z': [3.2435240324791606e-05, 3.425872495173792e-05], 'ux': [-0.004544828706302583, -0.001415077100987995], 'uy': [-0.015535707055179192, -0.009266744492393989], 'uz': [0.019318294067228386, 0.022448573495896875]}",1075525.0
47.0,0.01%,"('ux','uy','uz','x','y','z')",22.0,GeoIndex,Min-Max,File,None,True,False,True,0.11414384841918945,0.002835512161254883,,,6.532669067382812e-05,1.2284214496612549,0.19439339637756348,0.04548501968383789,0.10022997856140137,0.031142473220825195,1.7379601001739502,11.0,11.0,0.0001,10000.0,hydrogen,"['y','x','uz','z','uy']","{'x': [7.376239517834997e-06, 8.918905446474875e-06], 'y': [1.0321508623610038e-05, 1.1772257567643627e-05], 'z': [3.2435240324791606e-05, 3.425872495173792e-05], 'ux': [-0.004544828706302583, -0.001415077100987995], 'uy': [-0.015535707055179192, -0.009266744492393989], 'uz': [0.019318294067228386, 0.022448573495896875]}",1075525.0
47.0,0.01%,"('ux','uy','uz','x','y','z')",23.0,GeoIndex,Rtree,File,None,True,False,True,0.04133725166320801,0.00012731552124023438,,,6.031990051269531e-05,1.2201712131500244,0.19863319396972656,0.046218156814575195,0.10208487510681152,0.031349897384643555,1.64631986618042,11.0,11.0,0.0001,10000.0,hydrogen,"['y','x','uz','z','uy']","{'x': [7.376239517834997e-06, 8.918905446474875e-06], 'y': [1.0321508623610038e-05, 1.1772257567643627e-05], 'z': [3.2435240324791606e-05, 3.425872495173792e-05], 'ux': [-0.004544828706302583, -0.001415077100987995], 'uy': [-0.015535707055179192, -0.009266744492393989], 'uz': [0.019318294067228386, 0.022448573495896875]}",1075525.0
47.0,0.01%,"('ux','uy','uz','x','y','z')",24.0,GeoIndex,Min-Max,File,None,False,True,True,0.11278271675109863,0.002820730209350586,1.3113021850585938e-05,0.00021123886108398438,,1.245384693145752,0.20757460594177246,0.04472637176513672,0.09874248504638672,0.03035759925842285,1.7657673358917236,11.0,11.0,0.0001,10000.0,hydrogen,"['y','x','uz','z','uy']","{'x': [7.376239517834997e-06, 8.918905446474875e-06], 'y': [1.0321508623610038e-05, 1.1772257567643627e-05], 'z': [3.2435240324791606e-05, 3.425872495173792e-05], 'ux': [-0.004544828706302583, -0.001415077100987995], 'uy': [-0.015535707055179192, -0.009266744492393989], 'uz': [0.019318294067228386, 0.022448573495896875]}",1075525.0
47.0,0.01%,"('ux','uy','uz','x','y','z')",25.0,GeoIndex,Rtree,File,None,False,True,True,0.04126286506652832,0.0001285076141357422,1.1682510375976562e-05,0.00021004676818847656,,1.2432477474212646,0.21227169036865234,0.04543280601501465,0.10117578506469727,0.03127312660217285,1.6814825534820557,11.0,11.0,0.0001,10000.0,hydrogen,"['y','x','uz','z','uy']","{'x': [7.376239517834997e-06, 8.918905446474875e-06], 'y': [1.0321508623610038e-05, 1.1772257567643627e-05], 'z': [3.2435240324791606e-05, 3.425872495173792e-05], 'ux': [-0.004544828706302583, -0.001415077100987995], 'uy': [-0.015535707055179192, -0.009266744492393989], 'uz': [0.019318294067228386, 0.022448573495896875]}",1075525.0
48.0,0.01%,"('ux','uy','uz','x','y','z')",1.0,Original,,,,,False,,,,,,,2272.8588795661926,544.5123381614685,687.0671417713165,176.18069434165955,9.465458631515503,3701.7701218128204,,,0.000101,10000.0,hydrogen,"['ux','x','z','uy','uz']","{'x': [1.0293556301377283e-05, 1.1796795323469617e-05], 'y': [-1.4956598322533204e-06, -2.8325958340810305e-09], 'z': [-3.7146768023062214e-05, -3.550392196676708e-05], 'ux': [-0.0048573913194770516, -0.0029014714707877197], 'uy': [-0.00019932945688350373, 0.0006541431344518693], 'uz': [-0.003405645101763504, -0.002672037891051627]}",1185879.0
48.0,0.01%,"('ux','uy','uz','x','y','z')",4.0,GeoIndex,Min-Max,File,None,False,True,,0.12364888191223145,0.002981424331665039,1.1205673217773438e-05,6.389617919921875e-05,,0.6290884017944336,0.08578801155090332,0.07094454765319824,0.03707695007324219,0.019846677780151367,0.996013879776001,4.0,4.0,0.000101,10000.0,hydrogen,"['ux','x','z','uy','uz']","{'x': [1.0293556301377283e-05, 1.1796795323469617e-05], 'y': [-1.4956598322533204e-06, -2.8325958340810305e-09], 'z': [-3.7146768023062214e-05, -3.550392196676708e-05], 'ux': [-0.0048573913194770516, -0.0029014714707877197], 'uy': [-0.00019932945688350373, 0.0006541431344518693], 'uz': [-0.003405645101763504, -0.002672037891051627]}",1185879.0
48.0,0.01%,"('ux','uy','uz','x','y','z')",5.0,GeoIndex,Rtree,File,None,False,True,,0.04581427574157715,0.000156402587890625,9.775161743164062e-06,6.580352783203125e-05,,0.6301398277282715,0.08307838439941406,0.06899261474609375,0.03725481033325195,0.017628192901611328,0.8940985202789307,4.0,4.0,0.000101,10000.0,hydrogen,"['ux','x','z','uy','uz']","{'x': [1.0293556301377283e-05, 1.1796795323469617e-05], 'y': [-1.4956598322533204e-06, -2.8325958340810305e-09], 'z': [-3.7146768023062214e-05, -3.550392196676708e-05], 'ux': [-0.0048573913194770516, -0.0029014714707877197], 'uy': [-0.00019932945688350373, 0.0006541431344518693], 'uz': [-0.003405645101763504, -0.002672037891051627]}",1185879.0
48.0,0.01%,"('ux','uy','uz','x','y','z')",22.0,GeoIndex,Min-Max,File,None,True,False,True,0.12448287010192871,0.0029413700103759766,,,3.552436828613281e-05,0.6605067253112793,0.05814385414123535,0.03200101852416992,0.03775358200073242,0.029086828231811523,0.969573974609375,4.0,4.0,0.000101,10000.0,hydrogen,"['ux','x','z','uy','uz']","{'x': [1.0293556301377283e-05, 1.1796795323469617e-05], 'y': [-1.4956598322533204e-06, -2.8325958340810305e-09], 'z': [-3.7146768023062214e-05, -3.550392196676708e-05], 'ux': [-0.0048573913194770516, -0.0029014714707877197], 'uy': [-0.00019932945688350373, 0.0006541431344518693], 'uz': [-0.003405645101763504, -0.002672037891051627]}",1185879.0
48.0,0.01%,"('ux','uy','uz','x','y','z')",23.0,GeoIndex,Rtree,File,None,True,False,True,0.045578718185424805,0.00015783309936523438,,,3.3855438232421875e-05,0.6470556259155273,0.05660367012023926,0.03125143051147461,0.03575253486633301,0.027894258499145508,0.8511407375335693,4.0,4.0,0.000101,10000.0,hydrogen,"['ux','x','z','uy','uz']","{'x': [1.0293556301377283e-05, 1.1796795323469617e-05], 'y': [-1.4956598322533204e-06, -2.8325958340810305e-09], 'z': [-3.7146768023062214e-05, -3.550392196676708e-05], 'ux': [-0.0048573913194770516, -0.0029014714707877197], 'uy': [-0.00019932945688350373, 0.0006541431344518693], 'uz': [-0.003405645101763504, -0.002672037891051627]}",1185879.0
48.0,0.01%,"('ux','uy','uz','x','y','z')",24.0,GeoIndex,Min-Max,File,None,False,True,True,0.12513518333435059,0.002984285354614258,1.1682510375976562e-05,6.413459777832031e-05,,0.65389084815979,0.057596683502197266,0.03169870376586914,0.03650951385498047,0.028498172760009766,0.9611425399780273,4.0,4.0,0.000101,10000.0,hydrogen,"['ux','x','z','uy','uz']","{'x': [1.0293556301377283e-05, 1.1796795323469617e-05], 'y': [-1.4956598322533204e-06, -2.8325958340810305e-09], 'z': [-3.7146768023062214e-05, -3.550392196676708e-05], 'ux': [-0.0048573913194770516, -0.0029014714707877197], 'uy': [-0.00019932945688350373, 0.0006541431344518693], 'uz': [-0.003405645101763504, -0.002672037891051627]}",1185879.0
48.0,0.01%,"('ux','uy','uz','x','y','z')",25.0,GeoIndex,Rtree,File,None,False,True,True,0.04592728614807129,0.00016021728515625,8.58306884765625e-06,6.413459777832031e-05,,0.6096031665802002,0.057059288024902344,0.03142404556274414,0.034281015396118164,0.02743077278137207,0.8127379417419434,4.0,4.0,0.000101,10000.0,hydrogen,"['ux','x','z','uy','uz']","{'x': [1.0293556301377283e-05, 1.1796795323469617e-05], 'y': [-1.4956598322533204e-06, -2.8325958340810305e-09], 'z': [-3.7146768023062214e-05, -3.550392196676708e-05], 'ux': [-0.0048573913194770516, -0.0029014714707877197], 'uy': [-0.00019932945688350373, 0.0006541431344518693], 'uz': [-0.003405645101763504, -0.002672037891051627]}",1185879.0
49.0,0.01%,"('ux','uy','uz','x','y','z')",1.0,Original,,,,,False,,,,,,,2260.396363258362,546.5334832668304,711.9852747917175,175.8192479610443,11.813330173492432,3718.3610212802887,,,9.9e-05,10000.0,hydrogen,"['y','z','x','uy']","{'x': [4.446489971052668e-06, 6.016449194263722e-06], 'y': [-1.0574451179743613e-05, -9.091971758146935e-06], 'z': [1.135634758943698e-05, 1.2983161458113483e-05], 'ux': [-0.00023510344210476755, 0.08122702975452178], 'uy': [-0.16192712001458395, 0.020007265431359195], 'uz': [-0.00023603537209533227, 0.038373732093856035]}",1165476.0
49.0,0.01%,"('ux','uy','uz','x','y','z')",4.0,GeoIndex,Min-Max,File,None,False,True,,0.17621302604675293,0.004773378372192383,1.7404556274414062e-05,0.00042366981506347656,,1.803518295288086,0.29001283645629883,0.3245882987976074,0.18947577476501465,0.04615354537963867,2.875310182571411,18.0,18.0,9.9e-05,10000.0,hydrogen,"['y','z','x','uy']","{'x': [4.446489971052668e-06, 6.016449194263722e-06], 'y': [-1.0574451179743613e-05, -9.091971758146935e-06], 'z': [1.135634758943698e-05, 1.2983161458113483e-05], 'ux': [-0.00023510344210476755, 0.08122702975452178], 'uy': [-0.16192712001458395, 0.020007265431359195], 'uz': [-0.00023603537209533227, 0.038373732093856035]}",1165476.0
49.0,0.01%,"('ux','uy','uz','x','y','z')",5.0,GeoIndex,Rtree,File,None,False,True,,0.059929847717285156,0.0006227493286132812,1.5020370483398438e-05,0.0004792213439941406,,1.8017489910125732,0.2967796325683594,0.3173398971557617,0.15991735458374023,0.040891408920288086,2.692761182785034,18.0,18.0,9.9e-05,10000.0,hydrogen,"['y','z','x','uy']","{'x': [4.446489971052668e-06, 6.016449194263722e-06], 'y': [-1.0574451179743613e-05, -9.091971758146935e-06], 'z': [1.135634758943698e-05, 1.2983161458113483e-05], 'ux': [-0.00023510344210476755, 0.08122702975452178], 'uy': [-0.16192712001458395, 0.020007265431359195], 'uz': [-0.00023603537209533227, 0.038373732093856035]}",1165476.0
49.0,0.01%,"('ux','uy','uz','x','y','z')",22.0,GeoIndex,Min-Max,File,None,True,False,True,0.17614221572875977,0.004532337188720703,,,9.202957153320312e-05,1.9074394702911377,0.2878293991088867,0.052774667739868164,0.16295480728149414,0.04059743881225586,2.6714367866516113,18.0,18.0,9.9e-05,10000.0,hydrogen,"['y','z','x','uy']","{'x': [4.446489971052668e-06, 6.016449194263722e-06], 'y': [-1.0574451179743613e-05, -9.091971758146935e-06], 'z': [1.135634758943698e-05, 1.2983161458113483e-05], 'ux': [-0.00023510344210476755, 0.08122702975452178], 'uy': [-0.16192712001458395, 0.020007265431359195], 'uz': [-0.00023603537209533227, 0.038373732093856035]}",1165477.0
49.0,0.01%,"('ux','uy','uz','x','y','z')",23.0,GeoIndex,Rtree,File,None,True,False,True,0.06004190444946289,0.0006070137023925781,,,9.298324584960938e-05,1.8439207077026367,0.28859996795654297,0.05326390266418457,0.1653127670288086,0.04102683067321777,2.4670119285583496,18.0,18.0,9.9e-05,10000.0,hydrogen,"['y','z','x','uy']","{'x': [4.446489971052668e-06, 6.016449194263722e-06], 'y': [-1.0574451179743613e-05, -9.091971758146935e-06], 'z': [1.135634758943698e-05, 1.2983161458113483e-05], 'ux': [-0.00023510344210476755, 0.08122702975452178], 'uy': [-0.16192712001458395, 0.020007265431359195], 'uz': [-0.00023603537209533227, 0.038373732093856035]}",1165477.0
49.0,0.01%,"('ux','uy','uz','x','y','z')",24.0,GeoIndex,Min-Max,File,None,False,True,True,0.1761014461517334,0.0045201778411865234,1.7404556274414062e-05,0.0004203319549560547,,1.8519785404205322,0.27986693382263184,0.05277252197265625,0.16150116920471191,0.040723323822021484,2.6041486263275146,18.0,18.0,9.9e-05,10000.0,hydrogen,"['y','z','x','uy']","{'x': [4.446489971052668e-06, 6.016449194263722e-06], 'y': [-1.0574451179743613e-05, -9.091971758146935e-06], 'z': [1.135634758943698e-05, 1.2983161458113483e-05], 'ux': [-0.00023510344210476755, 0.08122702975452178], 'uy': [-0.16192712001458395, 0.020007265431359195], 'uz': [-0.00023603537209533227, 0.038373732093856035]}",1165477.0
49.0,0.01%,"('ux','uy','uz','x','y','z')",25.0,GeoIndex,Rtree,File,None,False,True,True,0.05999612808227539,0.0006277561187744141,1.430511474609375e-05,0.0004496574401855469,,1.8907487392425537,0.2953500747680664,0.05356431007385254,0.17580485343933105,0.0416111946105957,2.532236099243164,18.0,18.0,9.9e-05,10000.0,hydrogen,"['y','z','x','uy']","{'x': [4.446489971052668e-06, 6.016449194263722e-06], 'y': [-1.0574451179743613e-05, -9.091971758146935e-06], 'z': [1.135634758943698e-05, 1.2983161458113483e-05], 'ux': [-0.00023510344210476755, 0.08122702975452178], 'uy': [-0.16192712001458395, 0.020007265431359195], 'uz': [-0.00023603537209533227, 0.038373732093856035]}",1165477.0
50.0,0.01%,"('ux','uy','uz','x','y','z')",1.0,Original,,,,,False,,,,,,,2287.4224829673767,536.8698699474335,692.8891668319702,180.7535719871521,11.678779602050781,3721.6506731510162,,,9.9e-05,10000.0,hydrogen,"['uz','z','x','y']","{'x': [-7.632957113752902e-06, -5.866891200799082e-06], 'y': [7.486266970648887e-06, 9.012445115310671e-06], 'z': [-9.806961178343074e-06, -8.266452154764549e-06], 'ux': [-0.07157644694424517, 0.0001988780886591853], 'uy': [-0.00022614514397871206, 0.08747635374320845], 'uz': [-0.03180328855597766, 0.039746324605334664]}",1299639.0
50.0,0.01%,"('ux','uy','uz','x','y','z')",4.0,GeoIndex,Min-Max,File,None,False,True,,0.18500089645385742,0.0043833255767822266,1.5974044799804688e-05,0.000400543212890625,,1.9130096435546875,0.30861473083496094,0.3697550296783447,0.1793076992034912,0.0451047420501709,3.047905206680298,18.0,18.0,9.9e-05,10000.0,hydrogen,"['uz','z','x','y']","{'x': [-7.632957113752902e-06, -5.866891200799082e-06], 'y': [7.486266970648887e-06, 9.012445115310671e-06], 'z': [-9.806961178343074e-06, -8.266452154764549e-06], 'ux': [-0.07157644694424517, 0.0001988780886591853], 'uy': [-0.00022614514397871206, 0.08747635374320845], 'uz': [-0.03180328855597766, 0.039746324605334664]}",1299639.0
50.0,0.01%,"('ux','uy','uz','x','y','z')",5.0,GeoIndex,Rtree,File,None,False,True,,0.06599259376525879,0.0006608963012695312,1.3828277587890625e-05,0.0004093647003173828,,1.9290149211883545,0.31076812744140625,0.3710811138153076,0.18117547035217285,0.044881582260131836,2.920563220977783,18.0,18.0,9.9e-05,10000.0,hydrogen,"['uz','z','x','y']","{'x': [-7.632957113752902e-06, -5.866891200799082e-06], 'y': [7.486266970648887e-06, 9.012445115310671e-06], 'z': [-9.806961178343074e-06, -8.266452154764549e-06], 'ux': [-0.07157644694424517, 0.0001988780886591853], 'uy': [-0.00022614514397871206, 0.08747635374320845], 'uz': [-0.03180328855597766, 0.039746324605334664]}",1299639.0
50.0,0.01%,"('ux','uy','uz','x','y','z')",22.0,GeoIndex,Min-Max,File,None,True,False,True,0.18741512298583984,0.004390239715576172,,,9.465217590332031e-05,1.9404215812683105,0.3151724338531494,0.0645604133605957,0.1981348991394043,0.044718265533447266,2.7957065105438232,18.0,18.0,9.9e-05,10000.0,hydrogen,"['uz','z','x','y']","{'x': [-7.632957113752902e-06, -5.866891200799082e-06], 'y': [7.486266970648887e-06, 9.012445115310671e-06], 'z': [-9.806961178343074e-06, -8.266452154764549e-06], 'ux': [-0.07157644694424517, 0.0001988780886591853], 'uy': [-0.00022614514397871206, 0.08747635374320845], 'uz': [-0.03180328855597766, 0.039746324605334664]}",1299639.0
50.0,0.01%,"('ux','uy','uz','x','y','z')",23.0,GeoIndex,Rtree,File,None,True,False,True,0.06547713279724121,0.0006594657897949219,,,9.036064147949219e-05,2.047574281692505,0.3126235008239746,0.06137490272521973,0.19574999809265137,0.04486680030822754,2.7437822818756104,18.0,18.0,9.9e-05,10000.0,hydrogen,"['uz','z','x','y']","{'x': [-7.632957113752902e-06, -5.866891200799082e-06], 'y': [7.486266970648887e-06, 9.012445115310671e-06], 'z': [-9.806961178343074e-06, -8.266452154764549e-06], 'ux': [-0.07157644694424517, 0.0001988780886591853], 'uy': [-0.00022614514397871206, 0.08747635374320845], 'uz': [-0.03180328855597766, 0.039746324605334664]}",1299639.0
50.0,0.01%,"('ux','uy','uz','x','y','z')",24.0,GeoIndex,Min-Max,File,None,False,True,True,0.18875932693481445,0.004499197006225586,1.6450881958007812e-05,0.0004100799560546875,,1.9034144878387451,0.3076608180999756,0.06356620788574219,0.19202518463134766,0.04455137252807617,2.7460222244262695,18.0,18.0,9.9e-05,10000.0,hydrogen,"['uz','z','x','y']","{'x': [-7.632957113752902e-06, -5.866891200799082e-06], 'y': [7.486266970648887e-06, 9.012445115310671e-06], 'z': [-9.806961178343074e-06, -8.266452154764549e-06], 'ux': [-0.07157644694424517, 0.0001988780886591853], 'uy': [-0.00022614514397871206, 0.08747635374320845], 'uz': [-0.03180328855597766, 0.039746324605334664]}",1299639.0
50.0,0.01%,"('ux','uy','uz','x','y','z')",25.0,GeoIndex,Rtree,File,None,False,True,True,0.06561017036437988,0.0006673336029052734,1.52587890625e-05,0.0004177093505859375,,1.8878402709960938,0.30283617973327637,0.06263017654418945,0.18597674369812012,0.04461216926574707,2.5660006999969482,18.0,18.0,9.9e-05,10000.0,hydrogen,"['uz','z','x','y']","{'x': [-7.632957113752902e-06, -5.866891200799082e-06], 'y': [7.486266970648887e-06, 9.012445115310671e-06], 'z': [-9.806961178343074e-06, -8.266452154764549e-06], 'ux': [-0.07157644694424517, 0.0001988780886591853], 'uy': [-0.00022614514397871206, 0.08747635374320845], 'uz': [-0.03180328855597766, 0.039746324605334664]}",1299639.0
51.0,0.01%,"('ux','uy','uz','x','y','z')",1.0,Original,,,,,False,,,,,,,2258.6673090457916,542.0711903572083,691.8278727531433,173.18213510513306,9.076998710632324,3686.5870859622955,,,9.9e-05,10000.0,hydrogen,"['x','y','z','ux','uy']","{'x': [-1.048620448776935e-05, -9.00000143637945e-06], 'y': [4.55666106708182e-06, 5.999989355706983e-06], 'z': [-1.5753018718987758e-05, -1.4281587304855555e-05], 'ux': [-0.003791877665542387, 0.0037093632668019983], 'uy': [-0.0019492682303024968, 0.002361531770296309], 'uz': [-0.003917035162040276, 0.019715407962875776]}",1274077.0
51.0,0.01%,"('ux','uy','uz','x','y','z')",4.0,GeoIndex,Min-Max,File,None,False,True,,0.15848183631896973,0.002341032028198242,8.821487426757812e-06,3.0994415283203125e-06,,0.38819336891174316,0.029226064682006836,0.01849055290222168,0.012672662734985352,0.015766382217407227,0.6583144664764404,1.0,1.0,9.9e-05,10000.0,hydrogen,"['x','y','z','ux','uy']","{'x': [-1.048620448776935e-05, -9.00000143637945e-06], 'y': [4.55666106708182e-06, 5.999989355706983e-06], 'z': [-1.5753018718987758e-05, -1.4281587304855555e-05], 'ux': [-0.003791877665542387, 0.0037093632668019983], 'uy': [-0.0019492682303024968, 0.002361531770296309], 'uz': [-0.003917035162040276, 0.019715407962875776]}",1274077.0
51.0,0.01%,"('ux','uy','uz','x','y','z')",5.0,GeoIndex,Rtree,File,None,False,True,,0.059586524963378906,0.0006074905395507812,7.152557373046875e-06,3.0994415283203125e-06,,0.3623204231262207,0.029505491256713867,0.018743276596069336,0.013421773910522461,0.01591324806213379,0.510136604309082,1.0,1.0,9.9e-05,10000.0,hydrogen,"['x','y','z','ux','uy']","{'x': [-1.048620448776935e-05, -9.00000143637945e-06], 'y': [4.55666106708182e-06, 5.999989355706983e-06], 'z': [-1.5753018718987758e-05, -1.4281587304855555e-05], 'ux': [-0.003791877665542387, 0.0037093632668019983], 'uy': [-0.0019492682303024968, 0.002361531770296309], 'uz': [-0.003917035162040276, 0.019715407962875776]}",1274077.0
51.0,0.01%,"('ux','uy','uz','x','y','z')",22.0,GeoIndex,Min-Max,File,None,True,False,True,0.15743517875671387,0.0023970603942871094,,,2.1457672119140625e-05,0.37862730026245117,0.01818108558654785,0.02715325355529785,0.01164865493774414,0.01476287841796875,0.6411998271942139,1.0,1.0,9.9e-05,10000.0,hydrogen,"['x','y','z','ux','uy']","{'x': [-1.048620448776935e-05, -9.00000143637945e-06], 'y': [4.55666106708182e-06, 5.999989355706983e-06], 'z': [-1.5753018718987758e-05, -1.4281587304855555e-05], 'ux': [-0.003791877665542387, 0.0037093632668019983], 'uy': [-0.0019492682303024968, 0.002361531770296309], 'uz': [-0.003917035162040276, 0.019715407962875776]}",1274077.0
51.0,0.01%,"('ux','uy','uz','x','y','z')",23.0,GeoIndex,Rtree,File,None,True,False,True,0.05920124053955078,0.0006155967712402344,,,2.1219253540039062e-05,0.3665955066680908,0.017952442169189453,0.02647995948791504,0.011233329772949219,0.015573978424072266,0.5067169666290283,1.0,1.0,9.9e-05,10000.0,hydrogen,"['x','y','z','ux','uy']","{'x': [-1.048620448776935e-05, -9.00000143637945e-06], 'y': [4.55666106708182e-06, 5.999989355706983e-06], 'z': [-1.5753018718987758e-05, -1.4281587304855555e-05], 'ux': [-0.003791877665542387, 0.0037093632668019983], 'uy': [-0.0019492682303024968, 0.002361531770296309], 'uz': [-0.003917035162040276, 0.019715407962875776]}",1274077.0
51.0,0.01%,"('ux','uy','uz','x','y','z')",24.0,GeoIndex,Min-Max,File,None,False,True,True,0.15848946571350098,0.0023479461669921875,7.867813110351562e-06,3.337860107421875e-06,,0.3839685916900635,0.030675411224365234,0.029317617416381836,0.011918783187866211,0.01302027702331543,0.6619837284088135,1.0,1.0,9.9e-05,10000.0,hydrogen,"['x','y','z','ux','uy']","{'x': [-1.048620448776935e-05, -9.00000143637945e-06], 'y': [4.55666106708182e-06, 5.999989355706983e-06], 'z': [-1.5753018718987758e-05, -1.4281587304855555e-05], 'ux': [-0.003791877665542387, 0.0037093632668019983], 'uy': [-0.0019492682303024968, 0.002361531770296309], 'uz': [-0.003917035162040276, 0.019715407962875776]}",1274077.0
51.0,0.01%,"('ux','uy','uz','x','y','z')",25.0,GeoIndex,Rtree,File,None,False,True,True,0.05954408645629883,0.0006105899810791016,7.62939453125e-06,2.86102294921875e-06,,0.36429405212402344,0.01768326759338379,0.026257038116455078,0.01097869873046875,0.01583576202392578,0.5043580532073975,1.0,1.0,9.9e-05,10000.0,hydrogen,"['x','y','z','ux','uy']","{'x': [-1.048620448776935e-05, -9.00000143637945e-06], 'y': [4.55666106708182e-06, 5.999989355706983e-06], 'z': [-1.5753018718987758e-05, -1.4281587304855555e-05], 'ux': [-0.003791877665542387, 0.0037093632668019983], 'uy': [-0.0019492682303024968, 0.002361531770296309], 'uz': [-0.003917035162040276, 0.019715407962875776]}",1274077.0
52.0,0.01%,"('ux','uy','uz','x','y','z')",1.0,Original,,,,,False,,,,,,,2261.74285030365,545.4340307712555,665.8101031780243,172.96774315834045,11.646844148635864,3668.769923210144,,,0.000101,10000.0,hydrogen,"['z','x','uz','ux','uy','y']","{'x': [7.513924024293566e-06, 9.028152435685296e-06], 'y': [4.441888277402397e-06, 6.021669697391397e-06], 'z': [-7.597465605493801e-07, 9.570865624481351e-07], 'ux': [-0.005305408511686829, 0.09356651833487485], 'uy': [-0.007276087435279861, 0.06630384656650605], 'uz': [-0.04717688074363744, 0.019097936106935588]}",1297363.0
52.0,0.01%,"('ux','uy','uz','x','y','z')",4.0,GeoIndex,Min-Max,File,None,False,True,,0.19457721710205078,0.0036776065826416016,1.5974044799804688e-05,0.00039315223693847656,,1.9425251483917236,0.3170626163482666,0.3723132610321045,0.182966947555542,0.0427088737487793,3.1009714603424072,18.0,18.0,0.000101,10000.0,hydrogen,"['z','x','uz','ux','uy','y']","{'x': [7.513924024293566e-06, 9.028152435685296e-06], 'y': [4.441888277402397e-06, 6.021669697391397e-06], 'z': [-7.597465605493801e-07, 9.570865624481351e-07], 'ux': [-0.005305408511686829, 0.09356651833487485], 'uy': [-0.007276087435279861, 0.06630384656650605], 'uz': [-0.04717688074363744, 0.019097936106935588]}",1297363.0
52.0,0.01%,"('ux','uy','uz','x','y','z')",5.0,GeoIndex,Rtree,File,None,False,True,,0.07264471054077148,0.0007205009460449219,1.4543533325195312e-05,0.000396728515625,,1.9890060424804688,0.3203315734863281,0.379258394241333,0.1819925308227539,0.04298281669616699,3.0059144496917725,18.0,18.0,0.000101,10000.0,hydrogen,"['z','x','uz','ux','uy','y']","{'x': [7.513924024293566e-06, 9.028152435685296e-06], 'y': [4.441888277402397e-06, 6.021669697391397e-06], 'z': [-7.597465605493801e-07, 9.570865624481351e-07], 'ux': [-0.005305408511686829, 0.09356651833487485], 'uy': [-0.007276087435279861, 0.06630384656650605], 'uz': [-0.04717688074363744, 0.019097936106935588]}",1297363.0
52.0,0.01%,"('ux','uy','uz','x','y','z')",22.0,GeoIndex,Min-Max,File,None,True,False,True,0.19336986541748047,0.0036220550537109375,,,9.250640869140625e-05,2.0099709033966064,0.30982065200805664,0.06323480606079102,0.19248557090759277,0.042690277099609375,2.8585381507873535,18.0,18.0,0.000101,10000.0,hydrogen,"['z','x','uz','ux','uy','y']","{'x': [7.513924024293566e-06, 9.028152435685296e-06], 'y': [4.441888277402397e-06, 6.021669697391397e-06], 'z': [-7.597465605493801e-07, 9.570865624481351e-07], 'ux': [-0.005305408511686829, 0.09356651833487485], 'uy': [-0.007276087435279861, 0.06630384656650605], 'uz': [-0.04717688074363744, 0.019097936106935588]}",1297363.0
52.0,0.01%,"('ux','uy','uz','x','y','z')",23.0,GeoIndex,Rtree,File,None,True,False,True,0.07290339469909668,0.0007050037384033203,,,9.250640869140625e-05,1.9951074123382568,0.308643102645874,0.06373929977416992,0.19180631637573242,0.0426945686340332,2.6925392150878906,18.0,18.0,0.000101,10000.0,hydrogen,"['z','x','uz','ux','uy','y']","{'x': [7.513924024293566e-06, 9.028152435685296e-06], 'y': [4.441888277402397e-06, 6.021669697391397e-06], 'z': [-7.597465605493801e-07, 9.570865624481351e-07], 'ux': [-0.005305408511686829, 0.09356651833487485], 'uy': [-0.007276087435279861, 0.06630384656650605], 'uz': [-0.04717688074363744, 0.019097936106935588]}",1297363.0
52.0,0.01%,"('ux','uy','uz','x','y','z')",24.0,GeoIndex,Min-Max,File,None,False,True,True,0.19359135627746582,0.003731250762939453,1.621246337890625e-05,0.00040650367736816406,,1.937955379486084,0.30797433853149414,0.06294107437133789,0.1918473243713379,0.043212890625,2.7850894927978516,18.0,18.0,0.000101,10000.0,hydrogen,"['z','x','uz','ux','uy','y']","{'x': [7.513924024293566e-06, 9.028152435685296e-06], 'y': [4.441888277402397e-06, 6.021669697391397e-06], 'z': [-7.597465605493801e-07, 9.570865624481351e-07], 'ux': [-0.005305408511686829, 0.09356651833487485], 'uy': [-0.007276087435279861, 0.06630384656650605], 'uz': [-0.04717688074363744, 0.019097936106935588]}",1297363.0
52.0,0.01%,"('ux','uy','uz','x','y','z')",25.0,GeoIndex,Rtree,File,None,False,True,True,0.07343196868896484,0.0007328987121582031,1.4543533325195312e-05,0.00039577484130859375,,1.8966038227081299,0.30001354217529297,0.06212282180786133,0.18700456619262695,0.042476654052734375,2.5796263217926025,18.0,18.0,0.000101,10000.0,hydrogen,"['z','x','uz','ux','uy','y']","{'x': [7.513924024293566e-06, 9.028152435685296e-06], 'y': [4.441888277402397e-06, 6.021669697391397e-06], 'z': [-7.597465605493801e-07, 9.570865624481351e-07], 'ux': [-0.005305408511686829, 0.09356651833487485], 'uy': [-0.007276087435279861, 0.06630384656650605], 'uz': [-0.04717688074363744, 0.019097936106935588]}",1297363.0
53.0,0.01%,"('ux','uy','uz','x','y','z')",1.0,Original,,,,,False,,,,,,,2256.699373960495,527.3711006641388,682.8561804294586,175.59711575508118,11.70646595954895,3665.6614899635315,,,0.000101,10000.0,hydrogen,"['y','ux','z','x','uy','uz']","{'x': [4.619404816204023e-06, 6.073663663071233e-06], 'y': [-4.513881877379796e-06, -2.9762855483994305e-06], 'z': [-3.851648198083616e-05, -3.694404470262304e-05], 'ux': [-0.0009585095509633975, 0.004652086855928312], 'uy': [-0.00410939723913138, 0.0006828213275815336], 'uz': [-0.0038186035991543015, 0.008937837525630732]}",1058770.0
53.0,0.01%,"('ux','uy','uz','x','y','z')",4.0,GeoIndex,Min-Max,File,None,False,True,,0.15878963470458984,0.0032851696014404297,1.5497207641601562e-05,0.0003762245178222656,,1.636542558670044,0.2362079620361328,0.2614150047302246,0.12653255462646484,0.0340266227722168,2.492516279220581,16.0,16.0,0.000101,10000.0,hydrogen,"['y','ux','z','x','uy','uz']","{'x': [4.619404816204023e-06, 6.073663663071233e-06], 'y': [-4.513881877379796e-06, -2.9762855483994305e-06], 'z': [-3.851648198083616e-05, -3.694404470262304e-05], 'ux': [-0.0009585095509633975, 0.004652086855928312], 'uy': [-0.00410939723913138, 0.0006828213275815336], 'uz': [-0.0038186035991543015, 0.008937837525630732]}",1058770.0
53.0,0.01%,"('ux','uy','uz','x','y','z')",5.0,GeoIndex,Rtree,File,None,False,True,,0.0574185848236084,0.0006186962127685547,1.3589859008789062e-05,0.0003654956817626953,,1.5862045288085938,0.25579214096069336,0.27080583572387695,0.1336526870727539,0.034940242767333984,2.3533875942230225,16.0,16.0,0.000101,10000.0,hydrogen,"['y','ux','z','x','uy','uz']","{'x': [4.619404816204023e-06, 6.073663663071233e-06], 'y': [-4.513881877379796e-06, -2.9762855483994305e-06], 'z': [-3.851648198083616e-05, -3.694404470262304e-05], 'ux': [-0.0009585095509633975, 0.004652086855928312], 'uy': [-0.00410939723913138, 0.0006828213275815336], 'uz': [-0.0038186035991543015, 0.008937837525630732]}",1058770.0
53.0,0.01%,"('ux','uy','uz','x','y','z')",22.0,GeoIndex,Min-Max,File,None,True,False,True,0.15883374214172363,0.0033822059631347656,,,8.440017700195312e-05,1.662628173828125,0.23610591888427734,0.04450798034667969,0.13183283805847168,0.03436779975891113,2.304197072982788,16.0,16.0,0.000101,10000.0,hydrogen,"['y','ux','z','x','uy','uz']","{'x': [4.619404816204023e-06, 6.073663663071233e-06], 'y': [-4.513881877379796e-06, -2.9762855483994305e-06], 'z': [-3.851648198083616e-05, -3.694404470262304e-05], 'ux': [-0.0009585095509633975, 0.004652086855928312], 'uy': [-0.00410939723913138, 0.0006828213275815336], 'uz': [-0.0038186035991543015, 0.008937837525630732]}",1058770.0
53.0,0.01%,"('ux','uy','uz','x','y','z')",23.0,GeoIndex,Rtree,File,None,True,False,True,0.05735516548156738,0.0006043910980224609,,,8.249282836914062e-05,1.6111528873443604,0.23951959609985352,0.04454612731933594,0.13577008247375488,0.034621238708496094,2.1342761516571045,16.0,16.0,0.000101,10000.0,hydrogen,"['y','ux','z','x','uy','uz']","{'x': [4.619404816204023e-06, 6.073663663071233e-06], 'y': [-4.513881877379796e-06, -2.9762855483994305e-06], 'z': [-3.851648198083616e-05, -3.694404470262304e-05], 'ux': [-0.0009585095509633975, 0.004652086855928312], 'uy': [-0.00410939723913138, 0.0006828213275815336], 'uz': [-0.0038186035991543015, 0.008937837525630732]}",1058770.0
53.0,0.01%,"('ux','uy','uz','x','y','z')",24.0,GeoIndex,Min-Max,File,None,False,True,True,0.15851473808288574,0.0033020973205566406,1.621246337890625e-05,0.00036644935607910156,,1.6823296546936035,0.23789715766906738,0.04420280456542969,0.13410663604736328,0.03397536277770996,2.3296592235565186,16.0,16.0,0.000101,10000.0,hydrogen,"['y','ux','z','x','uy','uz']","{'x': [4.619404816204023e-06, 6.073663663071233e-06], 'y': [-4.513881877379796e-06, -2.9762855483994305e-06], 'z': [-3.851648198083616e-05, -3.694404470262304e-05], 'ux': [-0.0009585095509633975, 0.004652086855928312], 'uy': [-0.00410939723913138, 0.0006828213275815336], 'uz': [-0.0038186035991543015, 0.008937837525630732]}",1058770.0
53.0,0.01%,"('ux','uy','uz','x','y','z')",25.0,GeoIndex,Rtree,File,None,False,True,True,0.05738115310668945,0.0006132125854492188,1.33514404296875e-05,0.00036215782165527344,,1.5850551128387451,0.23601031303405762,0.04322052001953125,0.1311662197113037,0.032109737396240234,2.098545551300049,16.0,16.0,0.000101,10000.0,hydrogen,"['y','ux','z','x','uy','uz']","{'x': [4.619404816204023e-06, 6.073663663071233e-06], 'y': [-4.513881877379796e-06, -2.9762855483994305e-06], 'z': [-3.851648198083616e-05, -3.694404470262304e-05], 'ux': [-0.0009585095509633975, 0.004652086855928312], 'uy': [-0.00410939723913138, 0.0006828213275815336], 'uz': [-0.0038186035991543015, 0.008937837525630732]}",1058770.0
54.0,0.01%,"('ux','uy')",1.0,Original,,,,,False,,,,,,,771.2693374156952,469.1203284263611,687.1983323097229,58.3617217540741,6.468413591384888,1998.4648025035858,,,0.0001,10000.0,hydrogen,"['uy','ux']","{'ux': [-0.01790720406329212, -0.013299081174686877], 'uy': [-1.3082342488809192e-05, 7.895960928261674e-05]}",1315388.0
54.0,0.01%,"('ux','uy')",4.0,GeoIndex,Min-Max,File,None,False,True,,0.057923316955566406,0.001506805419921875,0.0018825531005859375,0.22763538360595703,,102.3956868648529,25.118691444396973,48.4127140045166,17.220582246780396,1.8140678405761719,196.37237071990967,3736.0,2129.0,0.0001,10000.0,hydrogen,"['uy','ux']","{'ux': [-0.01790720406329212, -0.013299081174686877], 'uy': [-1.3082342488809192e-05, 7.895960928261674e-05]}",1315388.0
54.0,0.01%,"('ux','uy')",5.0,GeoIndex,Rtree,File,None,False,True,,0.030310869216918945,,0.0016796588897705078,0.22288250923156738,,101.44066762924194,25.107120990753174,48.19130539894104,16.898354053497314,1.796125888824463,194.794438123703,3736.0,2129.0,0.0001,10000.0,hydrogen,"['uy','ux']","{'ux': [-0.01790720406329212, -0.013299081174686877], 'uy': [-1.3082342488809192e-05, 7.895960928261674e-05]}",1315388.0
54.0,0.01%,"('ux','uy')",22.0,GeoIndex,Min-Max,File,None,True,False,True,0.05869889259338379,0.0016069412231445312,,,0.015978336334228516,128.2114610671997,20.48469591140747,1.794464111328125,16.871610403060913,1.7865254878997803,170.01672744750977,3736.0,3736.0,0.0001,10000.0,hydrogen,"['uy','ux']","{'ux': [-0.01790720406329212, -0.013299081174686877], 'uy': [-1.3082342488809192e-05, 7.895960928261674e-05]}",1315388.0
54.0,0.01%,"('ux','uy')",23.0,GeoIndex,Rtree,File,None,True,False,True,0.030264854431152344,,,,0.015465974807739258,117.9263699054718,20.96643853187561,1.8118221759796143,17.197762489318848,1.8029391765594482,160.54779982566833,3736.0,3736.0,0.0001,10000.0,hydrogen,"['uy','ux']","{'ux': [-0.01790720406329212, -0.013299081174686877], 'uy': [-1.3082342488809192e-05, 7.895960928261674e-05]}",1315388.0
54.0,0.01%,"('ux','uy')",24.0,GeoIndex,Min-Max,File,None,False,True,True,0.0581202507019043,0.00151824951171875,0.00189208984375,0.2229936122894287,,102.1135733127594,23.404933214187622,1.8209054470062256,17.16955876350403,1.809056043624878,147.4161515235901,3736.0,2129.0,0.0001,10000.0,hydrogen,"['uy','ux']","{'ux': [-0.01790720406329212, -0.013299081174686877], 'uy': [-1.3082342488809192e-05, 7.895960928261674e-05]}",1315388.0
54.0,0.01%,"('ux','uy')",25.0,GeoIndex,Rtree,File,None,False,True,True,0.030221939086914062,,0.0016999244689941406,0.2220311164855957,,101.07215976715088,22.996851682662964,1.7977242469787598,16.839207410812378,1.7860047817230225,145.61940813064575,3736.0,2129.0,0.0001,10000.0,hydrogen,"['uy','ux']","{'ux': [-0.01790720406329212, -0.013299081174686877], 'uy': [-1.3082342488809192e-05, 7.895960928261674e-05]}",1315388.0
55.0,0.01%,"('ux','uy')",1.0,Original,,,,,False,,,,,,,780.4844925403595,134.05064821243286,316.1624791622162,56.684916496276855,5.925034284591675,1299.1138463020325,,,0.0001,10000.0,hydrogen,"['uy','ux']","{'ux': [-0.08026920167338167, -0.04957525944906638], 'uy': [0.0058889196423389375, 0.009725635388662002]}",1317384.0
55.0,0.01%,"('ux','uy')",4.0,GeoIndex,Min-Max,File,None,False,True,,0.03950357437133789,0.0014493465423583984,0.001138925552368164,0.07410216331481934,,43.14486908912659,7.585306882858276,15.627880334854126,6.212305545806885,0.6969377994537354,73.79082918167114,1342.0,1135.0,0.0001,10000.0,hydrogen,"['uy','ux']","{'ux': [-0.08026920167338167, -0.04957525944906638], 'uy': [0.0058889196423389375, 0.009725635388662002]}",1317384.0
55.0,0.01%,"('ux','uy')",5.0,GeoIndex,Rtree,File,None,False,True,,0.021196365356445312,,0.0010464191436767578,0.07287049293518066,,41.9022490978241,8.109827995300293,15.94419813156128,6.192110538482666,0.6944763660430908,73.34309244155884,1342.0,1135.0,0.0001,10000.0,hydrogen,"['uy','ux']","{'ux': [-0.08026920167338167, -0.04957525944906638], 'uy': [0.0058889196423389375, 0.009725635388662002]}",1317384.0
55.0,0.01%,"('ux','uy')",22.0,GeoIndex,Min-Max,File,None,True,False,True,0.03940701484680176,0.0014805793762207031,,,0.006112575531005859,43.7048397064209,7.48649787902832,0.7040226459503174,6.155092239379883,0.6934828758239746,59.08904409408569,1342.0,1342.0,0.0001,10000.0,hydrogen,"['uy','ux']","{'ux': [-0.08026920167338167, -0.04957525944906638], 'uy': [0.0058889196423389375, 0.009725635388662002]}",1317384.0
55.0,0.01%,"('ux','uy')",23.0,GeoIndex,Rtree,File,None,True,False,True,0.021233081817626953,,,,0.006048440933227539,43.675631046295166,7.546511650085449,0.7006473541259766,6.099871635437012,0.6902673244476318,59.032710790634155,1342.0,1342.0,0.0001,10000.0,hydrogen,"['uy','ux']","{'ux': [-0.08026920167338167, -0.04957525944906638], 'uy': [0.0058889196423389375, 0.009725635388662002]}",1317384.0
55.0,0.01%,"('ux','uy')",24.0,GeoIndex,Min-Max,File,None,False,True,True,0.03904843330383301,0.0015075206756591797,0.0011320114135742188,0.07472729682922363,,42.4329719543457,7.87604546546936,0.7697587013244629,6.570426940917969,0.7082836627960205,58.78641223907471,1342.0,1135.0,0.0001,10000.0,hydrogen,"['uy','ux']","{'ux': [-0.08026920167338167, -0.04957525944906638], 'uy': [0.0058889196423389375, 0.009725635388662002]}",1317384.0
55.0,0.01%,"('ux','uy')",25.0,GeoIndex,Rtree,File,None,False,True,True,0.021142959594726562,,0.0010557174682617188,0.07608318328857422,,41.68010139465332,7.659449338912964,0.7008593082427979,6.16207480430603,0.6911096572875977,57.2869074344635,1342.0,1135.0,0.0001,10000.0,hydrogen,"['uy','ux']","{'ux': [-0.08026920167338167, -0.04957525944906638], 'uy': [0.0058889196423389375, 0.009725635388662002]}",1317384.0
56.0,0.01%,"('ux','uy')",1.0,Original,,,,,False,,,,,,,722.1955115795135,156.81578421592712,347.32992601394653,59.015968561172485,6.421470642089844,1297.8478512763977,,,9.9e-05,10000.0,hydrogen,"['ux','uy']","{'ux': [-0.0010533616970043772, -0.0009125257689014979], 'uy': [-0.0006187045901618138, -0.0005068552830785214]}",1299739.0
56.0,0.01%,"('ux','uy')",4.0,GeoIndex,Min-Max,File,None,False,True,,0.061176300048828125,0.0032188892364501953,0.0020990371704101562,0.29253602027893066,,129.208021402359,32.56288266181946,64.41305375099182,24.650848388671875,2.862048864364624,255.81123995780945,4715.0,2719.0,9.9e-05,10000.0,hydrogen,"['ux','uy']","{'ux': [-0.0010533616970043772, -0.0009125257689014979], 'uy': [-0.0006187045901618138, -0.0005068552830785214]}",1299739.0
56.0,0.01%,"('ux','uy')",5.0,GeoIndex,Rtree,File,None,False,True,,0.03487133979797363,,0.0019221305847167969,0.2984142303466797,,129.50979042053223,33.15522265434265,65.83748030662537,25.351620197296143,2.88293719291687,258.84840202331543,4715.0,2719.0,9.9e-05,10000.0,hydrogen,"['ux','uy']","{'ux': [-0.0010533616970043772, -0.0009125257689014979], 'uy': [-0.0006187045901618138, -0.0005068552830785214]}",1299739.0
56.0,0.01%,"('ux','uy')",22.0,GeoIndex,Min-Max,File,None,True,False,True,0.0612947940826416,0.0033686161041259766,,,0.0193326473236084,162.58732986450195,25.72873592376709,2.8588359355926514,24.85554313659668,2.8729958534240723,220.34049606323242,4715.0,4715.0,9.9e-05,10000.0,hydrogen,"['ux','uy']","{'ux': [-0.0010533616970043772, -0.0009125257689014979], 'uy': [-0.0006187045901618138, -0.0005068552830785214]}",1299739.0
56.0,0.01%,"('ux','uy')",23.0,GeoIndex,Rtree,File,None,True,False,True,0.03420710563659668,,,,0.019176006317138672,149.95770406723022,26.230055809020996,2.8770461082458496,25.5733003616333,2.8944270610809326,208.93583965301514,4715.0,4715.0,9.9e-05,10000.0,hydrogen,"['ux','uy']","{'ux': [-0.0010533616970043772, -0.0009125257689014979], 'uy': [-0.0006187045901618138, -0.0005068552830785214]}",1299739.0
56.0,0.01%,"('ux','uy')",24.0,GeoIndex,Min-Max,File,None,False,True,True,0.060456037521362305,0.0032181739807128906,0.00208282470703125,0.2845118045806885,,130.1994514465332,28.41290259361267,2.8317835330963135,24.42166042327881,2.839723587036133,190.4094545841217,4715.0,2719.0,9.9e-05,10000.0,hydrogen,"['ux','uy']","{'ux': [-0.0010533616970043772, -0.0009125257689014979], 'uy': [-0.0006187045901618138, -0.0005068552830785214]}",1299739.0
56.0,0.01%,"('ux','uy')",25.0,GeoIndex,Rtree,File,None,False,True,True,0.03429770469665527,,0.0019271373748779297,0.2866976261138916,,129.55650186538696,29.945509672164917,2.883094072341919,25.71576189994812,2.8942582607269287,192.69975447654724,4715.0,2719.0,9.9e-05,10000.0,hydrogen,"['ux','uy']","{'ux': [-0.0010533616970043772, -0.0009125257689014979], 'uy': [-0.0006187045901618138, -0.0005068552830785214]}",1299739.0
57.0,0.01%,"('ux','uy')",1.0,Original,,,,,False,,,,,,,775.3350677490234,134.31700491905212,316.23214292526245,56.64696741104126,5.894650459289551,1294.2256190776825,,,0.0001,10000.0,hydrogen,"['uy','ux']","{'ux': [0.01599148332777267, 0.017441823629326815], 'uy': [0.02002398453579588, 0.023025022843045542]}",1313660.0
57.0,0.01%,"('ux','uy')",4.0,GeoIndex,Min-Max,File,None,False,True,,0.04099416732788086,0.0024826526641845703,0.0014014244079589844,0.11629056930541992,,63.093265533447266,11.31074333190918,22.604778051376343,8.628204345703125,0.9265892505645752,107.29519462585449,2046.0,1536.0,0.0001,10000.0,hydrogen,"['uy','ux']","{'ux': [0.01599148332777267, 0.017441823629326815], 'uy': [0.02002398453579588, 0.023025022843045542]}",1313660.0
57.0,0.01%,"('ux','uy')",5.0,GeoIndex,Rtree,File,None,False,True,,0.0240020751953125,,0.0012311935424804688,0.12058091163635254,,60.17884707450867,12.10174036026001,23.188241243362427,9.138573169708252,0.9306967258453369,106.25253081321716,2046.0,1536.0,0.0001,10000.0,hydrogen,"['uy','ux']","{'ux': [0.01599148332777267, 0.017441823629326815], 'uy': [0.02002398453579588, 0.023025022843045542]}",1313660.0
57.0,0.01%,"('ux','uy')",22.0,GeoIndex,Min-Max,File,None,True,False,True,0.04059791564941406,0.002440214157104492,,,0.008999109268188477,66.78951692581177,10.781087636947632,0.9308841228485107,8.769495725631714,0.9642186164855957,88.69965600967407,2046.0,2046.0,0.0001,10000.0,hydrogen,"['uy','ux']","{'ux': [0.01599148332777267, 0.017441823629326815], 'uy': [0.02002398453579588, 0.023025022843045542]}",1313660.0
57.0,0.01%,"('ux','uy')",23.0,GeoIndex,Rtree,File,None,True,False,True,0.024016857147216797,,,,0.008886098861694336,63.35296845436096,10.854982852935791,0.933330774307251,8.625758409500122,0.9223318099975586,85.13477873802185,2046.0,2046.0,0.0001,10000.0,hydrogen,"['uy','ux']","{'ux': [0.01599148332777267, 0.017441823629326815], 'uy': [0.02002398453579588, 0.023025022843045542]}",1313660.0
57.0,0.01%,"('ux','uy')",24.0,GeoIndex,Min-Max,File,None,False,True,True,0.04059433937072754,0.0024530887603759766,0.0013768672943115234,0.11585402488708496,,63.55610704421997,11.336166858673096,0.936661958694458,8.907987117767334,0.9267411231994629,86.24613904953003,2046.0,1536.0,0.0001,10000.0,hydrogen,"['uy','ux']","{'ux': [0.01599148332777267, 0.017441823629326815], 'uy': [0.02002398453579588, 0.023025022843045542]}",1313660.0
57.0,0.01%,"('ux','uy')",25.0,GeoIndex,Rtree,File,None,False,True,True,0.02403998374938965,,0.001214742660522461,0.1188352108001709,,64.43588781356812,11.644612073898315,0.9476261138916016,9.049057006835938,0.9372296333312988,87.58577799797058,2046.0,1536.0,0.0001,10000.0,hydrogen,"['uy','ux']","{'ux': [0.01599148332777267, 0.017441823629326815], 'uy': [0.02002398453579588, 0.023025022843045542]}",1313660.0
58.0,0.01%,"('ux','uy')",1.0,Original,,,,,False,,,,,,,727.3122344017029,158.4706745147705,347.99507761001587,59.02785634994507,6.45365571975708,1305.3443574905396,,,9.9e-05,10000.0,hydrogen,"['ux','uy']","{'ux': [-0.037340363602267855, -0.02357943924542625], 'uy': [-0.06940278527220747, -0.04922839172520692]}",1302037.0
58.0,0.01%,"('ux','uy')",4.0,GeoIndex,Min-Max,File,None,False,True,,0.03347611427307129,0.002771139144897461,0.0010814666748046875,0.06169557571411133,,36.70697546005249,7.212477922439575,13.941701412200928,5.318619728088379,0.6390931606292725,64.26620960235596,1196.0,1016.0,9.9e-05,10000.0,hydrogen,"['ux','uy']","{'ux': [-0.037340363602267855, -0.02357943924542625], 'uy': [-0.06940278527220747, -0.04922839172520692]}",1302037.0
58.0,0.01%,"('ux','uy')",5.0,GeoIndex,Rtree,File,None,False,True,,0.0205841064453125,,0.001009225845336914,0.062320709228515625,,36.28139042854309,6.641603708267212,13.498679399490356,5.327651739120483,0.6414840221405029,62.82277178764343,1196.0,1016.0,9.9e-05,10000.0,hydrogen,"['ux','uy']","{'ux': [-0.037340363602267855, -0.02357943924542625], 'uy': [-0.06940278527220747, -0.04922839172520692]}",1302037.0
58.0,0.01%,"('ux','uy')",22.0,GeoIndex,Min-Max,File,None,True,False,True,0.03357958793640137,0.0026798248291015625,,,0.005425214767456055,38.962401390075684,6.844188451766968,0.6607458591461182,5.624962091445923,0.6508164405822754,53.04806923866272,1196.0,1196.0,9.9e-05,10000.0,hydrogen,"['ux','uy']","{'ux': [-0.037340363602267855, -0.02357943924542625], 'uy': [-0.06940278527220747, -0.04922839172520692]}",1302037.0
58.0,0.01%,"('ux','uy')",23.0,GeoIndex,Rtree,File,None,True,False,True,0.02074408531188965,,,,0.005462646484375,38.86393094062805,6.735824346542358,0.6543574333190918,5.472204923629761,0.6450362205505371,52.65515089035034,1196.0,1196.0,9.9e-05,10000.0,hydrogen,"['ux','uy']","{'ux': [-0.037340363602267855, -0.02357943924542625], 'uy': [-0.06940278527220747, -0.04922839172520692]}",1302037.0
58.0,0.01%,"('ux','uy')",24.0,GeoIndex,Min-Max,File,None,False,True,True,0.03336215019226074,0.002688169479370117,0.0011441707611083984,0.06146097183227539,,36.25087928771973,6.846177101135254,0.655163049697876,5.43965220451355,0.6446959972381592,50.197869539260864,1196.0,1016.0,9.9e-05,10000.0,hydrogen,"['ux','uy']","{'ux': [-0.037340363602267855, -0.02357943924542625], 'uy': [-0.06940278527220747, -0.04922839172520692]}",1302037.0
58.0,0.01%,"('ux','uy')",25.0,GeoIndex,Rtree,File,None,False,True,True,0.02074599266052246,,0.001001119613647461,0.06276440620422363,,36.91804218292236,6.849393606185913,0.6549739837646484,5.486701965332031,0.6455700397491455,50.89898228645325,1196.0,1016.0,9.9e-05,10000.0,hydrogen,"['ux','uy']","{'ux': [-0.037340363602267855, -0.02357943924542625], 'uy': [-0.06940278527220747, -0.04922839172520692]}",1302037.0
59.0,0.01%,"('ux','uy')",1.0,Original,,,,,False,,,,,,,781.7570436000824,136.87688779830933,319.8031234741211,57.70145797729492,5.925706148147583,1307.911819934845,,,0.0001,10000.0,hydrogen,"['ux','uy']","{'ux': [-0.0008160420091183347, -0.0006916385351139558], 'uy': [-0.003460822416783812, -0.0033014526694700817]}",1311713.0
59.0,0.01%,"('ux','uy')",4.0,GeoIndex,Min-Max,File,None,False,True,,0.05874776840209961,0.004057168960571289,0.002026796340942383,0.2703862190246582,,113.03837609291077,27.92199945449829,53.83289337158203,19.829850912094116,2.3586418628692627,218.5229971408844,3986.0,2557.0,0.0001,10000.0,hydrogen,"['ux','uy']","{'ux': [-0.0008160420091183347, -0.0006916385351139558], 'uy': [-0.003460822416783812, -0.0033014526694700817]}",1311713.0
59.0,0.01%,"('ux','uy')",5.0,GeoIndex,Rtree,File,None,False,True,,0.03111410140991211,,0.0017290115356445312,0.2683544158935547,,112.58273673057556,26.922340869903564,53.4176504611969,19.99709701538086,2.3699865341186523,216.79686069488525,3986.0,2557.0,0.0001,10000.0,hydrogen,"['ux','uy']","{'ux': [-0.0008160420091183347, -0.0006916385351139558], 'uy': [-0.003460822416783812, -0.0033014526694700817]}",1311713.0
59.0,0.01%,"('ux','uy')",22.0,GeoIndex,Min-Max,File,None,True,False,True,0.057854652404785156,0.004180431365966797,,,0.01664280891418457,128.09196043014526,22.016651153564453,1.8934004306793213,18.61220693588257,1.898606777191162,173.449045419693,3986.0,3986.0,0.0001,10000.0,hydrogen,"['ux','uy']","{'ux': [-0.0008160420091183347, -0.0006916385351139558], 'uy': [-0.003460822416783812, -0.0033014526694700817]}",1311713.0
59.0,0.01%,"('ux','uy')",23.0,GeoIndex,Rtree,File,None,True,False,True,0.03138375282287598,,,,0.016463041305541992,140.90425729751587,21.982799291610718,1.9936423301696777,19.612767219543457,1.9851207733154297,187.38148069381714,3986.0,3986.0,0.0001,10000.0,hydrogen,"['ux','uy']","{'ux': [-0.0008160420091183347, -0.0006916385351139558], 'uy': [-0.003460822416783812, -0.0033014526694700817]}",1311713.0
59.0,0.01%,"('ux','uy')",24.0,GeoIndex,Min-Max,File,None,False,True,True,0.05843329429626465,0.004210233688354492,0.0020248889923095703,0.27199888229370117,,113.38959312438965,24.18398642539978,2.2135674953460693,19.464492082595825,2.207723617553711,162.6590280532837,3986.0,2557.0,0.0001,10000.0,hydrogen,"['ux','uy']","{'ux': [-0.0008160420091183347, -0.0006916385351139558], 'uy': [-0.003460822416783812, -0.0033014526694700817]}",1311713.0
59.0,0.01%,"('ux','uy')",25.0,GeoIndex,Rtree,File,None,False,True,True,0.031106948852539062,,0.0017261505126953125,0.2691464424133301,,112.26586651802063,23.843323230743408,2.3366641998291016,19.46601915359497,2.33310604095459,161.3979902267456,3986.0,2557.0,0.0001,10000.0,hydrogen,"['ux','uy']","{'ux': [-0.0008160420091183347, -0.0006916385351139558], 'uy': [-0.003460822416783812, -0.0033014526694700817]}",1311713.0
60.0,0.01%,"('ux','uy')",1.0,Original,,,,,False,,,,,,,728.5511739253998,142.01396322250366,301.6389458179474,58.77156639099121,7.079347848892212,1243.9172687530518,,,0.000101,10000.0,hydrogen,"['ux','uy']","{'ux': [0.003211259139482135, 0.003595631756149061], 'uy': [0.004676955610899132, 0.004955405932290002]}",1324164.0
60.0,0.01%,"('ux','uy')",4.0,GeoIndex,Min-Max,File,None,False,True,,0.0525515079498291,0.003616809844970703,0.0017333030700683594,0.1959247589111328,,93.5483500957489,19.695862770080566,39.97000503540039,14.436872005462646,1.5352752208709717,170.39859127998352,3258.0,2176.0,0.000101,10000.0,hydrogen,"['ux','uy']","{'ux': [0.003211259139482135, 0.003595631756149061], 'uy': [0.004676955610899132, 0.004955405932290002]}",1324164.0
60.0,0.01%,"('ux','uy')",5.0,GeoIndex,Rtree,File,None,False,True,,0.028598785400390625,,0.0015556812286376953,0.19239020347595215,,101.01121163368225,20.11043882369995,40.82340598106384,14.682116508483887,1.549163579940796,179.36155533790588,3258.0,2176.0,0.000101,10000.0,hydrogen,"['ux','uy']","{'ux': [0.003211259139482135, 0.003595631756149061], 'uy': [0.004676955610899132, 0.004955405932290002]}",1324164.0
60.0,0.01%,"('ux','uy')",22.0,GeoIndex,Min-Max,File,None,True,False,True,0.053061485290527344,0.0034389495849609375,,,0.013694286346435547,105.96564507484436,18.390533208847046,1.5633234977722168,14.937096357345581,1.553745985031128,143.1823492050171,3258.0,3258.0,0.000101,10000.0,hydrogen,"['ux','uy']","{'ux': [0.003211259139482135, 0.003595631756149061], 'uy': [0.004676955610899132, 0.004955405932290002]}",1324164.0
60.0,0.01%,"('ux','uy')",23.0,GeoIndex,Rtree,File,None,True,False,True,0.02833390235900879,,,,0.01353907585144043,113.16990685462952,18.612727880477905,1.5581820011138916,15.046101808547974,1.5501303672790527,150.67652225494385,3258.0,3258.0,0.000101,10000.0,hydrogen,"['ux','uy']","{'ux': [0.003211259139482135, 0.003595631756149061], 'uy': [0.004676955610899132, 0.004955405932290002]}",1324164.0
60.0,0.01%,"('ux','uy')",24.0,GeoIndex,Min-Max,File,None,False,True,True,0.05258512496948242,0.00347137451171875,0.0017104148864746094,0.19341635704040527,,93.17851281166077,19.62873339653015,1.5557472705841064,14.69129753112793,1.544325828552246,131.55378556251526,3258.0,2176.0,0.000101,10000.0,hydrogen,"['ux','uy']","{'ux': [0.003211259139482135, 0.003595631756149061], 'uy': [0.004676955610899132, 0.004955405932290002]}",1324164.0
60.0,0.01%,"('ux','uy')",25.0,GeoIndex,Rtree,File,None,False,True,True,0.028589725494384766,,0.001543283462524414,0.19046878814697266,,96.031982421875,20.152838945388794,1.5741639137268066,15.424530982971191,1.5623924732208252,135.68009662628174,3258.0,2176.0,0.000101,10000.0,hydrogen,"['ux','uy']","{'ux': [0.003211259139482135, 0.003595631756149061], 'uy': [0.004676955610899132, 0.004955405932290002]}",1324164.0
61.0,0.01%,"('ux','uy')",1.0,Original,,,,,False,,,,,,,750.7160465717316,149.8799431324005,333.9846758842468,56.494242668151855,5.861086845397949,1302.8954679965973,,,0.0001,10000.0,hydrogen,"['ux','uy']","{'ux': [0.005777068173536777, 0.006511344194784687], 'uy': [0.007531094872504918, 0.00813219538694351]}",1314621.0
61.0,0.01%,"('ux','uy')",4.0,GeoIndex,Min-Max,File,None,False,True,,0.04756665229797363,0.0027818679809570312,0.001585245132446289,0.1625685691833496,,89.42804288864136,17.423104286193848,34.01227879524231,12.722588777542114,1.3682568073272705,156.00584173202515,2823.0,1997.0,0.0001,10000.0,hydrogen,"['ux','uy']","{'ux': [0.005777068173536777, 0.006511344194784687], 'uy': [0.007531094872504918, 0.00813219538694351]}",1314621.0
61.0,0.01%,"('ux','uy')",5.0,GeoIndex,Rtree,File,None,False,True,,0.02676987648010254,,0.0014240741729736328,0.16630220413208008,,91.07869219779968,17.279510259628296,33.43242621421814,12.721490859985352,1.369070053100586,156.91042566299438,2823.0,1997.0,0.0001,10000.0,hydrogen,"['ux','uy']","{'ux': [0.005777068173536777, 0.006511344194784687], 'uy': [0.007531094872504918, 0.00813219538694351]}",1314621.0
61.0,0.01%,"('ux','uy')",22.0,GeoIndex,Min-Max,File,None,True,False,True,0.04727339744567871,0.002707242965698242,,,0.011997461318969727,91.63986802101135,15.976707220077515,1.3823556900024414,12.88433575630188,1.371673822402954,123.92928910255432,2823.0,2823.0,0.0001,10000.0,hydrogen,"['ux','uy']","{'ux': [0.005777068173536777, 0.006511344194784687], 'uy': [0.007531094872504918, 0.00813219538694351]}",1314621.0
61.0,0.01%,"('ux','uy')",23.0,GeoIndex,Rtree,File,None,True,False,True,0.026961088180541992,,,,0.01168060302734375,92.34233903884888,16.415984392166138,1.3987247943878174,13.413731336593628,1.3894069194793701,125.61713981628418,2823.0,2823.0,0.0001,10000.0,hydrogen,"['ux','uy']","{'ux': [0.005777068173536777, 0.006511344194784687], 'uy': [0.007531094872504918, 0.00813219538694351]}",1314621.0
61.0,0.01%,"('ux','uy')",24.0,GeoIndex,Min-Max,File,None,False,True,True,0.04730653762817383,0.0028367042541503906,0.0016040802001953125,0.16309857368469238,,84.13626980781555,17.13315510749817,1.3797979354858398,12.7280752658844,1.3682384490966797,117.57305860519409,2823.0,1997.0,0.0001,10000.0,hydrogen,"['ux','uy']","{'ux': [0.005777068173536777, 0.006511344194784687], 'uy': [0.007531094872504918, 0.00813219538694351]}",1314621.0
61.0,0.01%,"('ux','uy')",25.0,GeoIndex,Rtree,File,None,False,True,True,0.026856422424316406,,0.001425027847290039,0.16852378845214844,,86.33391857147217,17.321959018707275,1.3854255676269531,12.954580783843994,1.3750343322753906,120.18561458587646,2823.0,1997.0,0.0001,10000.0,hydrogen,"['ux','uy']","{'ux': [0.005777068173536777, 0.006511344194784687], 'uy': [0.007531094872504918, 0.00813219538694351]}",1314621.0
62.0,0.01%,"('ux','uy')",1.0,Original,,,,,False,,,,,,,727.8236703872681,156.12315011024475,347.9067904949188,58.21962118148804,6.366122722625732,1302.4862430095673,,,0.0001,10000.0,hydrogen,"['ux','uy']","{'ux': [0.017211052974262377, 0.018332744922391057], 'uy': [0.004136448368316233, 0.005021217320762295]}",1315313.0
62.0,0.01%,"('ux','uy')",4.0,GeoIndex,Min-Max,File,None,False,True,,0.04736328125,0.002245664596557617,0.0015206336975097656,0.14916372299194336,,80.34911155700684,15.175952911376953,29.20606565475464,11.520851135253906,1.1877632141113281,138.3816442489624,2524.0,1826.0,0.0001,10000.0,hydrogen,"['ux','uy']","{'ux': [0.017211052974262377, 0.018332744922391057], 'uy': [0.004136448368316233, 0.005021217320762295]}",1315313.0
62.0,0.01%,"('ux','uy')",5.0,GeoIndex,Rtree,File,None,False,True,,0.025821208953857422,,0.0013742446899414062,0.14410758018493652,,74.17004823684692,14.797220468521118,28.26151204109192,11.251290082931519,1.1736700534820557,130.54457473754883,2524.0,1826.0,0.0001,10000.0,hydrogen,"['ux','uy']","{'ux': [0.017211052974262377, 0.018332744922391057], 'uy': [0.004136448368316233, 0.005021217320762295]}",1315313.0
62.0,0.01%,"('ux','uy')",22.0,GeoIndex,Min-Max,File,None,True,False,True,0.04697918891906738,0.0021338462829589844,,,0.010840177536010742,79.43546676635742,13.69679045677185,1.1735267639160156,10.951922178268433,1.1626005172729492,107.0070595741272,2524.0,2524.0,0.0001,10000.0,hydrogen,"['ux','uy']","{'ux': [0.017211052974262377, 0.018332744922391057], 'uy': [0.004136448368316233, 0.005021217320762295]}",1315313.0
62.0,0.01%,"('ux','uy')",23.0,GeoIndex,Rtree,File,None,True,False,True,0.025596141815185547,,,,0.010557174682617188,86.37127900123596,14.482065916061401,1.200212001800537,11.961863994598389,1.1894736289978027,115.78618836402893,2524.0,2524.0,0.0001,10000.0,hydrogen,"['ux','uy']","{'ux': [0.017211052974262377, 0.018332744922391057], 'uy': [0.004136448368316233, 0.005021217320762295]}",1315313.0
62.0,0.01%,"('ux','uy')",24.0,GeoIndex,Min-Max,File,None,False,True,True,0.0465397834777832,0.0021257400512695312,0.001522064208984375,0.14683246612548828,,79.58263635635376,14.431886672973633,1.1713581085205078,11.24453330039978,1.1617882251739502,108.32121801376343,2524.0,1826.0,0.0001,10000.0,hydrogen,"['ux','uy']","{'ux': [0.017211052974262377, 0.018332744922391057], 'uy': [0.004136448368316233, 0.005021217320762295]}",1315313.0
62.0,0.01%,"('ux','uy')",25.0,GeoIndex,Rtree,File,None,False,True,True,0.026203393936157227,,0.0013775825500488281,0.14828991889953613,,80.09359121322632,15.050870180130005,1.190614938735962,11.672871828079224,1.1822361946105957,109.90530776977539,2524.0,1826.0,0.0001,10000.0,hydrogen,"['ux','uy']","{'ux': [0.017211052974262377, 0.018332744922391057], 'uy': [0.004136448368316233, 0.005021217320762295]}",1315313.0
63.0,0.01%,"('ux','uy')",1.0,Original,,,,,False,,,,,,,736.6250429153442,153.10189008712769,342.05616545677185,56.50751972198486,5.958307266235352,1300.2813079357147,,,0.000101,10000.0,hydrogen,"['ux','uy']","{'ux': [-0.07079009909470202, -0.03855701188827796], 'uy': [-0.0016402855622758492, -0.0004688043062471936]}",1321551.0
63.0,0.01%,"('ux','uy')",4.0,GeoIndex,Min-Max,File,None,False,True,,0.04871177673339844,0.0014247894287109375,0.0014023780822753906,0.1213231086730957,,60.53935623168945,11.60355830192566,22.97356128692627,9.014251708984375,0.9604241847991943,105.84837102890015,2056.0,1540.0,0.000101,10000.0,hydrogen,"['ux','uy']","{'ux': [-0.07079009909470202, -0.03855701188827796], 'uy': [-0.0016402855622758492, -0.0004688043062471936]}",1321551.0
63.0,0.01%,"('ux','uy')",5.0,GeoIndex,Rtree,File,None,False,True,,0.023892879486083984,,0.0012090206146240234,0.11940145492553711,,64.05871033668518,11.198354244232178,22.71262788772583,8.797640085220337,0.9538993835449219,108.44033122062683,2056.0,1540.0,0.000101,10000.0,hydrogen,"['ux','uy']","{'ux': [-0.07079009909470202, -0.03855701188827796], 'uy': [-0.0016402855622758492, -0.0004688043062471936]}",1321551.0
63.0,0.01%,"('ux','uy')",22.0,GeoIndex,Min-Max,File,None,True,False,True,0.04832744598388672,0.0013277530670166016,,,0.009084224700927734,63.39609694480896,10.795892000198364,0.9713797569274902,8.9874427318573,0.961641788482666,85.59888458251953,2056.0,2056.0,0.000101,10000.0,hydrogen,"['ux','uy']","{'ux': [-0.07079009909470202, -0.03855701188827796], 'uy': [-0.0016402855622758492, -0.0004688043062471936]}",1321551.0
63.0,0.01%,"('ux','uy')",23.0,GeoIndex,Rtree,File,None,True,False,True,0.024195194244384766,,,,0.008788824081420898,68.88931369781494,11.050976037979126,0.9667859077453613,9.268100261688232,0.9574596881866455,91.58598732948303,2056.0,2056.0,0.000101,10000.0,hydrogen,"['ux','uy']","{'ux': [-0.07079009909470202, -0.03855701188827796], 'uy': [-0.0016402855622758492, -0.0004688043062471936]}",1321551.0
63.0,0.01%,"('ux','uy')",24.0,GeoIndex,Min-Max,File,None,False,True,True,0.048700571060180664,0.001354217529296875,0.0013990402221679688,0.11716461181640625,,60.266128063201904,11.734072208404541,0.9721949100494385,9.193397998809814,1.0276989936828613,83.79734325408936,2056.0,1540.0,0.000101,10000.0,hydrogen,"['ux','uy']","{'ux': [-0.07079009909470202, -0.03855701188827796], 'uy': [-0.0016402855622758492, -0.0004688043062471936]}",1321551.0
63.0,0.01%,"('ux','uy')",25.0,GeoIndex,Rtree,File,None,False,True,True,0.02396082878112793,,0.0012278556823730469,0.11848020553588867,,59.405272245407104,11.196021318435669,0.9628438949584961,8.878139734268188,0.9533998966217041,81.95987820625305,2056.0,1540.0,0.000101,10000.0,hydrogen,"['ux','uy']","{'ux': [-0.07079009909470202, -0.03855701188827796], 'uy': [-0.0016402855622758492, -0.0004688043062471936]}",1321551.0
64.0,0.01%,"('ux','uy')",1.0,Original,,,,,False,,,,,,,741.1380155086517,235.58517122268677,436.51863861083984,60.02434730529785,6.482848644256592,1485.8741266727448,,,0.0001,10000.0,hydrogen,"['uy','ux']","{'ux': [0.04915600499079966, 0.06775562662891019], 'uy': [-0.029886452421464187, -0.02005164396327354]}",1306807.0
64.0,0.01%,"('ux','uy')",4.0,GeoIndex,Min-Max,File,None,False,True,,0.033539772033691406,0.0014464855194091797,0.0010600090026855469,0.06316947937011719,,35.22309970855713,6.575784921646118,13.189778804779053,5.324924468994141,0.6214356422424316,61.3797070980072,1148.0,971.0,0.0001,10000.0,hydrogen,"['uy','ux']","{'ux': [0.04915600499079966, 0.06775562662891019], 'uy': [-0.029886452421464187, -0.02005164396327354]}",1306807.0
64.0,0.01%,"('ux','uy')",5.0,GeoIndex,Rtree,File,None,False,True,,0.02056574821472168,,0.0009908676147460938,0.06213951110839844,,35.51406216621399,6.6498894691467285,13.199132919311523,5.170865535736084,0.6173603534698486,61.573322772979736,1148.0,971.0,0.0001,10000.0,hydrogen,"['uy','ux']","{'ux': [0.04915600499079966, 0.06775562662891019], 'uy': [-0.029886452421464187, -0.02005164396327354]}",1306807.0
64.0,0.01%,"('ux','uy')",22.0,GeoIndex,Min-Max,File,None,True,False,True,0.03368639945983887,0.0014269351959228516,,,0.005249738693237305,37.751800537109375,6.436609983444214,0.6288750171661377,5.230346202850342,0.6194174289703369,50.95834827423096,1148.0,1148.0,0.0001,10000.0,hydrogen,"['uy','ux']","{'ux': [0.04915600499079966, 0.06775562662891019], 'uy': [-0.029886452421464187, -0.02005164396327354]}",1306807.0
64.0,0.01%,"('ux','uy')",23.0,GeoIndex,Rtree,File,None,True,False,True,0.020504474639892578,,,,0.005429983139038086,38.187270641326904,6.662287473678589,0.6360795497894287,5.376081705093384,0.6260843276977539,51.76396441459656,1148.0,1148.0,0.0001,10000.0,hydrogen,"['uy','ux']","{'ux': [0.04915600499079966, 0.06775562662891019], 'uy': [-0.029886452421464187, -0.02005164396327354]}",1306807.0
64.0,0.01%,"('ux','uy')",24.0,GeoIndex,Min-Max,File,None,False,True,True,0.03405880928039551,0.0014295578002929688,0.0010578632354736328,0.06491446495056152,,35.20546793937683,6.6156322956085205,0.6238160133361816,5.095829248428345,0.6135475635528564,48.50772309303284,1148.0,971.0,0.0001,10000.0,hydrogen,"['uy','ux']","{'ux': [0.04915600499079966, 0.06775562662891019], 'uy': [-0.029886452421464187, -0.02005164396327354]}",1306807.0
64.0,0.01%,"('ux','uy')",25.0,GeoIndex,Rtree,File,None,False,True,True,0.020477294921875,,0.0009984970092773438,0.061815738677978516,,35.41533946990967,6.714354753494263,0.6359138488769531,5.369751930236816,0.6249964237213135,49.09920310974121,1148.0,971.0,0.0001,10000.0,hydrogen,"['uy','ux']","{'ux': [0.04915600499079966, 0.06775562662891019], 'uy': [-0.029886452421464187, -0.02005164396327354]}",1306807.0
65.0,0.01%,"('ux','uy')",1.0,Original,,,,,False,,,,,,,730.1447920799255,151.2361936569214,338.39155745506287,57.18653726577759,6.01499080657959,1288.9887535572052,,,0.0001,10000.0,hydrogen,"['uy','ux']","{'ux': [0.013201124255636118, 0.021055125358730595], 'uy': [-0.04920942211614042, -0.04138643096015586]}",1312182.0
65.0,0.01%,"('ux','uy')",4.0,GeoIndex,Min-Max,File,None,False,True,,0.03651618957519531,0.0030651092529296875,0.0012068748474121094,0.08697700500488281,,44.85939931869507,8.575723886489868,16.742106437683105,6.600670099258423,0.7502713203430176,78.09067845344543,1551.0,1239.0,0.0001,10000.0,hydrogen,"['uy','ux']","{'ux': [0.013201124255636118, 0.021055125358730595], 'uy': [-0.04920942211614042, -0.04138643096015586]}",1312182.0
65.0,0.01%,"('ux','uy')",5.0,GeoIndex,Rtree,File,None,False,True,,0.021849632263183594,,0.0011138916015625,0.0872809886932373,,49.07372188568115,8.85041880607605,17.581936359405518,6.919774770736694,0.7645120620727539,83.74454355239868,1551.0,1239.0,0.0001,10000.0,hydrogen,"['uy','ux']","{'ux': [0.013201124255636118, 0.021055125358730595], 'uy': [-0.04920942211614042, -0.04138643096015586]}",1312182.0
65.0,0.01%,"('ux','uy')",22.0,GeoIndex,Min-Max,File,None,True,False,True,0.03688669204711914,0.0030586719512939453,,,0.006994962692260742,48.47155475616455,8.37630820274353,0.7720811367034912,6.81977105140686,0.7615869045257568,65.57302951812744,1551.0,1551.0,0.0001,10000.0,hydrogen,"['uy','ux']","{'ux': [0.013201124255636118, 0.021055125358730595], 'uy': [-0.04920942211614042, -0.04138643096015586]}",1312182.0
65.0,0.01%,"('ux','uy')",23.0,GeoIndex,Rtree,File,None,True,False,True,0.022034883499145508,,,,0.006805419921875,48.851271867752075,8.334277629852295,0.7690000534057617,6.783066511154175,0.7594733238220215,65.84525203704834,1551.0,1551.0,0.0001,10000.0,hydrogen,"['uy','ux']","{'ux': [0.013201124255636118, 0.021055125358730595], 'uy': [-0.04920942211614042, -0.04138643096015586]}",1312182.0
65.0,0.01%,"('ux','uy')",24.0,GeoIndex,Min-Max,File,None,False,True,True,0.03641939163208008,0.0030126571655273438,0.0012369155883789062,0.08693552017211914,,49.77047109603882,8.625081777572632,0.7656428813934326,6.741991758346558,0.7561018466949463,67.11130785942078,1551.0,1239.0,0.0001,10000.0,hydrogen,"['uy','ux']","{'ux': [0.013201124255636118, 0.021055125358730595], 'uy': [-0.04920942211614042, -0.04138643096015586]}",1312182.0
65.0,0.01%,"('ux','uy')",25.0,GeoIndex,Rtree,File,None,False,True,True,0.021899938583374023,,0.001123666763305664,0.08794546127319336,,47.05046892166138,8.853714227676392,0.7742979526519775,6.952388525009155,0.7643768787384033,64.8330512046814,1551.0,1239.0,0.0001,10000.0,hydrogen,"['uy','ux']","{'ux': [0.013201124255636118, 0.021055125358730595], 'uy': [-0.04920942211614042, -0.04138643096015586]}",1312182.0
66.0,0.01%,"('ux','uy')",1.0,Original,,,,,False,,,,,,,742.3192701339722,232.24634337425232,431.75439953804016,59.780277252197266,6.433444023132324,1478.644178390503,,,0.0001,10000.0,hydrogen,"['ux','uy']","{'ux': [0.003529520984820212, 0.0037927459514080558], 'uy': [0.0011664350779541088, 0.001315423093942213]}",1315741.0
66.0,0.01%,"('ux','uy')",4.0,GeoIndex,Min-Max,File,None,False,True,,0.055394649505615234,0.002977609634399414,0.0018389225006103516,0.2277824878692627,,103.77754020690918,24.302884578704834,48.078303813934326,16.80636978149414,1.737149715423584,196.09457540512085,3681.0,2361.0,0.0001,10000.0,hydrogen,"['ux','uy']","{'ux': [0.003529520984820212, 0.0037927459514080558], 'uy': [0.0011664350779541088, 0.001315423093942213]}",1315741.0
66.0,0.01%,"('ux','uy')",5.0,GeoIndex,Rtree,File,None,False,True,,0.03041863441467285,,0.001657247543334961,0.24036192893981934,,103.20082426071167,23.68211054801941,47.274996280670166,16.44837713241577,1.7235159873962402,193.6874794960022,3681.0,2361.0,0.0001,10000.0,hydrogen,"['ux','uy']","{'ux': [0.003529520984820212, 0.0037927459514080558], 'uy': [0.0011664350779541088, 0.001315423093942213]}",1315741.0
66.0,0.01%,"('ux','uy')",22.0,GeoIndex,Min-Max,File,None,True,False,True,0.05585122108459473,0.0031723976135253906,,,0.015415191650390625,127.1770510673523,20.236900091171265,1.7319462299346924,16.47033953666687,1.72324800491333,168.19673943519592,3681.0,3681.0,0.0001,10000.0,hydrogen,"['ux','uy']","{'ux': [0.003529520984820212, 0.0037927459514080558], 'uy': [0.0011664350779541088, 0.001315423093942213]}",1315741.0
66.0,0.01%,"('ux','uy')",23.0,GeoIndex,Rtree,File,None,True,False,True,0.029937744140625,,,,0.015076875686645508,126.41257095336914,20.535803079605103,1.7776451110839844,16.845916986465454,1.7307465076446533,168.1336214542389,3681.0,3681.0,0.0001,10000.0,hydrogen,"['ux','uy']","{'ux': [0.003529520984820212, 0.0037927459514080558], 'uy': [0.0011664350779541088, 0.001315423093942213]}",1315741.0
66.0,0.01%,"('ux','uy')",24.0,GeoIndex,Min-Max,File,None,False,True,True,0.05614447593688965,0.003000020980834961,0.001844644546508789,0.23123455047607422,,104.28980255126953,22.26020097732544,1.7384915351867676,16.544812202453613,1.725867748260498,147.64275240898132,3681.0,2361.0,0.0001,10000.0,hydrogen,"['ux','uy']","{'ux': [0.003529520984820212, 0.0037927459514080558], 'uy': [0.0011664350779541088, 0.001315423093942213]}",1315741.0
66.0,0.01%,"('ux','uy')",25.0,GeoIndex,Rtree,File,None,False,True,True,0.030103445053100586,,0.0016498565673828125,0.2304239273071289,,103.2336413860321,21.96740961074829,1.7320997714996338,16.36820650100708,1.720583200454712,146.06309723854065,3681.0,2361.0,0.0001,10000.0,hydrogen,"['ux','uy']","{'ux': [0.003529520984820212, 0.0037927459514080558], 'uy': [0.0011664350779541088, 0.001315423093942213]}",1315741.0
67.0,0.01%,"('ux','uy')",1.0,Original,,,,,False,,,,,,,737.9943645000458,140.18382787704468,298.30714774131775,56.975284814834595,7.277135848999023,1246.5719270706177,,,9.9e-05,10000.0,hydrogen,"['uy','ux']","{'ux': [-0.03081255693114916, -0.023346021835604528], 'uy': [-0.06423059293335326, -0.04050958820608597]}",1304804.0
67.0,0.01%,"('ux','uy')",4.0,GeoIndex,Min-Max,File,None,False,True,,0.034544944763183594,0.002660036087036133,0.001178741455078125,0.07620477676391602,,44.34278082847595,7.753533840179443,15.706839799880981,6.151750564575195,0.7026064395904541,75.1698226928711,1397.0,1155.0,9.9e-05,10000.0,hydrogen,"['uy','ux']","{'ux': [-0.03081255693114916, -0.023346021835604528], 'uy': [-0.06423059293335326, -0.04050958820608597]}",1304804.0
67.0,0.01%,"('ux','uy')",5.0,GeoIndex,Rtree,File,None,False,True,,0.021432876586914062,,0.0010471343994140625,0.07589554786682129,,40.86700916290283,7.128390789031982,14.764358758926392,5.936770915985107,0.6874840259552002,69.8609972000122,1397.0,1155.0,9.9e-05,10000.0,hydrogen,"['uy','ux']","{'ux': [-0.03081255693114916, -0.023346021835604528], 'uy': [-0.06423059293335326, -0.04050958820608597]}",1304804.0
67.0,0.01%,"('ux','uy')",22.0,GeoIndex,Min-Max,File,None,True,False,True,0.03492593765258789,0.0025718212127685547,,,0.006314992904663086,44.26547431945801,7.548719882965088,0.7143566608428955,6.2010111808776855,0.7040879726409912,59.76838779449463,1397.0,1397.0,9.9e-05,10000.0,hydrogen,"['uy','ux']","{'ux': [-0.03081255693114916, -0.023346021835604528], 'uy': [-0.06423059293335326, -0.04050958820608597]}",1304804.0
67.0,0.01%,"('ux','uy')",23.0,GeoIndex,Rtree,File,None,True,False,True,0.021490097045898438,,,,0.006295442581176758,43.7338182926178,7.194646596908569,0.7022809982299805,5.959398508071899,0.6950695514678955,58.59205961227417,1397.0,1397.0,9.9e-05,10000.0,hydrogen,"['uy','ux']","{'ux': [-0.03081255693114916, -0.023346021835604528], 'uy': [-0.06423059293335326, -0.04050958820608597]}",1304804.0
67.0,0.01%,"('ux','uy')",24.0,GeoIndex,Min-Max,File,None,False,True,True,0.03445720672607422,0.0026929378509521484,0.0011696815490722656,0.07650923728942871,,43.595539569854736,7.554045915603638,0.7048389911651611,6.158612251281738,0.6930575370788574,59.108717918395996,1397.0,1155.0,9.9e-05,10000.0,hydrogen,"['uy','ux']","{'ux': [-0.03081255693114916, -0.023346021835604528], 'uy': [-0.06423059293335326, -0.04050958820608597]}",1304804.0
67.0,0.01%,"('ux','uy')",25.0,GeoIndex,Rtree,File,None,False,True,True,0.02139759063720703,,0.00106048583984375,0.07628250122070312,,40.46446633338928,7.354549169540405,0.7032582759857178,5.9352312088012695,0.6937720775604248,55.532896995544434,1397.0,1155.0,9.9e-05,10000.0,hydrogen,"['uy','ux']","{'ux': [-0.03081255693114916, -0.023346021835604528], 'uy': [-0.06423059293335326, -0.04050958820608597]}",1304804.0
68.0,0.01%,"('ux','uy')",1.0,Original,,,,,False,,,,,,,729.1003954410553,158.4287838935852,350.2440800666809,59.3532989025116,6.431604862213135,1309.633786201477,,,9.9e-05,10000.0,hydrogen,"['uy','ux']","{'ux': [-0.001184778918297164, -0.0010746647023989128], 'uy': [0.002493094529970594, 0.0026435374976170435]}",1305266.0
68.0,0.01%,"('ux','uy')",4.0,GeoIndex,Min-Max,File,None,False,True,,0.058632850646972656,0.0038018226623535156,0.0019485950469970703,0.2575984001159668,,116.51470708847046,28.79906415939331,54.70761275291443,20.930686473846436,2.4926204681396484,225.018137216568,4026.0,2552.0,9.9e-05,10000.0,hydrogen,"['uy','ux']","{'ux': [-0.001184778918297164, -0.0010746647023989128], 'uy': [0.002493094529970594, 0.0026435374976170435]}",1305266.0
68.0,0.01%,"('ux','uy')",5.0,GeoIndex,Rtree,File,None,False,True,,0.0313410758972168,,0.0017254352569580078,0.2551686763763428,,114.5348699092865,28.55870223045349,53.672651052474976,21.053736925125122,2.479180335998535,221.8748264312744,4026.0,2552.0,9.9e-05,10000.0,hydrogen,"['uy','ux']","{'ux': [-0.001184778918297164, -0.0010746647023989128], 'uy': [0.002493094529970594, 0.0026435374976170435]}",1305266.0
68.0,0.01%,"('ux','uy')",22.0,GeoIndex,Min-Max,File,None,True,False,True,0.05733036994934082,0.0036733150482177734,,,0.016630887985229492,129.30569076538086,22.25974130630493,2.08306884765625,19.3685884475708,2.1905410289764404,176.1486303806305,4026.0,4026.0,9.9e-05,10000.0,hydrogen,"['uy','ux']","{'ux': [-0.001184778918297164, -0.0010746647023989128], 'uy': [0.002493094529970594, 0.0026435374976170435]}",1305266.0
68.0,0.01%,"('ux','uy')",23.0,GeoIndex,Rtree,File,None,True,False,True,0.03224921226501465,,,,0.017002582550048828,127.57750129699707,22.595783948898315,2.2993764877319336,19.859337091445923,2.329221725463867,175.57098364830017,4026.0,4026.0,9.9e-05,10000.0,hydrogen,"['uy','ux']","{'ux': [-0.001184778918297164, -0.0010746647023989128], 'uy': [0.002493094529970594, 0.0026435374976170435]}",1305266.0
68.0,0.01%,"('ux','uy')",24.0,GeoIndex,Min-Max,File,None,False,True,True,0.058234453201293945,0.003801584243774414,0.0019519329071044922,0.25495219230651855,,114.4857873916626,25.509482622146606,2.422170877456665,20.778504610061646,2.421379804611206,166.83042097091675,4026.0,2552.0,9.9e-05,10000.0,hydrogen,"['uy','ux']","{'ux': [-0.001184778918297164, -0.0010746647023989128], 'uy': [0.002493094529970594, 0.0026435374976170435]}",1305266.0
68.0,0.01%,"('ux','uy')",25.0,GeoIndex,Rtree,File,None,False,True,True,0.031244993209838867,,0.0017273426055908203,0.26012229919433594,,114.27315497398376,24.725361108779907,2.3996458053588867,20.074798107147217,2.399221658706665,165.03414702415466,4026.0,2552.0,9.9e-05,10000.0,hydrogen,"['uy','ux']","{'ux': [-0.001184778918297164, -0.0010746647023989128], 'uy': [0.002493094529970594, 0.0026435374976170435]}",1305266.0
69.0,0.01%,"('ux','uy')",1.0,Original,,,,,False,,,,,,,728.4514312744141,157.2174882888794,345.21398878097534,58.482603311538696,6.349716663360596,1301.763685464859,,,0.0001,10000.0,hydrogen,"['ux','uy']","{'ux': [-0.00034728047150574357, -0.00024278590312626865], 'uy': [-0.005117879054733533, -0.004734557988203439]}",1309606.0
69.0,0.01%,"('ux','uy')",4.0,GeoIndex,Min-Max,File,None,False,True,,0.061769723892211914,0.005192995071411133,0.0020036697387695312,0.2604362964630127,,118.14839482307434,29.242629528045654,57.98271632194519,22.498775720596313,2.5778298377990723,232.39758372306824,4297.0,2486.0,0.0001,10000.0,hydrogen,"['ux','uy']","{'ux': [-0.00034728047150574357, -0.00024278590312626865], 'uy': [-0.005117879054733533, -0.004734557988203439]}",1309606.0
69.0,0.01%,"('ux','uy')",5.0,GeoIndex,Rtree,File,None,False,True,,0.03232431411743164,,0.0017826557159423828,0.26384925842285156,,118.47708487510681,30.29940915107727,58.26881551742554,22.705044269561768,2.582685947418213,234.25133538246155,4297.0,2486.0,0.0001,10000.0,hydrogen,"['ux','uy']","{'ux': [-0.00034728047150574357, -0.00024278590312626865], 'uy': [-0.005117879054733533, -0.004734557988203439]}",1309606.0
69.0,0.01%,"('ux','uy')",22.0,GeoIndex,Min-Max,File,None,True,False,True,0.06163930892944336,0.0050868988037109375,,,0.018243789672851562,137.11912965774536,23.40372586250305,2.5774521827697754,22.19625234603882,2.7297990322113037,189.20995497703552,4297.0,4297.0,0.0001,10000.0,hydrogen,"['ux','uy']","{'ux': [-0.00034728047150574357, -0.00024278590312626865], 'uy': [-0.005117879054733533, -0.004734557988203439]}",1309606.0
69.0,0.01%,"('ux','uy')",23.0,GeoIndex,Rtree,File,None,True,False,True,0.03254389762878418,,,,0.017486095428466797,144.9499843120575,23.64691948890686,2.5692689418792725,22.823575973510742,2.6000514030456543,197.88397526741028,4297.0,4297.0,0.0001,10000.0,hydrogen,"['ux','uy']","{'ux': [-0.00034728047150574357, -0.00024278590312626865], 'uy': [-0.005117879054733533, -0.004734557988203439]}",1309606.0
69.0,0.01%,"('ux','uy')",24.0,GeoIndex,Min-Max,File,None,False,True,True,0.061606645584106445,0.0050678253173828125,0.0019898414611816406,0.25996971130371094,,118.06925392150879,26.687646627426147,2.5919089317321777,22.977495908737183,2.604351282119751,174.50998878479004,4297.0,2486.0,0.0001,10000.0,hydrogen,"['ux','uy']","{'ux': [-0.00034728047150574357, -0.00024278590312626865], 'uy': [-0.005117879054733533, -0.004734557988203439]}",1309606.0
69.0,0.01%,"('ux','uy')",25.0,GeoIndex,Rtree,File,None,False,True,True,0.0324709415435791,,0.0018208026885986328,0.2583920955657959,,118.14033365249634,26.99483561515808,2.5980939865112305,23.1614990234375,2.605332851409912,175.04203534126282,4297.0,2486.0,0.0001,10000.0,hydrogen,"['ux','uy']","{'ux': [-0.00034728047150574357, -0.00024278590312626865], 'uy': [-0.005117879054733533, -0.004734557988203439]}",1309606.0
70.0,0.01%,"('ux','uy')",1.0,Original,,,,,False,,,,,,,725.2704124450684,146.02419114112854,316.6013605594635,58.36238479614258,6.410548686981201,1258.6015870571136,,,0.000101,10000.0,hydrogen,"['uy','ux']","{'ux': [-0.0067249404551263285, -0.0062065215723945315], 'uy': [-0.006066848937504289, -0.005259054487206032]}",1324753.0
70.0,0.01%,"('ux','uy')",4.0,GeoIndex,Min-Max,File,None,False,True,,0.048871755599975586,0.002873659133911133,0.0016558170318603516,0.18323063850402832,,88.8425805568695,18.850373029708862,37.16207528114319,14.053455829620361,1.4841244220733643,161.54102158546448,3006.0,2136.0,0.000101,10000.0,hydrogen,"['uy','ux']","{'ux': [-0.0067249404551263285, -0.0062065215723945315], 'uy': [-0.006066848937504289, -0.005259054487206032]}",1324753.0
70.0,0.01%,"('ux','uy')",5.0,GeoIndex,Rtree,File,None,False,True,,0.02736663818359375,,0.0014698505401611328,0.18504571914672852,,97.40924620628357,18.85661268234253,37.711865186691284,13.807735204696655,1.5029995441436768,170.40281105041504,3006.0,2136.0,0.000101,10000.0,hydrogen,"['uy','ux']","{'ux': [-0.0067249404551263285, -0.0062065215723945315], 'uy': [-0.006066848937504289, -0.005259054487206032]}",1324753.0
70.0,0.01%,"('ux','uy')",22.0,GeoIndex,Min-Max,File,None,True,False,True,0.04958176612854004,0.0028498172760009766,,,0.012590169906616211,101.2653796672821,16.84261441230774,1.4718029499053955,13.990445613861084,1.4619765281677246,135.74436163902283,3006.0,3006.0,0.000101,10000.0,hydrogen,"['uy','ux']","{'ux': [-0.0067249404551263285, -0.0062065215723945315], 'uy': [-0.006066848937504289, -0.005259054487206032]}",1324753.0
70.0,0.01%,"('ux','uy')",23.0,GeoIndex,Rtree,File,None,True,False,True,0.02749800682067871,,,,0.012461185455322266,105.40985774993896,17.83217716217041,1.5045406818389893,14.501095056533813,1.4942290782928467,141.45245027542114,3006.0,3006.0,0.000101,10000.0,hydrogen,"['uy','ux']","{'ux': [-0.0067249404551263285, -0.0062065215723945315], 'uy': [-0.006066848937504289, -0.005259054487206032]}",1324753.0
70.0,0.01%,"('ux','uy')",24.0,GeoIndex,Min-Max,File,None,False,True,True,0.049048423767089844,0.002771139144897461,0.0016527175903320312,0.18782854080200195,,89.3378050327301,18.884397268295288,1.505544900894165,14.270622491836548,1.49326753616333,126.40841913223267,3006.0,2136.0,0.000101,10000.0,hydrogen,"['uy','ux']","{'ux': [-0.0067249404551263285, -0.0062065215723945315], 'uy': [-0.006066848937504289, -0.005259054487206032]}",1324753.0
70.0,0.01%,"('ux','uy')",25.0,GeoIndex,Rtree,File,None,False,True,True,0.02757740020751953,,0.0014812946319580078,0.18137359619140625,,95.78188061714172,18.9439115524292,1.5057897567749023,15.852077960968018,1.4962406158447266,134.46314144134521,3006.0,2136.0,0.000101,10000.0,hydrogen,"['uy','ux']","{'ux': [-0.0067249404551263285, -0.0062065215723945315], 'uy': [-0.006066848937504289, -0.005259054487206032]}",1324753.0
71.0,0.01%,"('ux','uy')",1.0,Original,,,,,False,,,,,,,794.0390577316284,156.35058403015137,345.68147921562195,58.14175844192505,6.343773365020752,1366.622944355011,,,0.0001,10000.0,hydrogen,"['uy','ux']","{'ux': [0.002588200372597638, 0.0028739739711770495], 'uy': [0.0009099894816853449, 0.0010000392487356357]}",1318480.0
71.0,0.01%,"('ux','uy')",4.0,GeoIndex,Min-Max,File,None,False,True,,0.05750608444213867,0.003178119659423828,0.001903533935546875,0.25720763206481934,,109.06085443496704,26.028886318206787,50.149280071258545,17.879533767700195,1.8292875289916992,206.4279079437256,3907.0,2458.0,0.0001,10000.0,hydrogen,"['uy','ux']","{'ux': [0.002588200372597638, 0.0028739739711770495], 'uy': [0.0009099894816853449, 0.0010000392487356357]}",1318480.0
71.0,0.01%,"('ux','uy')",5.0,GeoIndex,Rtree,File,None,False,True,,0.031031131744384766,,0.0017406940460205078,0.2546212673187256,,110.43033576011658,26.132864713668823,50.522321462631226,18.25238013267517,1.8344230651855469,208.62337565422058,3907.0,2458.0,0.0001,10000.0,hydrogen,"['uy','ux']","{'ux': [0.002588200372597638, 0.0028739739711770495], 'uy': [0.0009099894816853449, 0.0010000392487356357]}",1318480.0
71.0,0.01%,"('ux','uy')",22.0,GeoIndex,Min-Max,File,None,True,False,True,0.0568537712097168,0.0033521652221679688,,,0.01658010482788086,135.38092589378357,21.359268188476562,1.84958815574646,18.018231868743896,1.8225455284118652,179.33225297927856,3907.0,3907.0,0.0001,10000.0,hydrogen,"['uy','ux']","{'ux': [0.002588200372597638, 0.0028739739711770495], 'uy': [0.0009099894816853449, 0.0010000392487356357]}",1318480.0
71.0,0.01%,"('ux','uy')",23.0,GeoIndex,Rtree,File,None,True,False,True,0.03142189979553223,,,,0.016424894332885742,133.62646651268005,21.13105320930481,1.8346705436706543,17.772660970687866,1.825927734375,177.06001448631287,3907.0,3907.0,0.0001,10000.0,hydrogen,"['uy','ux']","{'ux': [0.002588200372597638, 0.0028739739711770495], 'uy': [0.0009099894816853449, 0.0010000392487356357]}",1318480.0
71.0,0.01%,"('ux','uy')",24.0,GeoIndex,Min-Max,File,None,False,True,True,0.05731201171875,0.003140687942504883,0.0018749237060546875,0.2489793300628662,,109.6780002117157,24.364527702331543,1.8685691356658936,18.82407855987549,1.8555760383605957,157.76097917556763,3907.0,2458.0,0.0001,10000.0,hydrogen,"['uy','ux']","{'ux': [0.002588200372597638, 0.0028739739711770495], 'uy': [0.0009099894816853449, 0.0010000392487356357]}",1318480.0
71.0,0.01%,"('ux','uy')",25.0,GeoIndex,Rtree,File,None,False,True,True,0.030683517456054688,,0.001691579818725586,0.251725435256958,,110.19553542137146,23.326403856277466,1.8334619998931885,17.887553691864014,1.820744514465332,156.17401671409607,3907.0,2458.0,0.0001,10000.0,hydrogen,"['uy','ux']","{'ux': [0.002588200372597638, 0.0028739739711770495], 'uy': [0.0009099894816853449, 0.0010000392487356357]}",1318480.0
72.0,0.01%,"('ux','uy')",1.0,Original,,,,,False,,,,,,,739.7737829685211,211.64462208747864,409.22870564460754,59.18791317939758,6.43428897857666,1432.363615989685,,,0.0001,10000.0,hydrogen,"['ux','uy']","{'ux': [0.0037786455770043147, 0.004031727670973709], 'uy': [0.002381307254522236, 0.0025960180368145543]}",1312123.0
72.0,0.01%,"('ux','uy')",4.0,GeoIndex,Min-Max,File,None,False,True,,0.05470156669616699,0.0031194686889648438,0.00177001953125,0.21752047538757324,,101.06902575492859,21.994770050048828,43.4857075214386,15.968611001968384,1.647432565689087,185.486426115036,3451.0,2267.0,0.0001,10000.0,hydrogen,"['ux','uy']","{'ux': [0.0037786455770043147, 0.004031727670973709], 'uy': [0.002381307254522236, 0.0025960180368145543]}",1312123.0
72.0,0.01%,"('ux','uy')",5.0,GeoIndex,Rtree,File,None,False,True,,0.029311418533325195,,0.0015819072723388672,0.2156686782836914,,99.7614917755127,21.678236722946167,43.30625653266907,15.386337995529175,1.6258718967437744,183.02690434455872,3451.0,2267.0,0.0001,10000.0,hydrogen,"['ux','uy']","{'ux': [0.0037786455770043147, 0.004031727670973709], 'uy': [0.002381307254522236, 0.0025960180368145543]}",1312123.0
72.0,0.01%,"('ux','uy')",22.0,GeoIndex,Min-Max,File,None,True,False,True,0.053880929946899414,0.0031082630157470703,,,0.014513731002807617,121.38371872901917,19.186224699020386,1.638188123703003,16.1344256401062,1.6305904388427734,160.78206610679626,3451.0,3451.0,0.0001,10000.0,hydrogen,"['ux','uy']","{'ux': [0.0037786455770043147, 0.004031727670973709], 'uy': [0.002381307254522236, 0.0025960180368145543]}",1312123.0
72.0,0.01%,"('ux','uy')",23.0,GeoIndex,Rtree,File,None,True,False,True,0.029058456420898438,,,,0.014405488967895508,119.2466025352478,19.090444803237915,1.6434502601623535,15.590348958969116,1.6335275173187256,157.98608946800232,3451.0,3451.0,0.0001,10000.0,hydrogen,"['ux','uy']","{'ux': [0.0037786455770043147, 0.004031727670973709], 'uy': [0.002381307254522236, 0.0025960180368145543]}",1312123.0
72.0,0.01%,"('ux','uy')",24.0,GeoIndex,Min-Max,File,None,False,True,True,0.05440235137939453,0.0030698776245117188,0.0017476081848144531,0.21711158752441406,,98.53490257263184,20.81409001350403,1.6426870822906494,15.928136110305786,1.6392359733581543,139.59348130226135,3451.0,2267.0,0.0001,10000.0,hydrogen,"['ux','uy']","{'ux': [0.0037786455770043147, 0.004031727670973709], 'uy': [0.002381307254522236, 0.0025960180368145543]}",1312123.0
72.0,0.01%,"('ux','uy')",25.0,GeoIndex,Rtree,File,None,False,True,True,0.02901458740234375,,0.0015587806701660156,0.21453547477722168,,98.81548404693604,21.606038570404053,1.6670434474945068,16.187334775924683,1.6552948951721191,140.93485403060913,3451.0,2267.0,0.0001,10000.0,hydrogen,"['ux','uy']","{'ux': [0.0037786455770043147, 0.004031727670973709], 'uy': [0.002381307254522236, 0.0025960180368145543]}",1312123.0
73.0,0.01%,"('ux','uy')",1.0,Original,,,,,False,,,,,,,734.7846953868866,232.09594798088074,429.5581705570221,58.59913468360901,6.4148054122924805,1467.5063812732697,,,0.0001,10000.0,hydrogen,"['ux','uy']","{'ux': [0.01412280416410968, 0.0180967842856654], 'uy': [7.77317616479848e-05, 0.0002228336660306098]}",1307776.0
73.0,0.01%,"('ux','uy')",4.0,GeoIndex,Min-Max,File,None,False,True,,0.05705380439758301,0.0013682842254638672,0.0018393993377685547,0.21210646629333496,,98.99112129211426,23.432124614715576,44.65853142738342,15.650820016860962,1.6890404224395752,185.73746132850647,3628.0,2060.0,0.0001,10000.0,hydrogen,"['ux','uy']","{'ux': [0.01412280416410968, 0.0180967842856654], 'uy': [7.77317616479848e-05, 0.0002228336660306098]}",1307776.0
73.0,0.01%,"('ux','uy')",5.0,GeoIndex,Rtree,File,None,False,True,,0.029550790786743164,,0.0016384124755859375,0.2085273265838623,,97.48718905448914,23.48914122581482,44.66585111618042,16.184130668640137,1.7094295024871826,184.83014392852783,3628.0,2060.0,0.0001,10000.0,hydrogen,"['ux','uy']","{'ux': [0.01412280416410968, 0.0180967842856654], 'uy': [7.77317616479848e-05, 0.0002228336660306098]}",1307776.0
73.0,0.01%,"('ux','uy')",22.0,GeoIndex,Min-Max,File,None,True,False,True,0.05647158622741699,0.0013649463653564453,,,0.01508951187133789,113.05537962913513,19.50174045562744,1.6906940937042236,15.523707151412964,1.6800861358642578,152.27106046676636,3628.0,3628.0,0.0001,10000.0,hydrogen,"['ux','uy']","{'ux': [0.01412280416410968, 0.0180967842856654], 'uy': [7.77317616479848e-05, 0.0002228336660306098]}",1307776.0
73.0,0.01%,"('ux','uy')",23.0,GeoIndex,Rtree,File,None,True,False,True,0.029879093170166016,,,,0.014921903610229492,114.08273553848267,19.798715353012085,1.7228472232818604,16.431314706802368,1.7136332988739014,154.5559947490692,3628.0,3628.0,0.0001,10000.0,hydrogen,"['ux','uy']","{'ux': [0.01412280416410968, 0.0180967842856654], 'uy': [7.77317616479848e-05, 0.0002228336660306098]}",1307776.0
73.0,0.01%,"('ux','uy')",24.0,GeoIndex,Min-Max,File,None,False,True,True,0.05663442611694336,0.0013234615325927734,0.0018367767333984375,0.21892452239990234,,97.4348475933075,21.850475549697876,1.7037684917449951,15.813976764678955,1.6950440406799316,139.53532433509827,3628.0,2060.0,0.0001,10000.0,hydrogen,"['ux','uy']","{'ux': [0.01412280416410968, 0.0180967842856654], 'uy': [7.77317616479848e-05, 0.0002228336660306098]}",1307776.0
73.0,0.01%,"('ux','uy')",25.0,GeoIndex,Rtree,File,None,False,True,True,0.029684066772460938,,0.0016202926635742188,0.2147204875946045,,97.43826389312744,22.19568371772766,1.715066909790039,16.07047963142395,1.7029292583465576,140.12797808647156,3628.0,2060.0,0.0001,10000.0,hydrogen,"['ux','uy']","{'ux': [0.01412280416410968, 0.0180967842856654], 'uy': [7.77317616479848e-05, 0.0002228336660306098]}",1307776.0
74.0,0.01%,"('ux','uy','uz','x')",1.0,Original,,,,,False,,,,,,,1523.4000730514526,316.48716473579407,601.2991080284119,122.35918521881104,10.596308708190918,2582.8883106708527,,,0.000101,10000.0,hydrogen,"['x','uy','uz','ux']","{'x': [-9.089030152002145e-06, -7.553681679985845e-06], 'ux': [-0.015246254149756992, -0.0019681003489130065], 'uy': [-0.0002745446645457607, 0.0006919746603124118], 'uz': [0.03545111650943272, 0.06787034983831938]}",1116784.0
74.0,0.01%,"('ux','uy','uz','x')",4.0,GeoIndex,Min-Max,File,None,False,True,,0.10436677932739258,0.0029015541076660156,0.00016570091247558594,0.007903575897216797,,12.764994621276855,2.193455696105957,3.5559065341949463,1.7198703289031982,0.18887734413146973,20.62628197669983,203.0,196.0,0.000101,10000.0,hydrogen,"['x','uy','uz','ux']","{'x': [-9.089030152002145e-06, -7.553681679985845e-06], 'ux': [-0.015246254149756992, -0.0019681003489130065], 'uy': [-0.0002745446645457607, 0.0006919746603124118], 'uz': [0.03545111650943272, 0.06787034983831938]}",1116784.0
74.0,0.01%,"('ux','uy','uz','x')",5.0,GeoIndex,Rtree,File,None,False,True,,0.04773211479187012,0.0017857551574707031,0.00016379356384277344,0.008086442947387695,,12.854936361312866,2.1898865699768066,3.622999429702759,1.7565300464630127,0.19443202018737793,20.750545501708984,203.0,196.0,0.000101,10000.0,hydrogen,"['x','uy','uz','ux']","{'x': [-9.089030152002145e-06, -7.553681679985845e-06], 'ux': [-0.015246254149756992, -0.0019681003489130065], 'uy': [-0.0002745446645457607, 0.0006919746603124118], 'uz': [0.03545111650943272, 0.06787034983831938]}",1116784.0
74.0,0.01%,"('ux','uy','uz','x')",22.0,GeoIndex,Min-Max,File,None,True,False,True,0.10288643836975098,0.002887248992919922,,,0.0008323192596435547,12.617611169815063,2.0938053131103516,0.20502495765686035,1.698155403137207,0.18868565559387207,16.970834493637085,203.0,203.0,0.000101,10000.0,hydrogen,"['x','uy','uz','ux']","{'x': [-9.089030152002145e-06, -7.553681679985845e-06], 'ux': [-0.015246254149756992, -0.0019681003489130065], 'uy': [-0.0002745446645457607, 0.0006919746603124118], 'uz': [0.03545111650943272, 0.06787034983831938]}",1116784.0
74.0,0.01%,"('ux','uy','uz','x')",23.0,GeoIndex,Rtree,File,None,True,False,True,0.048308610916137695,0.0017066001892089844,,,0.0008645057678222656,12.977970361709595,2.120807647705078,0.2081902027130127,1.7845396995544434,0.19121336936950684,17.381831884384155,203.0,203.0,0.000101,10000.0,hydrogen,"['x','uy','uz','ux']","{'x': [-9.089030152002145e-06, -7.553681679985845e-06], 'ux': [-0.015246254149756992, -0.0019681003489130065], 'uy': [-0.0002745446645457607, 0.0006919746603124118], 'uz': [0.03545111650943272, 0.06787034983831938]}",1116784.0
74.0,0.01%,"('ux','uy','uz','x')",24.0,GeoIndex,Min-Max,File,None,False,True,True,0.10375285148620605,0.0029821395874023438,0.00016689300537109375,0.0077915191650390625,,12.703425645828247,2.05125093460083,0.2037661075592041,1.6906006336212158,0.1875133514404297,17.01335859298706,203.0,196.0,0.000101,10000.0,hydrogen,"['x','uy','uz','ux']","{'x': [-9.089030152002145e-06, -7.553681679985845e-06], 'ux': [-0.015246254149756992, -0.0019681003489130065], 'uy': [-0.0002745446645457607, 0.0006919746603124118], 'uz': [0.03545111650943272, 0.06787034983831938]}",1116784.0
74.0,0.01%,"('ux','uy','uz','x')",25.0,GeoIndex,Rtree,File,None,False,True,True,0.04783463478088379,0.001699686050415039,0.0001633167266845703,0.007827997207641602,,12.768550634384155,2.0835607051849365,0.20518827438354492,1.7301697731018066,0.19263076782226562,17.085760831832886,203.0,196.0,0.000101,10000.0,hydrogen,"['x','uy','uz','ux']","{'x': [-9.089030152002145e-06, -7.553681679985845e-06], 'ux': [-0.015246254149756992, -0.0019681003489130065], 'uy': [-0.0002745446645457607, 0.0006919746603124118], 'uz': [0.03545111650943272, 0.06787034983831938]}",1116784.0
75.0,0.01%,"('ux','uy','uz','x')",1.0,Original,,,,,False,,,,,,,1564.694372177124,436.2390921115875,819.2990202903748,140.68107318878174,7.0151002407073975,2977.1241319179535,,,0.0001,10000.0,hydrogen,"['x','ux','uz','uy']","{'x': [1.0795060307327299e-05, 1.164939152014489e-05], 'ux': [-0.015744016478558297, -0.011983318419052022], 'uy': [-0.004058150893205976, -0.0017558738421904428], 'uz': [0.015301398127098355, 0.017482788808583036]}",1004625.0
75.0,0.01%,"('ux','uy','uz','x')",4.0,GeoIndex,Min-Max,File,None,False,True,,0.08508586883544922,0.0018706321716308594,1.6927719116210938e-05,0.0004413127899169922,,1.2644295692443848,0.1566319465637207,0.23618149757385254,0.0875082015991211,0.021944761276245117,1.8753085136413574,19.0,19.0,0.0001,10000.0,hydrogen,"['x','ux','uz','uy']","{'x': [1.0795060307327299e-05, 1.164939152014489e-05], 'ux': [-0.015744016478558297, -0.011983318419052022], 'uy': [-0.004058150893205976, -0.0017558738421904428], 'uz': [0.015301398127098355, 0.017482788808583036]}",1004625.0
75.0,0.01%,"('ux','uy','uz','x')",5.0,GeoIndex,Rtree,File,None,False,True,,0.04373788833618164,0.0009350776672363281,1.5735626220703125e-05,0.00043463706970214844,,1.226837158203125,0.1517786979675293,0.23759222030639648,0.08850431442260742,0.02194952964782715,1.7802009582519531,19.0,19.0,0.0001,10000.0,hydrogen,"['x','ux','uz','uy']","{'x': [1.0795060307327299e-05, 1.164939152014489e-05], 'ux': [-0.015744016478558297, -0.011983318419052022], 'uy': [-0.004058150893205976, -0.0017558738421904428], 'uz': [0.015301398127098355, 0.017482788808583036]}",1004625.0
75.0,0.01%,"('ux','uy','uz','x')",22.0,GeoIndex,Min-Max,File,None,True,False,True,0.08541440963745117,0.0018880367279052734,,,9.512901306152344e-05,1.2368807792663574,0.15075206756591797,0.031819820404052734,0.09189653396606445,0.021445512771606445,1.640854835510254,19.0,19.0,0.0001,10000.0,hydrogen,"['x','ux','uz','uy']","{'x': [1.0795060307327299e-05, 1.164939152014489e-05], 'ux': [-0.015744016478558297, -0.011983318419052022], 'uy': [-0.004058150893205976, -0.0017558738421904428], 'uz': [0.015301398127098355, 0.017482788808583036]}",1004625.0
75.0,0.01%,"('ux','uy','uz','x')",23.0,GeoIndex,Rtree,File,None,True,False,True,0.04403209686279297,0.0009865760803222656,,,9.34600830078125e-05,1.223487377166748,0.15241265296936035,0.03197431564331055,0.09354686737060547,0.021875381469726562,1.5760176181793213,19.0,19.0,0.0001,10000.0,hydrogen,"['x','ux','uz','uy']","{'x': [1.0795060307327299e-05, 1.164939152014489e-05], 'ux': [-0.015744016478558297, -0.011983318419052022], 'uy': [-0.004058150893205976, -0.0017558738421904428], 'uz': [0.015301398127098355, 0.017482788808583036]}",1004625.0
75.0,0.01%,"('ux','uy','uz','x')",24.0,GeoIndex,Min-Max,File,None,False,True,True,0.08557724952697754,0.0018985271453857422,1.6927719116210938e-05,0.0004508495330810547,,1.212998390197754,0.1541728973388672,0.03166937828063965,0.09295392036437988,0.021505117416381836,1.6222662925720215,19.0,19.0,0.0001,10000.0,hydrogen,"['x','ux','uz','uy']","{'x': [1.0795060307327299e-05, 1.164939152014489e-05], 'ux': [-0.015744016478558297, -0.011983318419052022], 'uy': [-0.004058150893205976, -0.0017558738421904428], 'uz': [0.015301398127098355, 0.017482788808583036]}",1004625.0
75.0,0.01%,"('ux','uy','uz','x')",25.0,GeoIndex,Rtree,File,None,False,True,True,0.04409050941467285,0.0009429454803466797,1.5735626220703125e-05,0.0004410743713378906,,1.206639051437378,0.15997791290283203,0.032311201095581055,0.09553289413452148,0.022035598754882812,1.5707178115844727,19.0,19.0,0.0001,10000.0,hydrogen,"['x','ux','uz','uy']","{'x': [1.0795060307327299e-05, 1.164939152014489e-05], 'ux': [-0.015744016478558297, -0.011983318419052022], 'uy': [-0.004058150893205976, -0.0017558738421904428], 'uz': [0.015301398127098355, 0.017482788808583036]}",1004625.0
76.0,0.01%,"('ux','uy','uz','x')",1.0,Original,,,,,False,,,,,,,1529.3452818393707,302.49514055252075,566.7140891551971,119.82967209815979,12.102928876876831,2538.8697090148926,,,0.000101,10000.0,hydrogen,"['uz','uy','ux']","{'x': [-4.499998696597252e-06, -3.000001707165795e-06], 'ux': [0.0017140167989726093, 0.0025015434324550767], 'uy': [-0.005210228870419966, -0.0018783747260257247], 'uz': [-0.02851619862633978, -0.01834735219537734]}",1324076.0
76.0,0.01%,"('ux','uy','uz','x')",4.0,GeoIndex,Min-Max,File,None,False,True,,0.09540247917175293,0.0019044876098632812,0.00014400482177734375,0.008105993270874023,,12.188798666000366,2.1761207580566406,3.3815622329711914,1.7017972469329834,0.1886298656463623,19.82916760444641,176.0,176.0,0.000101,10000.0,hydrogen,"['uz','uy','ux']","{'x': [-4.499998696597252e-06, -3.000001707165795e-06], 'ux': [0.0017140167989726093, 0.0025015434324550767], 'uy': [-0.005210228870419966, -0.0018783747260257247], 'uz': [-0.02851619862633978, -0.01834735219537734]}",1324076.0
76.0,0.01%,"('ux','uy','uz','x')",5.0,GeoIndex,Rtree,File,None,False,True,,0.04544520378112793,0.0008432865142822266,0.000141143798828125,0.008002519607543945,,12.07689094543457,2.0725221633911133,3.4168217182159424,1.7088139057159424,0.18657159805297852,19.58866047859192,176.0,176.0,0.000101,10000.0,hydrogen,"['uz','uy','ux']","{'x': [-4.499998696597252e-06, -3.000001707165795e-06], 'ux': [0.0017140167989726093, 0.0025015434324550767], 'uy': [-0.005210228870419966, -0.0018783747260257247], 'uz': [-0.02851619862633978, -0.01834735219537734]}",1324076.0
76.0,0.01%,"('ux','uy','uz','x')",22.0,GeoIndex,Min-Max,File,None,True,False,True,0.09605216979980469,0.001863718032836914,,,0.0007152557373046875,12.229249238967896,2.1146910190582275,0.20302629470825195,1.664754867553711,0.18826556205749512,16.55894136428833,176.0,176.0,0.000101,10000.0,hydrogen,"['uz','uy','ux']","{'x': [-4.499998696597252e-06, -3.000001707165795e-06], 'ux': [0.0017140167989726093, 0.0025015434324550767], 'uy': [-0.005210228870419966, -0.0018783747260257247], 'uz': [-0.02851619862633978, -0.01834735219537734]}",1324076.0
76.0,0.01%,"('ux','uy','uz','x')",23.0,GeoIndex,Rtree,File,None,True,False,True,0.045587778091430664,0.0008413791656494141,,,0.0007386207580566406,12.23977518081665,2.1093316078186035,0.20423054695129395,1.6985623836517334,0.1891937255859375,16.535221576690674,176.0,176.0,0.000101,10000.0,hydrogen,"['uz','uy','ux']","{'x': [-4.499998696597252e-06, -3.000001707165795e-06], 'ux': [0.0017140167989726093, 0.0025015434324550767], 'uy': [-0.005210228870419966, -0.0018783747260257247], 'uz': [-0.02851619862633978, -0.01834735219537734]}",1324076.0
76.0,0.01%,"('ux','uy','uz','x')",24.0,GeoIndex,Min-Max,File,None,False,True,True,0.09533905982971191,0.0018928050994873047,0.00014328956604003906,0.008094549179077148,,12.024107456207275,2.2266845703125,0.20555782318115234,1.7001268863677979,0.18955373764038086,16.51261591911316,176.0,176.0,0.000101,10000.0,hydrogen,"['uz','uy','ux']","{'x': [-4.499998696597252e-06, -3.000001707165795e-06], 'ux': [0.0017140167989726093, 0.0025015434324550767], 'uy': [-0.005210228870419966, -0.0018783747260257247], 'uz': [-0.02851619862633978, -0.01834735219537734]}",1324076.0
76.0,0.01%,"('ux','uy','uz','x')",25.0,GeoIndex,Rtree,File,None,False,True,True,0.045374155044555664,0.0008862018585205078,0.0001461505889892578,0.008179903030395508,,12.072591066360474,2.062448024749756,0.20612430572509766,1.7049479484558105,0.19526124000549316,16.343809127807617,176.0,176.0,0.000101,10000.0,hydrogen,"['uz','uy','ux']","{'x': [-4.499998696597252e-06, -3.000001707165795e-06], 'ux': [0.0017140167989726093, 0.0025015434324550767], 'uy': [-0.005210228870419966, -0.0018783747260257247], 'uz': [-0.02851619862633978, -0.01834735219537734]}",1324076.0
77.0,0.01%,"('ux','uy','uz','x')",1.0,Original,,,,,False,,,,,,,1529.6970658302307,296.08533930778503,556.0791096687317,119.8339262008667,12.791932582855225,2522.927187681198,,,9.9e-05,10000.0,hydrogen,"['ux','uy','uz','x']","{'x': [-8.99989389368675e-06, -7.808442227100924e-06], 'ux': [-0.09101471200035907, -0.003958821215055197], 'uy': [0.0005940208439224187, 0.10563036974766299], 'uz': [-0.0351271043370949, 0.00017111111896700896]}",1061522.0
77.0,0.01%,"('ux','uy','uz','x')",4.0,GeoIndex,Min-Max,File,None,False,True,,0.12046957015991211,0.0020384788513183594,0.00013637542724609375,0.008088827133178711,,12.537590503692627,2.083622455596924,3.531174898147583,1.768082618713379,0.32968759536743164,20.47501015663147,196.0,191.0,9.9e-05,10000.0,hydrogen,"['ux','uy','uz','x']","{'x': [-8.99989389368675e-06, -7.808442227100924e-06], 'ux': [-0.09101471200035907, -0.003958821215055197], 'uy': [0.0005940208439224187, 0.10563036974766299], 'uz': [-0.0351271043370949, 0.00017111111896700896]}",1061522.0
77.0,0.01%,"('ux','uy','uz','x')",5.0,GeoIndex,Rtree,File,None,False,True,,0.04767489433288574,0.0008640289306640625,0.00014162063598632812,0.008090972900390625,,12.431533575057983,2.0654289722442627,3.5027692317962646,1.7679390907287598,0.3301725387573242,20.230357885360718,196.0,191.0,9.9e-05,10000.0,hydrogen,"['ux','uy','uz','x']","{'x': [-8.99989389368675e-06, -7.808442227100924e-06], 'ux': [-0.09101471200035907, -0.003958821215055197], 'uy': [0.0005940208439224187, 0.10563036974766299], 'uz': [-0.0351271043370949, 0.00017111111896700896]}",1061522.0
77.0,0.01%,"('ux','uy','uz','x')",22.0,GeoIndex,Min-Max,File,None,True,False,True,0.11899566650390625,0.0020248889923095703,,,0.0008084774017333984,12.823193788528442,2.1681058406829834,0.3499884605407715,1.8058280944824219,0.33957743644714355,17.67675280570984,196.0,196.0,9.9e-05,10000.0,hydrogen,"['ux','uy','uz','x']","{'x': [-8.99989389368675e-06, -7.808442227100924e-06], 'ux': [-0.09101471200035907, -0.003958821215055197], 'uy': [0.0005940208439224187, 0.10563036974766299], 'uz': [-0.0351271043370949, 0.00017111111896700896]}",1061522.0
77.0,0.01%,"('ux','uy','uz','x')",23.0,GeoIndex,Rtree,File,None,True,False,True,0.047419071197509766,0.0008556842803955078,,,0.0008022785186767578,12.785549879074097,2.113715648651123,0.3467750549316406,1.731997013092041,0.3349289894104004,17.41014552116394,196.0,196.0,9.9e-05,10000.0,hydrogen,"['ux','uy','uz','x']","{'x': [-8.99989389368675e-06, -7.808442227100924e-06], 'ux': [-0.09101471200035907, -0.003958821215055197], 'uy': [0.0005940208439224187, 0.10563036974766299], 'uz': [-0.0351271043370949, 0.00017111111896700896]}",1061522.0
77.0,0.01%,"('ux','uy','uz','x')",24.0,GeoIndex,Min-Max,File,None,False,True,True,0.11935591697692871,0.002076864242553711,0.00013113021850585938,0.008270263671875,,12.553577661514282,2.0599117279052734,0.34274840354919434,1.7413864135742188,0.3285350799560547,17.223900318145752,196.0,191.0,9.9e-05,10000.0,hydrogen,"['ux','uy','uz','x']","{'x': [-8.99989389368675e-06, -7.808442227100924e-06], 'ux': [-0.09101471200035907, -0.003958821215055197], 'uy': [0.0005940208439224187, 0.10563036974766299], 'uz': [-0.0351271043370949, 0.00017111111896700896]}",1061522.0
77.0,0.01%,"('ux','uy','uz','x')",25.0,GeoIndex,Rtree,File,None,False,True,True,0.04799675941467285,0.0008714199066162109,0.00014138221740722656,0.008179426193237305,,12.50069785118103,2.0729758739471436,0.34281110763549805,1.7380752563476562,0.32801318168640137,17.088690757751465,196.0,191.0,9.9e-05,10000.0,hydrogen,"['ux','uy','uz','x']","{'x': [-8.99989389368675e-06, -7.808442227100924e-06], 'ux': [-0.09101471200035907, -0.003958821215055197], 'uy': [0.0005940208439224187, 0.10563036974766299], 'uz': [-0.0351271043370949, 0.00017111111896700896]}",1061522.0
78.0,0.01%,"('ux','uy','uz','x')",1.0,Original,,,,,False,,,,,,,1532.492758512497,305.9945135116577,561.7683546543121,121.43432235717773,8.377954244613647,2538.6157126426697,,,0.0001,10000.0,hydrogen,"['ux','uz','x']","{'x': [7.3701788941878305e-06, 9.12981819335778e-06], 'ux': [0.009630161865301645, 0.02548714365590334], 'uy': [-0.04345371366812181, -0.022328051275666616], 'uz': [0.09578999378720603, 0.12751065834890957]}",1307299.0
78.0,0.01%,"('ux','uy','uz','x')",4.0,GeoIndex,Min-Max,File,None,False,True,,0.06973743438720703,0.003058910369873047,1.9311904907226562e-05,0.0006532669067382812,,1.4490973949432373,0.18125438690185547,0.24675393104553223,0.09180331230163574,0.029100656509399414,2.0873911380767822,26.0,25.0,0.0001,10000.0,hydrogen,"['ux','uz','x']","{'x': [7.3701788941878305e-06, 9.12981819335778e-06], 'ux': [0.009630161865301645, 0.02548714365590334], 'uy': [-0.04345371366812181, -0.022328051275666616], 'uz': [0.09578999378720603, 0.12751065834890957]}",1307299.0
78.0,0.01%,"('ux','uy','uz','x')",5.0,GeoIndex,Rtree,File,None,False,True,,0.04341554641723633,0.0024023056030273438,1.9311904907226562e-05,0.0006654262542724609,,1.438143014907837,0.1829078197479248,0.24791526794433594,0.09286117553710938,0.028948068618774414,2.0445609092712402,26.0,25.0,0.0001,10000.0,hydrogen,"['ux','uz','x']","{'x': [7.3701788941878305e-06, 9.12981819335778e-06], 'ux': [0.009630161865301645, 0.02548714365590334], 'uy': [-0.04345371366812181, -0.022328051275666616], 'uz': [0.09578999378720603, 0.12751065834890957]}",1307299.0
78.0,0.01%,"('ux','uy','uz','x')",22.0,GeoIndex,Min-Max,File,None,True,False,True,0.06826305389404297,0.003079652786254883,,,0.0001251697540283203,1.4453730583190918,0.16698241233825684,0.04064202308654785,0.0960690975189209,0.02646613121032715,1.8598711490631104,26.0,26.0,0.0001,10000.0,hydrogen,"['ux','uz','x']","{'x': [7.3701788941878305e-06, 9.12981819335778e-06], 'ux': [0.009630161865301645, 0.02548714365590334], 'uy': [-0.04345371366812181, -0.022328051275666616], 'uz': [0.09578999378720603, 0.12751065834890957]}",1307301.0
78.0,0.01%,"('ux','uy','uz','x')",23.0,GeoIndex,Rtree,File,None,True,False,True,0.04350113868713379,0.0023975372314453125,,,0.00012421607971191406,1.4784197807312012,0.17089343070983887,0.04211020469665527,0.09877133369445801,0.028812170028686523,1.8700411319732666,26.0,26.0,0.0001,10000.0,hydrogen,"['ux','uz','x']","{'x': [7.3701788941878305e-06, 9.12981819335778e-06], 'ux': [0.009630161865301645, 0.02548714365590334], 'uy': [-0.04345371366812181, -0.022328051275666616], 'uz': [0.09578999378720603, 0.12751065834890957]}",1307301.0
78.0,0.01%,"('ux','uy','uz','x')",24.0,GeoIndex,Min-Max,File,None,False,True,True,0.06814861297607422,0.0030515193939208984,2.0265579223632812e-05,0.0006406307220458984,,1.436859369277954,0.17956972122192383,0.04265189170837402,0.09898781776428223,0.02875065803527832,1.8718912601470947,26.0,25.0,0.0001,10000.0,hydrogen,"['ux','uz','x']","{'x': [7.3701788941878305e-06, 9.12981819335778e-06], 'ux': [0.009630161865301645, 0.02548714365590334], 'uy': [-0.04345371366812181, -0.022328051275666616], 'uz': [0.09578999378720603, 0.12751065834890957]}",1307301.0
78.0,0.01%,"('ux','uy','uz','x')",25.0,GeoIndex,Rtree,File,None,False,True,True,0.04356551170349121,0.0023937225341796875,1.9073486328125e-05,0.0006380081176757812,,1.4743216037750244,0.18022537231445312,0.04323554039001465,0.09890532493591309,0.028684616088867188,1.8767480850219727,26.0,25.0,0.0001,10000.0,hydrogen,"['ux','uz','x']","{'x': [7.3701788941878305e-06, 9.12981819335778e-06], 'ux': [0.009630161865301645, 0.02548714365590334], 'uy': [-0.04345371366812181, -0.022328051275666616], 'uz': [0.09578999378720603, 0.12751065834890957]}",1307301.0
79.0,0.01%,"('ux','uy','uz','x')",1.0,Original,,,,,False,,,,,,,1527.3010215759277,304.42356848716736,607.0656142234802,120.35774540901184,9.449352025985718,2577.2293713092804,,,0.000101,10000.0,hydrogen,"['uy','ux','uz','x']","{'x': [-2.8938202259875817e-06, -1.5692982090232923e-06], 'ux': [-0.0008665559514511637, -0.0003815195953300475], 'uy': [0.01580090584288375, 0.017694672644248007], 'uz': [0.013665865983316108, 0.01543919886399546]}",1167732.0
79.0,0.01%,"('ux','uy','uz','x')",4.0,GeoIndex,Min-Max,File,None,False,True,,0.08948850631713867,0.0018301010131835938,0.00016188621520996094,0.010242938995361328,,15.052542924880981,2.3579635620117188,3.983306646347046,1.9647347927093506,0.2073376178741455,23.761960744857788,258.0,250.0,0.000101,10000.0,hydrogen,"['uy','ux','uz','x']","{'x': [-2.8938202259875817e-06, -1.5692982090232923e-06], 'ux': [-0.0008665559514511637, -0.0003815195953300475], 'uy': [0.01580090584288375, 0.017694672644248007], 'uz': [0.013665865983316108, 0.01543919886399546]}",1167732.0
79.0,0.01%,"('ux','uy','uz','x')",5.0,GeoIndex,Rtree,File,None,False,True,,0.04489421844482422,0.0007958412170410156,0.00016260147094726562,0.010002851486206055,,14.753388166427612,2.2968974113464355,3.8448379039764404,1.9038186073303223,0.2042381763458252,23.139057874679565,258.0,250.0,0.000101,10000.0,hydrogen,"['uy','ux','uz','x']","{'x': [-2.8938202259875817e-06, -1.5692982090232923e-06], 'ux': [-0.0008665559514511637, -0.0003815195953300475], 'uy': [0.01580090584288375, 0.017694672644248007], 'uz': [0.013665865983316108, 0.01543919886399546]}",1167732.0
79.0,0.01%,"('ux','uy','uz','x')",22.0,GeoIndex,Min-Max,File,None,True,False,True,0.08866047859191895,0.0017974376678466797,,,0.0011105537414550781,14.903481006622314,2.293806314468384,0.21831512451171875,1.8588879108428955,0.20398759841918945,19.633536338806152,258.0,258.0,0.000101,10000.0,hydrogen,"['uy','ux','uz','x']","{'x': [-2.8938202259875817e-06, -1.5692982090232923e-06], 'ux': [-0.0008665559514511637, -0.0003815195953300475], 'uy': [0.01580090584288375, 0.017694672644248007], 'uz': [0.013665865983316108, 0.01543919886399546]}",1167732.0
79.0,0.01%,"('ux','uy','uz','x')",23.0,GeoIndex,Rtree,File,None,True,False,True,0.04503798484802246,0.0007748603820800781,,,0.0011184215545654297,14.906296968460083,2.2942371368408203,0.22071504592895508,1.9114692211151123,0.20645523071289062,19.637630462646484,258.0,258.0,0.000101,10000.0,hydrogen,"['uy','ux','uz','x']","{'x': [-2.8938202259875817e-06, -1.5692982090232923e-06], 'ux': [-0.0008665559514511637, -0.0003815195953300475], 'uy': [0.01580090584288375, 0.017694672644248007], 'uz': [0.013665865983316108, 0.01543919886399546]}",1167732.0
79.0,0.01%,"('ux','uy','uz','x')",24.0,GeoIndex,Min-Max,File,None,False,True,True,0.08800101280212402,0.0018618106842041016,0.00016641616821289062,0.01024627685546875,,14.802196264266968,2.2760751247406006,0.21880865097045898,1.8687870502471924,0.2035224437713623,19.534245252609253,258.0,250.0,0.000101,10000.0,hydrogen,"['uy','ux','uz','x']","{'x': [-2.8938202259875817e-06, -1.5692982090232923e-06], 'ux': [-0.0008665559514511637, -0.0003815195953300475], 'uy': [0.01580090584288375, 0.017694672644248007], 'uz': [0.013665865983316108, 0.01543919886399546]}",1167732.0
79.0,0.01%,"('ux','uy','uz','x')",25.0,GeoIndex,Rtree,File,None,False,True,True,0.045145273208618164,0.0007638931274414062,0.000164031982421875,0.010323524475097656,,15.00640320777893,2.399099111557007,0.22472071647644043,1.9765994548797607,0.206986665725708,19.92364478111267,258.0,250.0,0.000101,10000.0,hydrogen,"['uy','ux','uz','x']","{'x': [-2.8938202259875817e-06, -1.5692982090232923e-06], 'ux': [-0.0008665559514511637, -0.0003815195953300475], 'uy': [0.01580090584288375, 0.017694672644248007], 'uz': [0.013665865983316108, 0.01543919886399546]}",1167732.0
80.0,0.01%,"('ux','uy','uz','x')",1.0,Original,,,,,False,,,,,,,1515.9798271656036,326.64273262023926,655.5686476230621,118.79109954833984,11.797710180282593,2637.560402870178,,,0.000101,10000.0,hydrogen,"['uy','x','ux','uz']","{'x': [1.5117208205937256e-06, 2.4925179653458526e-06], 'ux': [-0.00210967155490562, -0.0005813962946331744], 'uy': [0.003255353907441548, 0.005193558384340562], 'uz': [-0.01595447888857425, -0.011300668854098595]}",1324619.0
80.0,0.01%,"('ux','uy','uz','x')",4.0,GeoIndex,Min-Max,File,None,False,True,,0.09886670112609863,0.0018918514251708984,0.00015687942504882812,0.00905156135559082,,12.76567006111145,1.8405201435089111,3.1651387214660645,1.5607359409332275,0.17616558074951172,19.70101284980774,230.0,223.0,0.000101,10000.0,hydrogen,"['uy','x','ux','uz']","{'x': [1.5117208205937256e-06, 2.4925179653458526e-06], 'ux': [-0.00210967155490562, -0.0005813962946331744], 'uy': [0.003255353907441548, 0.005193558384340562], 'uz': [-0.01595447888857425, -0.011300668854098595]}",1324619.0
80.0,0.01%,"('ux','uy','uz','x')",5.0,GeoIndex,Rtree,File,None,False,True,,0.04634499549865723,0.0008594989776611328,0.00015664100646972656,0.008846759796142578,,12.811870813369751,1.8669724464416504,3.208024024963379,1.6047470569610596,0.17864537239074707,19.79471707344055,230.0,223.0,0.000101,10000.0,hydrogen,"['uy','x','ux','uz']","{'x': [1.5117208205937256e-06, 2.4925179653458526e-06], 'ux': [-0.00210967155490562, -0.0005813962946331744], 'uy': [0.003255353907441548, 0.005193558384340562], 'uz': [-0.01595447888857425, -0.011300668854098595]}",1324619.0
80.0,0.01%,"('ux','uy','uz','x')",22.0,GeoIndex,Min-Max,File,None,True,False,True,0.09917187690734863,0.0018737316131591797,,,0.0009975433349609375,13.200571537017822,1.9309608936309814,0.19342756271362305,1.5831129550933838,0.17926406860351562,17.248204946517944,230.0,230.0,0.000101,10000.0,hydrogen,"['uy','x','ux','uz']","{'x': [1.5117208205937256e-06, 2.4925179653458526e-06], 'ux': [-0.00210967155490562, -0.0005813962946331744], 'uy': [0.003255353907441548, 0.005193558384340562], 'uz': [-0.01595447888857425, -0.011300668854098595]}",1324619.0
80.0,0.01%,"('ux','uy','uz','x')",23.0,GeoIndex,Rtree,File,None,True,False,True,0.04656529426574707,0.0008280277252197266,,,0.001001596450805664,13.188451766967773,1.9227252006530762,0.19227170944213867,1.5662262439727783,0.17842841148376465,17.140205144882202,230.0,230.0,0.000101,10000.0,hydrogen,"['uy','x','ux','uz']","{'x': [1.5117208205937256e-06, 2.4925179653458526e-06], 'ux': [-0.00210967155490562, -0.0005813962946331744], 'uy': [0.003255353907441548, 0.005193558384340562], 'uz': [-0.01595447888857425, -0.011300668854098595]}",1324619.0
80.0,0.01%,"('ux','uy','uz','x')",24.0,GeoIndex,Min-Max,File,None,False,True,True,0.09892749786376953,0.0018851757049560547,0.0001552104949951172,0.009004592895507812,,12.783289432525635,1.9823572635650635,0.1944718360900879,1.5921411514282227,0.17727184295654297,16.899359464645386,230.0,223.0,0.000101,10000.0,hydrogen,"['uy','x','ux','uz']","{'x': [1.5117208205937256e-06, 2.4925179653458526e-06], 'ux': [-0.00210967155490562, -0.0005813962946331744], 'uy': [0.003255353907441548, 0.005193558384340562], 'uz': [-0.01595447888857425, -0.011300668854098595]}",1324619.0
80.0,0.01%,"('ux','uy','uz','x')",25.0,GeoIndex,Rtree,File,None,False,True,True,0.046517372131347656,0.0008237361907958984,0.00016021728515625,0.009062528610229492,,12.939636707305908,1.974698543548584,0.19324517250061035,1.5640885829925537,0.17824912071228027,16.950936317443848,230.0,223.0,0.000101,10000.0,hydrogen,"['uy','x','ux','uz']","{'x': [1.5117208205937256e-06, 2.4925179653458526e-06], 'ux': [-0.00210967155490562, -0.0005813962946331744], 'uy': [0.003255353907441548, 0.005193558384340562], 'uz': [-0.01595447888857425, -0.011300668854098595]}",1324619.0
81.0,0.01%,"('ux','uy','uz','x')",1.0,Original,,,,,False,,,,,,,1523.0165693759918,330.6252238750458,637.3778233528137,117.66783213615417,12.892035484313965,2630.343763113022,,,9.9e-05,10000.0,hydrogen,"['uz','x','ux','uy']","{'x': [5.334830997373526e-06, 5.583099945167146e-06], 'ux': [-0.0005143937551176096, 3.7303337937976734e-05], 'uy': [-0.0011777903866307708, -0.0001461186747590069], 'uz': [-0.0007340345088482909, 0.004473809501723892]}",1301670.0
81.0,0.01%,"('ux','uy','uz','x')",4.0,GeoIndex,Min-Max,File,None,False,True,,0.11350417137145996,0.0018515586853027344,0.0001919269561767578,0.015982627868652344,,23.827752590179443,4.195934534072876,7.039851665496826,3.5435702800750732,0.5019106864929199,39.40131950378418,347.0,336.0,9.9e-05,10000.0,hydrogen,"['uz','x','ux','uy']","{'x': [5.334830997373526e-06, 5.583099945167146e-06], 'ux': [-0.0005143937551176096, 3.7303337937976734e-05], 'uy': [-0.0011777903866307708, -0.0001461186747590069], 'uz': [-0.0007340345088482909, 0.004473809501723892]}",1301670.0
81.0,0.01%,"('ux','uy','uz','x')",5.0,GeoIndex,Rtree,File,None,False,True,,0.05692148208618164,0.001178741455078125,0.00019407272338867188,0.016094446182250977,,23.75728178024292,4.24799919128418,7.156256437301636,3.499774932861328,0.49981164932250977,39.38116240501404,347.0,336.0,9.9e-05,10000.0,hydrogen,"['uz','x','ux','uy']","{'x': [5.334830997373526e-06, 5.583099945167146e-06], 'ux': [-0.0005143937551176096, 3.7303337937976734e-05], 'uy': [-0.0011777903866307708, -0.0001461186747590069], 'uz': [-0.0007340345088482909, 0.004473809501723892]}",1301670.0
81.0,0.01%,"('ux','uy','uz','x')",22.0,GeoIndex,Min-Max,File,None,True,False,True,0.11260128021240234,0.0018780231475830078,,,0.00144195556640625,23.69779324531555,4.277648687362671,0.5160679817199707,3.4622607231140137,0.5017383098602295,32.67692565917969,347.0,347.0,9.9e-05,10000.0,hydrogen,"['uz','x','ux','uy']","{'x': [5.334830997373526e-06, 5.583099945167146e-06], 'ux': [-0.0005143937551176096, 3.7303337937976734e-05], 'uy': [-0.0011777903866307708, -0.0001461186747590069], 'uz': [-0.0007340345088482909, 0.004473809501723892]}",1301670.0
81.0,0.01%,"('ux','uy','uz','x')",23.0,GeoIndex,Rtree,File,None,True,False,True,0.05677223205566406,0.0011463165283203125,,,0.0014848709106445312,23.693098783493042,4.252905607223511,0.5185105800628662,3.5265982151031494,0.5000605583190918,32.642810344696045,347.0,347.0,9.9e-05,10000.0,hydrogen,"['uz','x','ux','uy']","{'x': [5.334830997373526e-06, 5.583099945167146e-06], 'ux': [-0.0005143937551176096, 3.7303337937976734e-05], 'uy': [-0.0011777903866307708, -0.0001461186747590069], 'uz': [-0.0007340345088482909, 0.004473809501723892]}",1301670.0
81.0,0.01%,"('ux','uy','uz','x')",24.0,GeoIndex,Min-Max,File,None,False,True,True,0.11406707763671875,0.0018355846405029297,0.00019788742065429688,0.016041040420532227,,23.405877351760864,4.081586599349976,0.5125081539154053,3.388604164123535,0.49313974380493164,32.11927819252014,347.0,336.0,9.9e-05,10000.0,hydrogen,"['uz','x','ux','uy']","{'x': [5.334830997373526e-06, 5.583099945167146e-06], 'ux': [-0.0005143937551176096, 3.7303337937976734e-05], 'uy': [-0.0011777903866307708, -0.0001461186747590069], 'uz': [-0.0007340345088482909, 0.004473809501723892]}",1301670.0
81.0,0.01%,"('ux','uy','uz','x')",25.0,GeoIndex,Rtree,File,None,False,True,True,0.0571284294128418,0.0011420249938964844,0.00019049644470214844,0.015798091888427734,,23.96784281730652,4.124906063079834,0.5150487422943115,3.4240336418151855,0.49597716331481934,32.69421625137329,347.0,336.0,9.9e-05,10000.0,hydrogen,"['uz','x','ux','uy']","{'x': [5.334830997373526e-06, 5.583099945167146e-06], 'ux': [-0.0005143937551176096, 3.7303337937976734e-05], 'uy': [-0.0011777903866307708, -0.0001461186747590069], 'uz': [-0.0007340345088482909, 0.004473809501723892]}",1301670.0
82.0,0.01%,"('ux','uy','uz','x')",1.0,Original,,,,,False,,,,,,,1520.484736442566,318.9395844936371,645.5760314464569,120.96983242034912,12.860588312149048,2627.866551399231,,,9.9e-05,10000.0,hydrogen,"['uy','uz','x']","{'x': [-7.05288790516502e-07, -4.982795654248145e-07], 'ux': [-0.01925526166717177, 0.004164983502037859], 'uy': [-0.001028587014573916, 0.009725240073008878], 'uz': [-0.02650254667667786, -0.01994187547556934]}",1304465.0
82.0,0.01%,"('ux','uy','uz','x')",4.0,GeoIndex,Min-Max,File,None,False,True,,0.13520097732543945,0.0022232532501220703,0.00019311904907226562,0.01578998565673828,,19.70550799369812,3.0405781269073486,5.174103498458862,2.554180383682251,0.2915611267089844,31.049372911453247,351.0,333.0,9.9e-05,10000.0,hydrogen,"['uy','uz','x']","{'x': [-7.05288790516502e-07, -4.982795654248145e-07], 'ux': [-0.01925526166717177, 0.004164983502037859], 'uy': [-0.001028587014573916, 0.009725240073008878], 'uz': [-0.02650254667667786, -0.01994187547556934]}",1304465.0
82.0,0.01%,"('ux','uy','uz','x')",5.0,GeoIndex,Rtree,File,None,False,True,,0.05564713478088379,0.0010867118835449219,0.00019216537475585938,0.015470027923583984,,19.74624228477478,3.0411765575408936,5.187637805938721,2.5594139099121094,0.2917635440826416,31.007072687149048,351.0,333.0,9.9e-05,10000.0,hydrogen,"['uy','uz','x']","{'x': [-7.05288790516502e-07, -4.982795654248145e-07], 'ux': [-0.01925526166717177, 0.004164983502037859], 'uy': [-0.001028587014573916, 0.009725240073008878], 'uz': [-0.02650254667667786, -0.01994187547556934]}",1304465.0
82.0,0.01%,"('ux','uy','uz','x')",22.0,GeoIndex,Min-Max,File,None,True,False,True,0.13486385345458984,0.0022389888763427734,,,0.0014812946319580078,20.000221014022827,3.032426357269287,0.30602025985717773,2.5225019454956055,0.29018354415893555,26.379589796066284,351.0,351.0,9.9e-05,10000.0,hydrogen,"['uy','uz','x']","{'x': [-7.05288790516502e-07, -4.982795654248145e-07], 'ux': [-0.01925526166717177, 0.004164983502037859], 'uy': [-0.001028587014573916, 0.009725240073008878], 'uz': [-0.02650254667667786, -0.01994187547556934]}",1304465.0
82.0,0.01%,"('ux','uy','uz','x')",23.0,GeoIndex,Rtree,File,None,True,False,True,0.055323123931884766,0.0010824203491210938,,,0.001491546630859375,20.07767105102539,3.040573835372925,0.3069345951080322,2.5403389930725098,0.29154491424560547,26.383501291275024,351.0,351.0,9.9e-05,10000.0,hydrogen,"['uy','uz','x']","{'x': [-7.05288790516502e-07, -4.982795654248145e-07], 'ux': [-0.01925526166717177, 0.004164983502037859], 'uy': [-0.001028587014573916, 0.009725240073008878], 'uz': [-0.02650254667667786, -0.01994187547556934]}",1304465.0
82.0,0.01%,"('ux','uy','uz','x')",24.0,GeoIndex,Min-Max,File,None,False,True,True,0.13453340530395508,0.0022149085998535156,0.000194549560546875,0.015559911727905273,,19.571454524993896,2.9671030044555664,0.30477118492126465,2.5049479007720947,0.2886509895324707,25.88083529472351,351.0,333.0,9.9e-05,10000.0,hydrogen,"['uy','uz','x']","{'x': [-7.05288790516502e-07, -4.982795654248145e-07], 'ux': [-0.01925526166717177, 0.004164983502037859], 'uy': [-0.001028587014573916, 0.009725240073008878], 'uz': [-0.02650254667667786, -0.01994187547556934]}",1304465.0
82.0,0.01%,"('ux','uy','uz','x')",25.0,GeoIndex,Rtree,File,None,False,True,True,0.055023908615112305,0.0010724067687988281,0.00019359588623046875,0.01563286781311035,,19.782095909118652,3.146496295928955,0.30868959426879883,2.5756747722625732,0.2941305637359619,26.25069785118103,351.0,333.0,9.9e-05,10000.0,hydrogen,"['uy','uz','x']","{'x': [-7.05288790516502e-07, -4.982795654248145e-07], 'ux': [-0.01925526166717177, 0.004164983502037859], 'uy': [-0.001028587014573916, 0.009725240073008878], 'uz': [-0.02650254667667786, -0.01994187547556934]}",1304465.0
83.0,0.01%,"('ux','uy','uz','x')",1.0,Original,,,,,False,,,,,,,1529.3916983604431,350.14111280441284,711.5525996685028,119.02215623855591,8.594518184661865,2728.50324010849,,,0.000101,10000.0,hydrogen,"['uz','uy','ux']","{'x': [-1.049999997954542e-05, -9.000002099886476e-06], 'ux': [7.275364455413093e-05, 0.0012909357729181947], 'uy': [-0.003676504537284777, -0.001943625993754822], 'uz': [-0.005709457967147599, -0.0047077972475052104]}",1237134.0
83.0,0.01%,"('ux','uy','uz','x')",4.0,GeoIndex,Min-Max,File,None,False,True,,0.10678648948669434,0.0019178390502929688,0.00014281272888183594,0.007319450378417969,,11.60305404663086,1.9762585163116455,3.340233087539673,1.655324935913086,0.17879271507263184,18.955932140350342,183.0,178.0,0.000101,10000.0,hydrogen,"['uz','uy','ux']","{'x': [-1.049999997954542e-05, -9.000002099886476e-06], 'ux': [7.275364455413093e-05, 0.0012909357729181947], 'uy': [-0.003676504537284777, -0.001943625993754822], 'uz': [-0.005709457967147599, -0.0047077972475052104]}",1237134.0
83.0,0.01%,"('ux','uy','uz','x')",5.0,GeoIndex,Rtree,File,None,False,True,,0.049098968505859375,0.0009312629699707031,0.0001404285430908203,0.007242918014526367,,11.576652765274048,1.914102554321289,3.3019633293151855,1.6378891468048096,0.17473363876342773,18.732847929000854,183.0,178.0,0.000101,10000.0,hydrogen,"['uz','uy','ux']","{'x': [-1.049999997954542e-05, -9.000002099886476e-06], 'ux': [7.275364455413093e-05, 0.0012909357729181947], 'uy': [-0.003676504537284777, -0.001943625993754822], 'uz': [-0.005709457967147599, -0.0047077972475052104]}",1237134.0
83.0,0.01%,"('ux','uy','uz','x')",22.0,GeoIndex,Min-Max,File,None,True,False,True,0.10644865036010742,0.001953601837158203,,,0.0007493495941162109,11.929797649383545,2.053881883621216,0.19178032875061035,1.5609869956970215,0.1783440113067627,16.08379578590393,183.0,183.0,0.000101,10000.0,hydrogen,"['uz','uy','ux']","{'x': [-1.049999997954542e-05, -9.000002099886476e-06], 'ux': [7.275364455413093e-05, 0.0012909357729181947], 'uy': [-0.003676504537284777, -0.001943625993754822], 'uz': [-0.005709457967147599, -0.0047077972475052104]}",1237134.0
83.0,0.01%,"('ux','uy','uz','x')",23.0,GeoIndex,Rtree,File,None,True,False,True,0.04930543899536133,0.0008883476257324219,,,0.0007622241973876953,11.62278127670288,1.9343421459197998,0.19190287590026855,1.6514930725097656,0.1788480281829834,15.676340103149414,183.0,183.0,0.000101,10000.0,hydrogen,"['uz','uy','ux']","{'x': [-1.049999997954542e-05, -9.000002099886476e-06], 'ux': [7.275364455413093e-05, 0.0012909357729181947], 'uy': [-0.003676504537284777, -0.001943625993754822], 'uz': [-0.005709457967147599, -0.0047077972475052104]}",1237134.0
83.0,0.01%,"('ux','uy','uz','x')",24.0,GeoIndex,Min-Max,File,None,False,True,True,0.10668563842773438,0.0019571781158447266,0.00014209747314453125,0.0071375370025634766,,11.607536792755127,1.946397066116333,0.19061732292175293,1.6306922435760498,0.17572903633117676,15.728015899658203,183.0,178.0,0.000101,10000.0,hydrogen,"['uz','uy','ux']","{'x': [-1.049999997954542e-05, -9.000002099886476e-06], 'ux': [7.275364455413093e-05, 0.0012909357729181947], 'uy': [-0.003676504537284777, -0.001943625993754822], 'uz': [-0.005709457967147599, -0.0047077972475052104]}",1237134.0
83.0,0.01%,"('ux','uy','uz','x')",25.0,GeoIndex,Rtree,File,None,False,True,True,0.04927325248718262,0.0009131431579589844,0.0001437664031982422,0.007146358489990234,,11.581676959991455,1.875901460647583,0.18935489654541016,1.5947084426879883,0.1737818717956543,15.518444538116455,183.0,178.0,0.000101,10000.0,hydrogen,"['uz','uy','ux']","{'x': [-1.049999997954542e-05, -9.000002099886476e-06], 'ux': [7.275364455413093e-05, 0.0012909357729181947], 'uy': [-0.003676504537284777, -0.001943625993754822], 'uz': [-0.005709457967147599, -0.0047077972475052104]}",1237134.0
84.0,0.01%,"('ux','uy','uz','x')",1.0,Original,,,,,False,,,,,,,1591.2067239284515,712.6450459957123,1208.7943007946014,154.59173488616943,7.7585837841033936,3685.3421058654785,,,0.0001,10000.0,hydrogen,"['uz','uy','ux','x']","{'x': [-1.1477870192860732e-05, -1.0417851798555881e-05], 'ux': [0.015199407537981649, 0.020864810322819116], 'uy': [0.004752942647909302, 0.007234313453353508], 'uz': [0.024791526405183405, 0.02930285382572013]}",1274165.0
84.0,0.01%,"('ux','uy','uz','x')",4.0,GeoIndex,Min-Max,File,None,False,True,,0.08127737045288086,0.002599000930786133,1.5974044799804688e-05,0.000396728515625,,1.2445738315582275,0.16853976249694824,0.2560889720916748,0.09734725952148438,0.02734065055847168,1.8975188732147217,17.0,17.0,0.0001,10000.0,hydrogen,"['uz','uy','ux','x']","{'x': [-1.1477870192860732e-05, -1.0417851798555881e-05], 'ux': [0.015199407537981649, 0.020864810322819116], 'uy': [0.004752942647909302, 0.007234313453353508], 'uz': [0.024791526405183405, 0.02930285382572013]}",1274165.0
84.0,0.01%,"('ux','uy','uz','x')",5.0,GeoIndex,Rtree,File,None,False,True,,0.04576420783996582,0.0018129348754882812,1.5497207641601562e-05,0.0003979206085205078,,1.2976703643798828,0.1770000457763672,0.2622103691101074,0.10103559494018555,0.02703547477722168,1.9231266975402832,17.0,17.0,0.0001,10000.0,hydrogen,"['uz','uy','ux','x']","{'x': [-1.1477870192860732e-05, -1.0417851798555881e-05], 'ux': [0.015199407537981649, 0.020864810322819116], 'uy': [0.004752942647909302, 0.007234313453353508], 'uz': [0.024791526405183405, 0.02930285382572013]}",1274165.0
84.0,0.01%,"('ux','uy','uz','x')",22.0,GeoIndex,Min-Max,File,None,True,False,True,0.08077573776245117,0.0026984214782714844,,,8.845329284667969e-05,1.310394525527954,0.178253173828125,0.03990745544433594,0.1076362133026123,0.027274131774902344,1.7666373252868652,17.0,17.0,0.0001,10000.0,hydrogen,"['uz','uy','ux','x']","{'x': [-1.1477870192860732e-05, -1.0417851798555881e-05], 'ux': [0.015199407537981649, 0.020864810322819116], 'uy': [0.004752942647909302, 0.007234313453353508], 'uz': [0.024791526405183405, 0.02930285382572013]}",1274165.0
84.0,0.01%,"('ux','uy','uz','x')",23.0,GeoIndex,Rtree,File,None,True,False,True,0.04590320587158203,0.001795053482055664,,,8.916854858398438e-05,1.2955374717712402,0.17924046516418457,0.03993964195251465,0.1088106632232666,0.027513504028320312,1.7076170444488525,17.0,17.0,0.0001,10000.0,hydrogen,"['uz','uy','ux','x']","{'x': [-1.1477870192860732e-05, -1.0417851798555881e-05], 'ux': [0.015199407537981649, 0.020864810322819116], 'uy': [0.004752942647909302, 0.007234313453353508], 'uz': [0.024791526405183405, 0.02930285382572013]}",1274165.0
84.0,0.01%,"('ux','uy','uz','x')",24.0,GeoIndex,Min-Max,File,None,False,True,True,0.08161807060241699,0.002566099166870117,1.4781951904296875e-05,0.00039887428283691406,,1.2649574279785156,0.17986226081848145,0.0395355224609375,0.10332536697387695,0.027636051177978516,1.7168819904327393,17.0,17.0,0.0001,10000.0,hydrogen,"['uz','uy','ux','x']","{'x': [-1.1477870192860732e-05, -1.0417851798555881e-05], 'ux': [0.015199407537981649, 0.020864810322819116], 'uy': [0.004752942647909302, 0.007234313453353508], 'uz': [0.024791526405183405, 0.02930285382572013]}",1274165.0
84.0,0.01%,"('ux','uy','uz','x')",25.0,GeoIndex,Rtree,File,None,False,True,True,0.04567432403564453,0.0018062591552734375,1.6450881958007812e-05,0.00038814544677734375,,1.2446620464324951,0.17890357971191406,0.039409637451171875,0.1064305305480957,0.027152061462402344,1.6530539989471436,17.0,17.0,0.0001,10000.0,hydrogen,"['uz','uy','ux','x']","{'x': [-1.1477870192860732e-05, -1.0417851798555881e-05], 'ux': [0.015199407537981649, 0.020864810322819116], 'uy': [0.004752942647909302, 0.007234313453353508], 'uz': [0.024791526405183405, 0.02930285382572013]}",1274165.0
85.0,0.01%,"('ux','uy','uz','x')",1.0,Original,,,,,False,,,,,,,1517.3796067237854,309.3756136894226,708.4796261787415,121.2449643611908,8.538906812667847,2674.7785189151764,,,0.0001,10000.0,hydrogen,"['ux','uy','x']","{'x': [-2.8661214245824903e-06, -1.7814937479228942e-06], 'ux': [-0.00041971634133029583, 0.0009154511969110233], 'uy': [-0.02333818058634226, -0.02205900036822566], 'uz': [0.023513579268755948, 0.02844309039120404]}",1317202.0
85.0,0.01%,"('ux','uy','uz','x')",4.0,GeoIndex,Min-Max,File,None,False,True,,0.09006428718566895,0.0017085075378417969,0.00015664100646972656,0.009964466094970703,,12.939260959625244,1.9719808101654053,3.2814629077911377,1.6293423175811768,0.1813066005706787,20.189268589019775,230.0,226.0,0.0001,10000.0,hydrogen,"['ux','uy','x']","{'x': [-2.8661214245824903e-06, -1.7814937479228942e-06], 'ux': [-0.00041971634133029583, 0.0009154511969110233], 'uy': [-0.02333818058634226, -0.02205900036822566], 'uz': [0.023513579268755948, 0.02844309039120404]}",1317202.0
85.0,0.01%,"('ux','uy','uz','x')",5.0,GeoIndex,Rtree,File,None,False,True,,0.0439300537109375,0.0007808208465576172,0.00015401840209960938,0.01003718376159668,,13.164531707763672,1.9871482849121094,3.303870677947998,1.659668207168579,0.1828305721282959,20.424036026000977,230.0,226.0,0.0001,10000.0,hydrogen,"['ux','uy','x']","{'x': [-2.8661214245824903e-06, -1.7814937479228942e-06], 'ux': [-0.00041971634133029583, 0.0009154511969110233], 'uy': [-0.02333818058634226, -0.02205900036822566], 'uz': [0.023513579268755948, 0.02844309039120404]}",1317202.0
85.0,0.01%,"('ux','uy','uz','x')",22.0,GeoIndex,Min-Max,File,None,True,False,True,0.09017324447631836,0.0016999244689941406,,,0.000993967056274414,13.247402906417847,2.0367517471313477,0.2008228302001953,1.7053749561309814,0.18380498886108398,17.52659821510315,230.0,230.0,0.0001,10000.0,hydrogen,"['ux','uy','x']","{'x': [-2.8661214245824903e-06, -1.7814937479228942e-06], 'ux': [-0.00041971634133029583, 0.0009154511969110233], 'uy': [-0.02333818058634226, -0.02205900036822566], 'uz': [0.023513579268755948, 0.02844309039120404]}",1317202.0
85.0,0.01%,"('ux','uy','uz','x')",23.0,GeoIndex,Rtree,File,None,True,False,True,0.04408454895019531,0.000797271728515625,,,0.0010263919830322266,13.183950901031494,1.975456953048706,0.19873642921447754,1.6438467502593994,0.18062615394592285,17.273796319961548,230.0,230.0,0.0001,10000.0,hydrogen,"['ux','uy','x']","{'x': [-2.8661214245824903e-06, -1.7814937479228942e-06], 'ux': [-0.00041971634133029583, 0.0009154511969110233], 'uy': [-0.02333818058634226, -0.02205900036822566], 'uz': [0.023513579268755948, 0.02844309039120404]}",1317202.0
85.0,0.01%,"('ux','uy','uz','x')",24.0,GeoIndex,Min-Max,File,None,False,True,True,0.09050798416137695,0.0017223358154296875,0.0001537799835205078,0.009808540344238281,,13.069950819015503,1.9782211780548096,0.19768142700195312,1.6305923461914062,0.17955851554870605,17.216193437576294,230.0,226.0,0.0001,10000.0,hydrogen,"['ux','uy','x']","{'x': [-2.8661214245824903e-06, -1.7814937479228942e-06], 'ux': [-0.00041971634133029583, 0.0009154511969110233], 'uy': [-0.02333818058634226, -0.02205900036822566], 'uz': [0.023513579268755948, 0.02844309039120404]}",1317202.0
85.0,0.01%,"('ux','uy','uz','x')",25.0,GeoIndex,Rtree,File,None,False,True,True,0.0439906120300293,0.0008029937744140625,0.00015735626220703125,0.009990453720092773,,13.295392274856567,2.00650954246521,0.19981718063354492,1.6713924407958984,0.1831834316253662,17.45766305923462,230.0,226.0,0.0001,10000.0,hydrogen,"['ux','uy','x']","{'x': [-2.8661214245824903e-06, -1.7814937479228942e-06], 'ux': [-0.00041971634133029583, 0.0009154511969110233], 'uy': [-0.02333818058634226, -0.02205900036822566], 'uz': [0.023513579268755948, 0.02844309039120404]}",1317202.0
86.0,0.01%,"('ux','uy','uz','x')",1.0,Original,,,,,False,,,,,,,1536.8100473880768,326.2293484210968,687.0416102409363,122.98970818519592,7.281691074371338,2689.849322795868,,,0.0001,10000.0,hydrogen,"['uy','uz','x']","{'x': [7.641927864419817e-06, 8.841083531233346e-06], 'ux': [-0.01214489990386371, -0.007505043623979182], 'uy': [0.008762442349223793, 0.01294309345124018], 'uz': [0.024629828260117694, 0.029276340781202188]}",1307887.0
86.0,0.01%,"('ux','uy','uz','x')",4.0,GeoIndex,Min-Max,File,None,False,True,,0.07830405235290527,0.001453399658203125,1.4066696166992188e-05,0.0003464221954345703,,1.2215774059295654,0.2030179500579834,0.26534056663513184,0.10573792457580566,0.025279760360717773,1.9207069873809814,14.0,14.0,0.0001,10000.0,hydrogen,"['uy','uz','x']","{'x': [7.641927864419817e-06, 8.841083531233346e-06], 'ux': [-0.01214489990386371, -0.007505043623979182], 'uy': [0.008762442349223793, 0.01294309345124018], 'uz': [0.024629828260117694, 0.029276340781202188]}",1307887.0
86.0,0.01%,"('ux','uy','uz','x')",5.0,GeoIndex,Rtree,File,None,False,True,,0.0432431697845459,0.0009992122650146484,1.4781951904296875e-05,0.0003421306610107422,,1.1963281631469727,0.1878662109375,0.2568702697753906,0.10017585754394531,0.024458646774291992,1.8189589977264404,14.0,14.0,0.0001,10000.0,hydrogen,"['uy','uz','x']","{'x': [7.641927864419817e-06, 8.841083531233346e-06], 'ux': [-0.01214489990386371, -0.007505043623979182], 'uy': [0.008762442349223793, 0.01294309345124018], 'uz': [0.024629828260117694, 0.029276340781202188]}",1307887.0
86.0,0.01%,"('ux','uy','uz','x')",22.0,GeoIndex,Min-Max,File,None,True,False,True,0.07903861999511719,0.0014233589172363281,,,7.677078247070312e-05,1.182478904724121,0.1734311580657959,0.03672313690185547,0.10304594039916992,0.024182558059692383,1.6195697784423828,14.0,14.0,0.0001,10000.0,hydrogen,"['uy','uz','x']","{'x': [7.641927864419817e-06, 8.841083531233346e-06], 'ux': [-0.01214489990386371, -0.007505043623979182], 'uy': [0.008762442349223793, 0.01294309345124018], 'uz': [0.024629828260117694, 0.029276340781202188]}",1307887.0
86.0,0.01%,"('ux','uy','uz','x')",23.0,GeoIndex,Rtree,File,None,True,False,True,0.0433652400970459,0.0009481906890869141,,,7.414817810058594e-05,1.1854653358459473,0.1795206069946289,0.037056922912597656,0.10738062858581543,0.024606943130493164,1.5870246887207031,14.0,14.0,0.0001,10000.0,hydrogen,"['uy','uz','x']","{'x': [7.641927864419817e-06, 8.841083531233346e-06], 'ux': [-0.01214489990386371, -0.007505043623979182], 'uy': [0.008762442349223793, 0.01294309345124018], 'uz': [0.024629828260117694, 0.029276340781202188]}",1307887.0
86.0,0.01%,"('ux','uy','uz','x')",24.0,GeoIndex,Min-Max,File,None,False,True,True,0.07890129089355469,0.0014455318450927734,1.3589859008789062e-05,0.0003380775451660156,,1.1762340068817139,0.178680419921875,0.03716444969177246,0.10680460929870605,0.024571657180786133,1.6236097812652588,14.0,14.0,0.0001,10000.0,hydrogen,"['uy','uz','x']","{'x': [7.641927864419817e-06, 8.841083531233346e-06], 'ux': [-0.01214489990386371, -0.007505043623979182], 'uy': [0.008762442349223793, 0.01294309345124018], 'uz': [0.024629828260117694, 0.029276340781202188]}",1307887.0
86.0,0.01%,"('ux','uy','uz','x')",25.0,GeoIndex,Rtree,File,None,False,True,True,0.043140411376953125,0.000985860824584961,1.3589859008789062e-05,0.000331878662109375,,1.188612937927246,0.1773679256439209,0.03687167167663574,0.1031644344329834,0.02486133575439453,1.5815439224243164,14.0,14.0,0.0001,10000.0,hydrogen,"['uy','uz','x']","{'x': [7.641927864419817e-06, 8.841083531233346e-06], 'ux': [-0.01214489990386371, -0.007505043623979182], 'uy': [0.008762442349223793, 0.01294309345124018], 'uz': [0.024629828260117694, 0.029276340781202188]}",1307887.0
87.0,0.01%,"('ux','uy','uz','x')",1.0,Original,,,,,False,,,,,,,1541.1017966270447,349.4592971801758,721.3792366981506,124.38073754310608,12.417000532150269,2758.982097864151,,,0.000101,10000.0,hydrogen,"['ux','uy','uz']","{'x': [-2.9999992853448774e-06, -1.5000010011566947e-06], 'ux': [0.0008469220267783937, 0.002182901547875868], 'uy': [0.00014593826498758957, 0.001547930382261629], 'uz': [-0.011249159742688749, -0.007250497166667983]}",1240664.0
87.0,0.01%,"('ux','uy','uz','x')",4.0,GeoIndex,Min-Max,File,None,False,True,,0.10834455490112305,0.001956462860107422,0.0001583099365234375,0.010010004043579102,,13.365144491195679,1.9955065250396729,3.4260060787200928,1.6999282836914062,0.18117547035217285,20.876270055770874,242.0,237.0,0.000101,10000.0,hydrogen,"['ux','uy','uz']","{'x': [-2.9999992853448774e-06, -1.5000010011566947e-06], 'ux': [0.0008469220267783937, 0.002182901547875868], 'uy': [0.00014593826498758957, 0.001547930382261629], 'uz': [-0.011249159742688749, -0.007250497166667983]}",1240664.0
87.0,0.01%,"('ux','uy','uz','x')",5.0,GeoIndex,Rtree,File,None,False,True,,0.05037117004394531,0.0008494853973388672,0.0001609325408935547,0.010158538818359375,,13.408293008804321,1.9548289775848389,3.330838203430176,1.6220483779907227,0.17901897430419922,20.62781548500061,242.0,237.0,0.000101,10000.0,hydrogen,"['ux','uy','uz']","{'x': [-2.9999992853448774e-06, -1.5000010011566947e-06], 'ux': [0.0008469220267783937, 0.002182901547875868], 'uy': [0.00014593826498758957, 0.001547930382261629], 'uz': [-0.011249159742688749, -0.007250497166667983]}",1240664.0
87.0,0.01%,"('ux','uy','uz','x')",22.0,GeoIndex,Min-Max,File,None,True,False,True,0.10819745063781738,0.0019452571868896484,,,0.0010259151458740234,13.179538488388062,2.0299072265625,0.19818425178527832,1.6117219924926758,0.18103456497192383,17.37276005744934,242.0,242.0,0.000101,10000.0,hydrogen,"['ux','uy','uz']","{'x': [-2.9999992853448774e-06, -1.5000010011566947e-06], 'ux': [0.0008469220267783937, 0.002182901547875868], 'uy': [0.00014593826498758957, 0.001547930382261629], 'uz': [-0.011249159742688749, -0.007250497166667983]}",1240664.0
87.0,0.01%,"('ux','uy','uz','x')",23.0,GeoIndex,Rtree,File,None,True,False,True,0.05012941360473633,0.0008783340454101562,,,0.0010750293731689453,14.053755760192871,2.0807042121887207,0.20269298553466797,1.6828069686889648,0.181565523147583,18.302377462387085,242.0,242.0,0.000101,10000.0,hydrogen,"['ux','uy','uz']","{'x': [-2.9999992853448774e-06, -1.5000010011566947e-06], 'ux': [0.0008469220267783937, 0.002182901547875868], 'uy': [0.00014593826498758957, 0.001547930382261629], 'uz': [-0.011249159742688749, -0.007250497166667983]}",1240664.0
87.0,0.01%,"('ux','uy','uz','x')",24.0,GeoIndex,Min-Max,File,None,False,True,True,0.10788702964782715,0.0019440650939941406,0.0001583099365234375,0.01001739501953125,,13.277942657470703,1.9581036567687988,0.19565725326538086,1.6291544437408447,0.17833352088928223,17.42207670211792,242.0,237.0,0.000101,10000.0,hydrogen,"['ux','uy','uz']","{'x': [-2.9999992853448774e-06, -1.5000010011566947e-06], 'ux': [0.0008469220267783937, 0.002182901547875868], 'uy': [0.00014593826498758957, 0.001547930382261629], 'uz': [-0.011249159742688749, -0.007250497166667983]}",1240664.0
87.0,0.01%,"('ux','uy','uz','x')",25.0,GeoIndex,Rtree,File,None,False,True,True,0.04991793632507324,0.0008685588836669922,0.00015974044799804688,0.009988069534301758,,13.28414249420166,2.041799545288086,0.19598841667175293,1.642275333404541,0.1804523468017578,17.452831506729126,242.0,237.0,0.000101,10000.0,hydrogen,"['ux','uy','uz']","{'x': [-2.9999992853448774e-06, -1.5000010011566947e-06], 'ux': [0.0008469220267783937, 0.002182901547875868], 'uy': [0.00014593826498758957, 0.001547930382261629], 'uz': [-0.011249159742688749, -0.007250497166667983]}",1240664.0
88.0,0.01%,"('ux','uy','uz','x')",1.0,Original,,,,,False,,,,,,,1595.1007769107819,510.12871074676514,946.7579810619354,121.58361554145813,7.400303840637207,3191.5865128040314,,,9.9e-05,10000.0,hydrogen,"['uz','uy','ux']","{'x': [-1.0499999492756384e-05, -9.000003447509075e-06], 'ux': [-0.046065324811311995, -0.01762539248878521], 'uy': [-0.03456376208534905, -0.015613252561886467], 'uz': [0.10057721813915488, 0.12066109470942171]}",1088791.0
88.0,0.01%,"('ux','uy','uz','x')",4.0,GeoIndex,Min-Max,File,None,False,True,,0.0613553524017334,0.0013604164123535156,1.1920928955078125e-05,0.00016188621520996094,,0.6513714790344238,0.06950545310974121,0.08831787109375,0.031095266342163086,0.017459392547607422,0.9337646961212158,9.0,9.0,9.9e-05,10000.0,hydrogen,"['uz','uy','ux']","{'x': [-1.0499999492756384e-05, -9.000003447509075e-06], 'ux': [-0.046065324811311995, -0.01762539248878521], 'uy': [-0.03456376208534905, -0.015613252561886467], 'uz': [0.10057721813915488, 0.12066109470942171]}",1088791.0
88.0,0.01%,"('ux','uy','uz','x')",5.0,GeoIndex,Rtree,File,None,False,True,,0.037087202072143555,0.0008871555328369141,1.049041748046875e-05,0.0001537799835205078,,0.6529896259307861,0.07083296775817871,0.08991718292236328,0.03279900550842285,0.015218257904052734,0.9046869277954102,9.0,9.0,9.9e-05,10000.0,hydrogen,"['uz','uy','ux']","{'x': [-1.0499999492756384e-05, -9.000003447509075e-06], 'ux': [-0.046065324811311995, -0.01762539248878521], 'uy': [-0.03456376208534905, -0.015613252561886467], 'uz': [0.10057721813915488, 0.12066109470942171]}",1088791.0
88.0,0.01%,"('ux','uy','uz','x')",22.0,GeoIndex,Min-Max,File,None,True,False,True,0.06155514717102051,0.001316070556640625,,,5.4836273193359375e-05,0.70509934425354,0.07436633110046387,0.024335145950317383,0.032579898834228516,0.01686549186706543,0.9314124584197998,9.0,9.0,9.9e-05,10000.0,hydrogen,"['uz','uy','ux']","{'x': [-1.0499999492756384e-05, -9.000003447509075e-06], 'ux': [-0.046065324811311995, -0.01762539248878521], 'uy': [-0.03456376208534905, -0.015613252561886467], 'uz': [0.10057721813915488, 0.12066109470942171]}",1088791.0
88.0,0.01%,"('ux','uy','uz','x')",23.0,GeoIndex,Rtree,File,None,True,False,True,0.03748130798339844,0.0008385181427001953,,,5.364418029785156e-05,0.6873879432678223,0.07480788230895996,0.023978710174560547,0.032836198806762695,0.014450550079345703,0.8757467269897461,9.0,9.0,9.9e-05,10000.0,hydrogen,"['uz','uy','ux']","{'x': [-1.0499999492756384e-05, -9.000003447509075e-06], 'ux': [-0.046065324811311995, -0.01762539248878521], 'uy': [-0.03456376208534905, -0.015613252561886467], 'uz': [0.10057721813915488, 0.12066109470942171]}",1088791.0
88.0,0.01%,"('ux','uy','uz','x')",24.0,GeoIndex,Min-Max,File,None,False,True,True,0.06164836883544922,0.0013086795806884766,1.2159347534179688e-05,0.00016570091247558594,,0.6781506538391113,0.07342648506164551,0.02399897575378418,0.03270912170410156,0.017216205596923828,0.9005067348480225,9.0,9.0,9.9e-05,10000.0,hydrogen,"['uz','uy','ux']","{'x': [-1.0499999492756384e-05, -9.000003447509075e-06], 'ux': [-0.046065324811311995, -0.01762539248878521], 'uy': [-0.03456376208534905, -0.015613252561886467], 'uz': [0.10057721813915488, 0.12066109470942171]}",1088791.0
88.0,0.01%,"('ux','uy','uz','x')",25.0,GeoIndex,Rtree,File,None,False,True,True,0.03740715980529785,0.0008287429809570312,1.3113021850585938e-05,0.00015807151794433594,,0.6824567317962646,0.07408809661865234,0.024298906326293945,0.03347611427307129,0.017667531967163086,0.8744118213653564,9.0,9.0,9.9e-05,10000.0,hydrogen,"['uz','uy','ux']","{'x': [-1.0499999492756384e-05, -9.000003447509075e-06], 'ux': [-0.046065324811311995, -0.01762539248878521], 'uy': [-0.03456376208534905, -0.015613252561886467], 'uz': [0.10057721813915488, 0.12066109470942171]}",1088791.0
89.0,0.01%,"('ux','uy','uz','x')",1.0,Original,,,,,False,,,,,,,1548.5920360088348,345.5171389579773,805.6423194408417,123.75819253921509,9.159131526947021,2842.4315617084503,,,0.000101,10000.0,hydrogen,"['ux','x','uy','uz']","{'x': [-1.4608001794157688e-06, -5.893887319964685e-07], 'ux': [-0.0016427422949990844, 0.0001384847379291023], 'uy': [-0.02291869265774939, -0.021647703418101672], 'uz': [0.02241123222050358, 0.027164102086648132]}",1318903.0
89.0,0.01%,"('ux','uy','uz','x')",4.0,GeoIndex,Min-Max,File,None,False,True,,0.09090137481689453,0.0017132759094238281,0.00015592575073242188,0.010337114334106445,,13.427290439605713,2.034755229949951,3.3857264518737793,1.7167911529541016,0.18314623832702637,20.936158180236816,242.0,231.0,0.000101,10000.0,hydrogen,"['ux','x','uy','uz']","{'x': [-1.4608001794157688e-06, -5.893887319964685e-07], 'ux': [-0.0016427422949990844, 0.0001384847379291023], 'uy': [-0.02291869265774939, -0.021647703418101672], 'uz': [0.02241123222050358, 0.027164102086648132]}",1318903.0
89.0,0.01%,"('ux','uy','uz','x')",5.0,GeoIndex,Rtree,File,None,False,True,,0.04412126541137695,0.0008177757263183594,0.00015616416931152344,0.010427474975585938,,13.303182125091553,2.033566474914551,3.383274555206299,1.6797640323638916,0.18174028396606445,20.708231687545776,242.0,231.0,0.000101,10000.0,hydrogen,"['ux','x','uy','uz']","{'x': [-1.4608001794157688e-06, -5.893887319964685e-07], 'ux': [-0.0016427422949990844, 0.0001384847379291023], 'uy': [-0.02291869265774939, -0.021647703418101672], 'uz': [0.02241123222050358, 0.027164102086648132]}",1318903.0
89.0,0.01%,"('ux','uy','uz','x')",22.0,GeoIndex,Min-Max,File,None,True,False,True,0.09270572662353516,0.0017299652099609375,,,0.0010764598846435547,13.605242013931274,2.6959240436553955,0.4892408847808838,1.629248857498169,0.17956876754760742,18.753439903259277,242.0,242.0,0.000101,10000.0,hydrogen,"['ux','x','uy','uz']","{'x': [-1.4608001794157688e-06, -5.893887319964685e-07], 'ux': [-0.0016427422949990844, 0.0001384847379291023], 'uy': [-0.02291869265774939, -0.021647703418101672], 'uz': [0.02241123222050358, 0.027164102086648132]}",1318903.0
89.0,0.01%,"('ux','uy','uz','x')",23.0,GeoIndex,Rtree,File,None,True,False,True,0.044165849685668945,0.0007936954498291016,,,0.001055002212524414,13.50908613204956,2.08516788482666,0.20127129554748535,1.7059967517852783,0.1819288730621338,17.775959968566895,242.0,242.0,0.000101,10000.0,hydrogen,"['ux','x','uy','uz']","{'x': [-1.4608001794157688e-06, -5.893887319964685e-07], 'ux': [-0.0016427422949990844, 0.0001384847379291023], 'uy': [-0.02291869265774939, -0.021647703418101672], 'uz': [0.02241123222050358, 0.027164102086648132]}",1318903.0
89.0,0.01%,"('ux','uy','uz','x')",24.0,GeoIndex,Min-Max,File,None,False,True,True,0.09098434448242188,0.0017368793487548828,0.00015473365783691406,0.010312795639038086,,13.269770383834839,1.9961519241333008,0.19802236557006836,1.6351120471954346,0.17949342727661133,17.44016194343567,242.0,231.0,0.000101,10000.0,hydrogen,"['ux','x','uy','uz']","{'x': [-1.4608001794157688e-06, -5.893887319964685e-07], 'ux': [-0.0016427422949990844, 0.0001384847379291023], 'uy': [-0.02291869265774939, -0.021647703418101672], 'uz': [0.02241123222050358, 0.027164102086648132]}",1318903.0
89.0,0.01%,"('ux','uy','uz','x')",25.0,GeoIndex,Rtree,File,None,False,True,True,0.04427194595336914,0.0008065700531005859,0.00015401840209960938,0.010504961013793945,,13.29774022102356,1.9628138542175293,0.19905424118041992,1.6493496894836426,0.18016457557678223,17.391061305999756,242.0,231.0,0.000101,10000.0,hydrogen,"['ux','x','uy','uz']","{'x': [-1.4608001794157688e-06, -5.893887319964685e-07], 'ux': [-0.0016427422949990844, 0.0001384847379291023], 'uy': [-0.02291869265774939, -0.021647703418101672], 'uz': [0.02241123222050358, 0.027164102086648132]}",1318903.0
90.0,0.01%,"('ux','uy','uz','x','y')",4.0,GeoIndex,Min-Max,File,None,False,True,,0.14103937149047852,0.0022735595703125,1.9311904907226562e-05,0.0008893013000488281,,2.3243939876556396,0.33476877212524414,0.40811753273010254,0.18877673149108887,0.12015461921691895,3.555293321609497,31.0,31.0,9.9e-05,10000.0,hydrogen,"['ux','uz','uy','y']","{'x': [-1.49999779186569e-06, -2.2862344627650025e-13], 'y': [3.102419533659316e-06, 4.171105628455747e-06], 'ux': [-0.027946854062197515, -0.002978554046987568], 'uy': [-0.008014117077868366, 0.041147240219695645], 'uz': [0.0009653434093471955, 0.048818333120461306]}",1302493.0
90.0,0.01%,"('ux','uy','uz','x','y')",5.0,GeoIndex,Rtree,File,None,False,True,,0.05106401443481445,0.00023889541625976562,1.9311904907226562e-05,0.0009052753448486328,,2.32212495803833,0.32277512550354004,0.43114638328552246,0.21910452842712402,0.12094306945800781,3.4832592010498047,31.0,31.0,9.9e-05,10000.0,hydrogen,"['ux','uz','uy','y']","{'x': [-1.49999779186569e-06, -2.2862344627650025e-13], 'y': [3.102419533659316e-06, 4.171105628455747e-06], 'ux': [-0.027946854062197515, -0.002978554046987568], 'uy': [-0.008014117077868366, 0.041147240219695645], 'uz': [0.0009653434093471955, 0.048818333120461306]}",1302493.0
90.0,0.01%,"('ux','uy','uz','x','y')",22.0,GeoIndex,Min-Max,File,None,True,False,True,0.14325904846191406,0.002256631851196289,,,0.00014448165893554688,2.3803067207336426,0.32282090187072754,0.1376786231994629,0.19800996780395508,0.1209113597869873,3.3399088382720947,31.0,31.0,9.9e-05,10000.0,hydrogen,"['ux','uz','uy','y']","{'x': [-1.49999779186569e-06, -2.2862344627650025e-13], 'y': [3.102419533659316e-06, 4.171105628455747e-06], 'ux': [-0.027946854062197515, -0.002978554046987568], 'uy': [-0.008014117077868366, 0.041147240219695645], 'uz': [0.0009653434093471955, 0.048818333120461306]}",1302493.0
90.0,0.01%,"('ux','uy','uz','x','y')",23.0,GeoIndex,Rtree,File,None,True,False,True,0.05110955238342285,0.0002357959747314453,,,0.0001404285430908203,2.386235475540161,0.3135347366333008,0.13715839385986328,0.19369125366210938,0.12233972549438477,3.2177534103393555,31.0,31.0,9.9e-05,10000.0,hydrogen,"['ux','uz','uy','y']","{'x': [-1.49999779186569e-06, -2.2862344627650025e-13], 'y': [3.102419533659316e-06, 4.171105628455747e-06], 'ux': [-0.027946854062197515, -0.002978554046987568], 'uy': [-0.008014117077868366, 0.041147240219695645], 'uz': [0.0009653434093471955, 0.048818333120461306]}",1302493.0
90.0,0.01%,"('ux','uy','uz','x','y')",24.0,GeoIndex,Min-Max,File,None,False,True,True,0.1408393383026123,0.002262115478515625,1.8358230590820312e-05,0.0008966922760009766,,2.350446939468384,0.3167390823364258,0.1372065544128418,0.19705724716186523,0.12053227424621582,3.2966036796569824,31.0,31.0,9.9e-05,10000.0,hydrogen,"['ux','uz','uy','y']","{'x': [-1.49999779186569e-06, -2.2862344627650025e-13], 'y': [3.102419533659316e-06, 4.171105628455747e-06], 'ux': [-0.027946854062197515, -0.002978554046987568], 'uy': [-0.008014117077868366, 0.041147240219695645], 'uz': [0.0009653434093471955, 0.048818333120461306]}",1302493.0
90.0,0.01%,"('ux','uy','uz','x','y')",25.0,GeoIndex,Rtree,File,None,False,True,True,0.05147504806518555,0.00024175643920898438,1.8358230590820312e-05,0.0008904933929443359,,2.3075385093688965,0.32670021057128906,0.13784384727478027,0.1997239589691162,0.12147235870361328,3.1557490825653076,31.0,31.0,9.9e-05,10000.0,hydrogen,"['ux','uz','uy','y']","{'x': [-1.49999779186569e-06, -2.2862344627650025e-13], 'y': [3.102419533659316e-06, 4.171105628455747e-06], 'ux': [-0.027946854062197515, -0.002978554046987568], 'uy': [-0.008014117077868366, 0.041147240219695645], 'uz': [0.0009653434093471955, 0.048818333120461306]}",1302493.0
91.0,0.01%,"('ux','uy','uz','x','y')",4.0,GeoIndex,Min-Max,File,None,False,True,,0.13156437873840332,0.0024023056030273438,1.811981201171875e-05,0.0004885196685791016,,1.6635551452636719,0.23615407943725586,0.3066701889038086,0.13703083992004395,0.05882763862609863,2.5672779083251953,21.0,21.0,9.9e-05,10000.0,hydrogen,"['x','y','uz','ux','uy']","{'x': [7.548486033873725e-06, 7.905846559118314e-06], 'y': [-1.1920247673347683e-05, -1.1099551466358845e-05], 'ux': [-0.0006123021102956997, 0.00018678030899478256], 'uy': [-0.014270886504807977, 0.0004146088386935045], 'uz': [-4.450942330510289e-05, 0.00045731599481621944]}",1304805.0
91.0,0.01%,"('ux','uy','uz','x','y')",5.0,GeoIndex,Rtree,File,None,False,True,,0.05427265167236328,0.0006189346313476562,1.621246337890625e-05,0.0004725456237792969,,1.6772618293762207,0.2345418930053711,0.3096327781677246,0.13599753379821777,0.05878114700317383,2.4843201637268066,21.0,21.0,9.9e-05,10000.0,hydrogen,"['x','y','uz','ux','uy']","{'x': [7.548486033873725e-06, 7.905846559118314e-06], 'y': [-1.1920247673347683e-05, -1.1099551466358845e-05], 'ux': [-0.0006123021102956997, 0.00018678030899478256], 'uy': [-0.014270886504807977, 0.0004146088386935045], 'uz': [-4.450942330510289e-05, 0.00045731599481621944]}",1304805.0
91.0,0.01%,"('ux','uy','uz','x','y')",22.0,GeoIndex,Min-Max,File,None,True,False,True,0.13063478469848633,0.00235748291015625,,,0.00010204315185546875,1.721458911895752,0.22902321815490723,0.07109522819519043,0.13783550262451172,0.05811476707458496,2.3798255920410156,21.0,21.0,9.9e-05,10000.0,hydrogen,"['x','y','uz','ux','uy']","{'x': [7.548486033873725e-06, 7.905846559118314e-06], 'y': [-1.1920247673347683e-05, -1.1099551466358845e-05], 'ux': [-0.0006123021102956997, 0.00018678030899478256], 'uy': [-0.014270886504807977, 0.0004146088386935045], 'uz': [-4.450942330510289e-05, 0.00045731599481621944]}",1304805.0
91.0,0.01%,"('ux','uy','uz','x','y')",23.0,GeoIndex,Rtree,File,None,True,False,True,0.054297685623168945,0.0006198883056640625,,,9.942054748535156e-05,1.7501521110534668,0.23496508598327637,0.07335972785949707,0.13854622840881348,0.05886697769165039,2.3250391483306885,21.0,21.0,9.9e-05,10000.0,hydrogen,"['x','y','uz','ux','uy']","{'x': [7.548486033873725e-06, 7.905846559118314e-06], 'y': [-1.1920247673347683e-05, -1.1099551466358845e-05], 'ux': [-0.0006123021102956997, 0.00018678030899478256], 'uy': [-0.014270886504807977, 0.0004146088386935045], 'uz': [-4.450942330510289e-05, 0.00045731599481621944]}",1304805.0
91.0,0.01%,"('ux','uy','uz','x','y')",24.0,GeoIndex,Min-Max,File,None,False,True,True,0.13088703155517578,0.0023767948150634766,1.5497207641601562e-05,0.0004723072052001953,,1.6436645984649658,0.23442935943603516,0.0721278190612793,0.13913536071777344,0.05817055702209473,2.3110148906707764,21.0,21.0,9.9e-05,10000.0,hydrogen,"['x','y','uz','ux','uy']","{'x': [7.548486033873725e-06, 7.905846559118314e-06], 'y': [-1.1920247673347683e-05, -1.1099551466358845e-05], 'ux': [-0.0006123021102956997, 0.00018678030899478256], 'uy': [-0.014270886504807977, 0.0004146088386935045], 'uz': [-4.450942330510289e-05, 0.00045731599481621944]}",1304805.0
91.0,0.01%,"('ux','uy','uz','x','y')",25.0,GeoIndex,Rtree,File,None,False,True,True,0.053853511810302734,0.0006062984466552734,1.52587890625e-05,0.0004811286926269531,,1.6641314029693604,0.2355644702911377,0.07270026206970215,0.1433544158935547,0.058756351470947266,2.241300582885742,21.0,21.0,9.9e-05,10000.0,hydrogen,"['x','y','uz','ux','uy']","{'x': [7.548486033873725e-06, 7.905846559118314e-06], 'y': [-1.1920247673347683e-05, -1.1099551466358845e-05], 'ux': [-0.0006123021102956997, 0.00018678030899478256], 'uy': [-0.014270886504807977, 0.0004146088386935045], 'uz': [-4.450942330510289e-05, 0.00045731599481621944]}",1304805.0
92.0,0.01%,"('ux','uy','uz','x','y')",4.0,GeoIndex,Min-Max,File,None,False,True,,0.1625821590423584,0.0024144649505615234,1.8835067749023438e-05,0.0006320476531982422,,2.1750564575195312,0.360715389251709,0.46580934524536133,0.20881438255310059,0.044815778732299805,3.4608681201934814,25.0,25.0,0.0001,10000.0,hydrogen,"['uy','y','x','uz']","{'x': [-1.2136340193437952e-06, -4.233586407567764e-12], 'y': [-1.0443142306523487e-05, -9.341764942073745e-06], 'ux': [-0.0235658665575584, 0.010811064271115145], 'uy': [-0.08571271340430703, -0.0003931767114319709], 'uz': [-0.026312224503440167, 0.01661775022861483]}",1316487.0
92.0,0.01%,"('ux','uy','uz','x','y')",5.0,GeoIndex,Rtree,File,None,False,True,,0.060767173767089844,0.0006597042083740234,1.71661376953125e-05,0.0006422996520996094,,2.1448185443878174,0.34171223640441895,0.452059268951416,0.19760608673095703,0.045430898666381836,3.2595791816711426,25.0,25.0,0.0001,10000.0,hydrogen,"['uy','y','x','uz']","{'x': [-1.2136340193437952e-06, -4.233586407567764e-12], 'y': [-1.0443142306523487e-05, -9.341764942073745e-06], 'ux': [-0.0235658665575584, 0.010811064271115145], 'uy': [-0.08571271340430703, -0.0003931767114319709], 'uz': [-0.026312224503440167, 0.01661775022861483]}",1316487.0
92.0,0.01%,"('ux','uy','uz','x','y')",22.0,GeoIndex,Min-Max,File,None,True,False,True,0.16265392303466797,0.002421855926513672,,,0.00011849403381347656,2.1720035076141357,0.3394649028778076,0.06511926651000977,0.21358156204223633,0.04543805122375488,3.0395145416259766,25.0,25.0,0.0001,10000.0,hydrogen,"['uy','y','x','uz']","{'x': [-1.2136340193437952e-06, -4.233586407567764e-12], 'y': [-1.0443142306523487e-05, -9.341764942073745e-06], 'ux': [-0.0235658665575584, 0.010811064271115145], 'uy': [-0.08571271340430703, -0.0003931767114319709], 'uz': [-0.026312224503440167, 0.01661775022861483]}",1316487.0
92.0,0.01%,"('ux','uy','uz','x','y')",23.0,GeoIndex,Rtree,File,None,True,False,True,0.0607755184173584,0.0006635189056396484,,,0.000118255615234375,2.125178098678589,0.3344132900238037,0.06369829177856445,0.21037626266479492,0.045041799545288086,2.85555362701416,25.0,25.0,0.0001,10000.0,hydrogen,"['uy','y','x','uz']","{'x': [-1.2136340193437952e-06, -4.233586407567764e-12], 'y': [-1.0443142306523487e-05, -9.341764942073745e-06], 'ux': [-0.0235658665575584, 0.010811064271115145], 'uy': [-0.08571271340430703, -0.0003931767114319709], 'uz': [-0.026312224503440167, 0.01661775022861483]}",1316487.0
92.0,0.01%,"('ux','uy','uz','x','y')",24.0,GeoIndex,Min-Max,File,None,False,True,True,0.16010165214538574,0.002427816390991211,1.7642974853515625e-05,0.0006310939788818359,,2.1587400436401367,0.3378889560699463,0.061998605728149414,0.2131187915802002,0.04453682899475098,3.018873453140259,25.0,25.0,0.0001,10000.0,hydrogen,"['uy','y','x','uz']","{'x': [-1.2136340193437952e-06, -4.233586407567764e-12], 'y': [-1.0443142306523487e-05, -9.341764942073745e-06], 'ux': [-0.0235658665575584, 0.010811064271115145], 'uy': [-0.08571271340430703, -0.0003931767114319709], 'uz': [-0.026312224503440167, 0.01661775022861483]}",1316487.0
92.0,0.01%,"('ux','uy','uz','x','y')",25.0,GeoIndex,Rtree,File,None,False,True,True,0.06056690216064453,0.0006606578826904297,1.6689300537109375e-05,0.00063323974609375,,2.2384605407714844,0.3344449996948242,0.06215310096740723,0.20913195610046387,0.04520082473754883,2.9661905765533447,25.0,25.0,0.0001,10000.0,hydrogen,"['uy','y','x','uz']","{'x': [-1.2136340193437952e-06, -4.233586407567764e-12], 'y': [-1.0443142306523487e-05, -9.341764942073745e-06], 'ux': [-0.0235658665575584, 0.010811064271115145], 'uy': [-0.08571271340430703, -0.0003931767114319709], 'uz': [-0.026312224503440167, 0.01661775022861483]}",1316487.0
93.0,0.01%,"('ux','uy','uz','x','y')",1.0,Original,,,,,False,,,,,,,1930.1873607635498,449.5917456150055,694.8870985507965,238.83256840705872,8.040529251098633,3330.9304733276367,,,0.0001,10000.0,hydrogen,"['ux','uy','uz']","{'x': [-1.0499999651334574e-05, -9.000000224142189e-06], 'y': [-5.999999149378979e-06, -4.500000882057128e-06], 'ux': [0.01265666035753906, 0.017458189097503306], 'uy': [0.00607488492601434, 0.009007939831088427], 'uz': [0.017873402298765915, 0.021320163362772242]}",1079852.0
93.0,0.01%,"('ux','uy','uz','x','y')",4.0,GeoIndex,Min-Max,File,None,False,True,,0.08855795860290527,0.0017545223236083984,9.775161743164062e-06,4.5299530029296875e-05,,0.5084364414215088,0.060027122497558594,0.05672907829284668,0.026112794876098633,0.01315927505493164,0.773500919342041,3.0,3.0,0.0001,10000.0,hydrogen,"['ux','uy','uz']","{'x': [-1.0499999651334574e-05, -9.000000224142189e-06], 'y': [-5.999999149378979e-06, -4.500000882057128e-06], 'ux': [0.01265666035753906, 0.017458189097503306], 'uy': [0.00607488492601434, 0.009007939831088427], 'uz': [0.017873402298765915, 0.021320163362772242]}",1079852.0
93.0,0.01%,"('ux','uy','uz','x','y')",5.0,GeoIndex,Rtree,File,None,False,True,,0.040001630783081055,0.00017333030700683594,8.821487426757812e-06,4.4345855712890625e-05,,0.5081541538238525,0.05917525291442871,0.05565476417541504,0.02525806427001953,0.013053178787231445,0.7082023620605469,3.0,3.0,0.0001,10000.0,hydrogen,"['ux','uy','uz']","{'x': [-1.0499999651334574e-05, -9.000000224142189e-06], 'y': [-5.999999149378979e-06, -4.500000882057128e-06], 'ux': [0.01265666035753906, 0.017458189097503306], 'uy': [0.00607488492601434, 0.009007939831088427], 'uz': [0.017873402298765915, 0.021320163362772242]}",1079852.0
93.0,0.01%,"('ux','uy','uz','x','y')",22.0,GeoIndex,Min-Max,File,None,True,False,True,0.08773565292358398,0.0017616748809814453,,,3.0040740966796875e-05,0.5173113346099854,0.04367828369140625,0.02491927146911621,0.024677038192749023,0.019446372985839844,0.7364981174468994,3.0,3.0,0.0001,10000.0,hydrogen,"['ux','uy','uz']","{'x': [-1.0499999651334574e-05, -9.000000224142189e-06], 'y': [-5.999999149378979e-06, -4.500000882057128e-06], 'ux': [0.01265666035753906, 0.017458189097503306], 'uy': [0.00607488492601434, 0.009007939831088427], 'uz': [0.017873402298765915, 0.021320163362772242]}",1079852.0
93.0,0.01%,"('ux','uy','uz','x','y')",23.0,GeoIndex,Rtree,File,None,True,False,True,0.040320634841918945,0.0001728534698486328,,,2.86102294921875e-05,0.516160249710083,0.04410290718078613,0.024918317794799805,0.025645971298217773,0.021150588989257812,0.6777539253234863,3.0,3.0,0.0001,10000.0,hydrogen,"['ux','uy','uz']","{'x': [-1.0499999651334574e-05, -9.000000224142189e-06], 'y': [-5.999999149378979e-06, -4.500000882057128e-06], 'ux': [0.01265666035753906, 0.017458189097503306], 'uy': [0.00607488492601434, 0.009007939831088427], 'uz': [0.017873402298765915, 0.021320163362772242]}",1079852.0
93.0,0.01%,"('ux','uy','uz','x','y')",24.0,GeoIndex,Min-Max,File,None,False,True,True,0.08874011039733887,0.0017986297607421875,1.0251998901367188e-05,4.601478576660156e-05,,0.5089399814605713,0.04337191581726074,0.025529146194458008,0.025437355041503906,0.01735997200012207,0.7281460762023926,3.0,3.0,0.0001,10000.0,hydrogen,"['ux','uy','uz']","{'x': [-1.0499999651334574e-05, -9.000000224142189e-06], 'y': [-5.999999149378979e-06, -4.500000882057128e-06], 'ux': [0.01265666035753906, 0.017458189097503306], 'uy': [0.00607488492601434, 0.009007939831088427], 'uz': [0.017873402298765915, 0.021320163362772242]}",1079852.0
93.0,0.01%,"('ux','uy','uz','x','y')",25.0,GeoIndex,Rtree,File,None,False,True,True,0.04010796546936035,0.00017380714416503906,8.344650268554688e-06,4.267692565917969e-05,,0.5033986568450928,0.04228091239929199,0.025187015533447266,0.024140357971191406,0.01926589012145996,0.6598131656646729,3.0,3.0,0.0001,10000.0,hydrogen,"['ux','uy','uz']","{'x': [-1.0499999651334574e-05, -9.000000224142189e-06], 'y': [-5.999999149378979e-06, -4.500000882057128e-06], 'ux': [0.01265666035753906, 0.017458189097503306], 'uy': [0.00607488492601434, 0.009007939831088427], 'uz': [0.017873402298765915, 0.021320163362772242]}",1079852.0
94.0,0.01%,"('ux','uy','uz','x','y')",1.0,Original,,,,,False,,,,,,,1894.5654971599579,517.8699259757996,724.1029622554779,149.40130519866943,8.023167133331299,3303.934982061386,,,0.0001,10000.0,hydrogen,"['uy','y','uz','ux']","{'x': [4.500000236269994e-06, 5.999999444687877e-06], 'y': [-4.41734858360672e-06, -3.0000013808058515e-06], 'ux': [-0.004597417878022185, -0.0033668087262892156], 'uy': [0.003378883551772911, 0.0053591123531547685], 'uz': [-0.018853523088493338, -0.011910297099761307]}",1314116.0
94.0,0.01%,"('ux','uy','uz','x','y')",4.0,GeoIndex,Min-Max,File,None,False,True,,0.10012173652648926,0.0020568370819091797,1.0251998901367188e-05,6.031990051269531e-05,,0.6824462413787842,0.11701369285583496,0.10286664962768555,0.044257402420043945,0.024981975555419922,1.095306634902954,4.0,4.0,0.0001,10000.0,hydrogen,"['uy','y','uz','ux']","{'x': [4.500000236269994e-06, 5.999999444687877e-06], 'y': [-4.41734858360672e-06, -3.0000013808058515e-06], 'ux': [-0.004597417878022185, -0.0033668087262892156], 'uy': [0.003378883551772911, 0.0053591123531547685], 'uz': [-0.018853523088493338, -0.011910297099761307]}",1314116.0
94.0,0.01%,"('ux','uy','uz','x','y')",5.0,GeoIndex,Rtree,File,None,False,True,,0.04181337356567383,0.00018358230590820312,1.049041748046875e-05,6.079673767089844e-05,,0.6675100326538086,0.10467815399169922,0.10081315040588379,0.04088616371154785,0.02519512176513672,0.989654541015625,4.0,4.0,0.0001,10000.0,hydrogen,"['uy','y','uz','ux']","{'x': [4.500000236269994e-06, 5.999999444687877e-06], 'y': [-4.41734858360672e-06, -3.0000013808058515e-06], 'ux': [-0.004597417878022185, -0.0033668087262892156], 'uy': [0.003378883551772911, 0.0053591123531547685], 'uz': [-0.018853523088493338, -0.011910297099761307]}",1314116.0
94.0,0.01%,"('ux','uy','uz','x','y')",22.0,GeoIndex,Min-Max,File,None,True,False,True,0.10033202171325684,0.0019779205322265625,,,3.266334533691406e-05,0.6363673210144043,0.0894317626953125,0.03031611442565918,0.04080033302307129,0.023437976837158203,0.9427082538604736,4.0,4.0,0.0001,10000.0,hydrogen,"['uy','y','uz','ux']","{'x': [4.500000236269994e-06, 5.999999444687877e-06], 'y': [-4.41734858360672e-06, -3.0000013808058515e-06], 'ux': [-0.004597417878022185, -0.0033668087262892156], 'uy': [0.003378883551772911, 0.0053591123531547685], 'uz': [-0.018853523088493338, -0.011910297099761307]}",1314116.0
94.0,0.01%,"('ux','uy','uz','x','y')",23.0,GeoIndex,Rtree,File,None,True,False,True,0.04199528694152832,0.00018739700317382812,,,3.337860107421875e-05,0.6310482025146484,0.09192347526550293,0.030742168426513672,0.04157853126525879,0.023647546768188477,0.867145299911499,4.0,4.0,0.0001,10000.0,hydrogen,"['uy','y','uz','ux']","{'x': [4.500000236269994e-06, 5.999999444687877e-06], 'y': [-4.41734858360672e-06, -3.0000013808058515e-06], 'ux': [-0.004597417878022185, -0.0033668087262892156], 'uy': [0.003378883551772911, 0.0053591123531547685], 'uz': [-0.018853523088493338, -0.011910297099761307]}",1314116.0
94.0,0.01%,"('ux','uy','uz','x','y')",24.0,GeoIndex,Min-Max,File,None,False,True,True,0.10137462615966797,0.0020225048065185547,1.0967254638671875e-05,6.151199340820312e-05,,0.6864597797393799,0.10524487495422363,0.04011034965515137,0.04459404945373535,0.025913476943969727,1.0272133350372314,4.0,4.0,0.0001,10000.0,hydrogen,"['uy','y','uz','ux']","{'x': [4.500000236269994e-06, 5.999999444687877e-06], 'y': [-4.41734858360672e-06, -3.0000013808058515e-06], 'ux': [-0.004597417878022185, -0.0033668087262892156], 'uy': [0.003378883551772911, 0.0053591123531547685], 'uz': [-0.018853523088493338, -0.011910297099761307]}",1314116.0
94.0,0.01%,"('ux','uy','uz','x','y')",25.0,GeoIndex,Rtree,File,None,False,True,True,0.04211282730102539,0.0001876354217529297,8.58306884765625e-06,5.888938903808594e-05,,0.6807570457458496,0.10487818717956543,0.03745532035827637,0.04327082633972168,0.021706819534301758,0.9364349842071533,4.0,4.0,0.0001,10000.0,hydrogen,"['uy','y','uz','ux']","{'x': [4.500000236269994e-06, 5.999999444687877e-06], 'y': [-4.41734858360672e-06, -3.0000013808058515e-06], 'ux': [-0.004597417878022185, -0.0033668087262892156], 'uy': [0.003378883551772911, 0.0053591123531547685], 'uz': [-0.018853523088493338, -0.011910297099761307]}",1314116.0
95.0,0.01%,"('ux','uy','uz','x','y')",1.0,Original,,,,,False,,,,,,,1890.8616344928741,520.7384631633759,785.5503580570221,179.48990678787231,8.006567001342773,3394.5611379146576,,,0.000101,10000.0,hydrogen,"['uz','y','ux']","{'x': [4.500000048453865e-06, 5.999999148257505e-06], 'y': [-8.993792944342686e-06, -7.709491032950525e-06], 'ux': [-0.0016298430824526451, -0.0010925485155465643], 'uy': [0.0028298195540012484, 0.004027484886210095], 'uz': [-0.003618800077718815, -0.002838675592697542]}",1321517.0
95.0,0.01%,"('ux','uy','uz','x','y')",4.0,GeoIndex,Min-Max,File,None,False,True,,0.10540533065795898,0.002008676528930664,1.1205673217773438e-05,8.034706115722656e-05,,0.6953551769256592,0.11155176162719727,0.1049652099609375,0.044005393981933594,0.025680065155029297,1.1119940280914307,5.0,5.0,0.000101,10000.0,hydrogen,"['uz','y','ux']","{'x': [4.500000048453865e-06, 5.999999148257505e-06], 'y': [-8.993792944342686e-06, -7.709491032950525e-06], 'ux': [-0.0016298430824526451, -0.0010925485155465643], 'uy': [0.0028298195540012484, 0.004027484886210095], 'uz': [-0.003618800077718815, -0.002838675592697542]}",1321517.0
95.0,0.01%,"('ux','uy','uz','x','y')",5.0,GeoIndex,Rtree,File,None,False,True,,0.043061256408691406,0.00019311904907226562,1.049041748046875e-05,7.891654968261719e-05,,0.6840324401855469,0.10559558868408203,0.10169148445129395,0.042107582092285156,0.025607824325561523,1.0108027458190918,5.0,5.0,0.000101,10000.0,hydrogen,"['uz','y','ux']","{'x': [4.500000048453865e-06, 5.999999148257505e-06], 'y': [-8.993792944342686e-06, -7.709491032950525e-06], 'ux': [-0.0016298430824526451, -0.0010925485155465643], 'uy': [0.0028298195540012484, 0.004027484886210095], 'uz': [-0.003618800077718815, -0.002838675592697542]}",1321517.0
95.0,0.01%,"('ux','uy','uz','x','y')",22.0,GeoIndex,Min-Max,File,None,True,False,True,0.10576653480529785,0.0019989013671875,,,3.814697265625e-05,0.7096948623657227,0.10163640975952148,0.03789210319519043,0.04364633560180664,0.025218725204467773,1.047971248626709,5.0,5.0,0.000101,10000.0,hydrogen,"['uz','y','ux']","{'x': [4.500000048453865e-06, 5.999999148257505e-06], 'y': [-8.993792944342686e-06, -7.709491032950525e-06], 'ux': [-0.0016298430824526451, -0.0010925485155465643], 'uy': [0.0028298195540012484, 0.004027484886210095], 'uz': [-0.003618800077718815, -0.002838675592697542]}",1321517.0
95.0,0.01%,"('ux','uy','uz','x','y')",23.0,GeoIndex,Rtree,File,None,True,False,True,0.043294668197631836,0.00019884109497070312,,,3.719329833984375e-05,0.7056064605712891,0.10113143920898438,0.03924059867858887,0.04531574249267578,0.02619791030883789,0.9687988758087158,5.0,5.0,0.000101,10000.0,hydrogen,"['uz','y','ux']","{'x': [4.500000048453865e-06, 5.999999148257505e-06], 'y': [-8.993792944342686e-06, -7.709491032950525e-06], 'ux': [-0.0016298430824526451, -0.0010925485155465643], 'uy': [0.0028298195540012484, 0.004027484886210095], 'uz': [-0.003618800077718815, -0.002838675592697542]}",1321517.0
95.0,0.01%,"('ux','uy','uz','x','y')",24.0,GeoIndex,Min-Max,File,None,False,True,True,0.10690426826477051,0.002011537551879883,1.0728836059570312e-05,8.58306884765625e-05,,0.7043571472167969,0.09905862808227539,0.03728175163269043,0.04222249984741211,0.02603888511657715,1.0403964519500732,5.0,5.0,0.000101,10000.0,hydrogen,"['uz','y','ux']","{'x': [4.500000048453865e-06, 5.999999148257505e-06], 'y': [-8.993792944342686e-06, -7.709491032950525e-06], 'ux': [-0.0016298430824526451, -0.0010925485155465643], 'uy': [0.0028298195540012484, 0.004027484886210095], 'uz': [-0.003618800077718815, -0.002838675592697542]}",1321517.0
95.0,0.01%,"('ux','uy','uz','x','y')",25.0,GeoIndex,Rtree,File,None,False,True,True,0.04318714141845703,0.0001957416534423828,9.775161743164062e-06,7.62939453125e-05,,0.6974239349365234,0.10040473937988281,0.03724932670593262,0.04271078109741211,0.02566075325012207,0.9540669918060303,5.0,5.0,0.000101,10000.0,hydrogen,"['uz','y','ux']","{'x': [4.500000048453865e-06, 5.999999148257505e-06], 'y': [-8.993792944342686e-06, -7.709491032950525e-06], 'ux': [-0.0016298430824526451, -0.0010925485155465643], 'uy': [0.0028298195540012484, 0.004027484886210095], 'uz': [-0.003618800077718815, -0.002838675592697542]}",1321517.0
96.0,0.01%,"('ux','uy','uz','x','y')",1.0,Original,,,,,False,,,,,,,1989.8942568302155,546.1739618778229,1082.6055705547333,183.49035120010376,10.657246828079224,3823.995285987854,,,9.9e-05,10000.0,hydrogen,"['uz','y','ux']","{'x': [-1.4999988116288854e-06, -3.7374768959662376e-14], 'y': [5.3268282502414e-06, 5.78393305998511e-06], 'ux': [-0.02296196080786284, 0.004632386185133154], 'uy': [-0.014812426406124053, 0.050705517745182206], 'uz': [-0.040068123617303775, -0.018050970807485744]}",1301676.0
96.0,0.01%,"('ux','uy','uz','x','y')",4.0,GeoIndex,Min-Max,File,None,False,True,,0.15926671028137207,0.002668619155883789,1.9073486328125e-05,0.0007574558258056641,,3.20719313621521,0.6032562255859375,0.7864315509796143,0.45332980155944824,0.07835721969604492,5.340125322341919,27.0,27.0,9.9e-05,10000.0,hydrogen,"['uz','y','ux']","{'x': [-1.4999988116288854e-06, -3.7374768959662376e-14], 'y': [5.3268282502414e-06, 5.78393305998511e-06], 'ux': [-0.02296196080786284, 0.004632386185133154], 'uy': [-0.014812426406124053, 0.050705517745182206], 'uz': [-0.040068123617303775, -0.018050970807485744]}",1301676.0
96.0,0.01%,"('ux','uy','uz','x','y')",5.0,GeoIndex,Rtree,File,None,False,True,,0.05485224723815918,0.0006322860717773438,1.8835067749023438e-05,0.0007700920104980469,,3.092560052871704,0.6003208160400391,0.789860725402832,0.46267271041870117,0.07810473442077637,5.104628801345825,27.0,27.0,9.9e-05,10000.0,hydrogen,"['uz','y','ux']","{'x': [-1.4999988116288854e-06, -3.7374768959662376e-14], 'y': [5.3268282502414e-06, 5.78393305998511e-06], 'ux': [-0.02296196080786284, 0.004632386185133154], 'uy': [-0.014812426406124053, 0.050705517745182206], 'uz': [-0.040068123617303775, -0.018050970807485744]}",1301676.0
96.0,0.01%,"('ux','uy','uz','x','y')",22.0,GeoIndex,Min-Max,File,None,True,False,True,0.15937161445617676,0.002614259719848633,,,0.00012636184692382812,3.126387596130371,0.6192061901092529,0.09608650207519531,0.46331048011779785,0.07064652442932129,4.580373048782349,27.0,27.0,9.9e-05,10000.0,hydrogen,"['uz','y','ux']","{'x': [-1.4999988116288854e-06, -3.7374768959662376e-14], 'y': [5.3268282502414e-06, 5.78393305998511e-06], 'ux': [-0.02296196080786284, 0.004632386185133154], 'uy': [-0.014812426406124053, 0.050705517745182206], 'uz': [-0.040068123617303775, -0.018050970807485744]}",1301676.0
96.0,0.01%,"('ux','uy','uz','x','y')",23.0,GeoIndex,Rtree,File,None,True,False,True,0.05514693260192871,0.0006191730499267578,,,0.00012493133544921875,3.103177785873413,0.6203575134277344,0.09744095802307129,0.46294403076171875,0.0706181526184082,4.4291300773620605,27.0,27.0,9.9e-05,10000.0,hydrogen,"['uz','y','ux']","{'x': [-1.4999988116288854e-06, -3.7374768959662376e-14], 'y': [5.3268282502414e-06, 5.78393305998511e-06], 'ux': [-0.02296196080786284, 0.004632386185133154], 'uy': [-0.014812426406124053, 0.050705517745182206], 'uz': [-0.040068123617303775, -0.018050970807485744]}",1301676.0
96.0,0.01%,"('ux','uy','uz','x','y')",24.0,GeoIndex,Min-Max,File,None,False,True,True,0.15932130813598633,0.002620697021484375,1.7642974853515625e-05,0.0007905960083007812,,3.1212735176086426,0.588306188583374,0.09399247169494629,0.4489004611968994,0.07151341438293457,4.5293638706207275,27.0,27.0,9.9e-05,10000.0,hydrogen,"['uz','y','ux']","{'x': [-1.4999988116288854e-06, -3.7374768959662376e-14], 'y': [5.3268282502414e-06, 5.78393305998511e-06], 'ux': [-0.02296196080786284, 0.004632386185133154], 'uy': [-0.014812426406124053, 0.050705517745182206], 'uz': [-0.040068123617303775, -0.018050970807485744]}",1301676.0
96.0,0.01%,"('ux','uy','uz','x','y')",25.0,GeoIndex,Rtree,File,None,False,True,True,0.055323123931884766,0.0006275177001953125,1.811981201171875e-05,0.0007469654083251953,,3.2234466075897217,0.6427814960479736,0.09829378128051758,0.477449893951416,0.07689237594604492,4.594070911407471,27.0,27.0,9.9e-05,10000.0,hydrogen,"['uz','y','ux']","{'x': [-1.4999988116288854e-06, -3.7374768959662376e-14], 'y': [5.3268282502414e-06, 5.78393305998511e-06], 'ux': [-0.02296196080786284, 0.004632386185133154], 'uy': [-0.014812426406124053, 0.050705517745182206], 'uz': [-0.040068123617303775, -0.018050970807485744]}",1301676.0
97.0,0.01%,"('ux','uy','uz','x','y')",1.0,Original,,,,,False,,,,,,,1986.6640253067017,544.585750579834,1138.5919063091278,184.59869742393494,11.210692405700684,3876.7194259166718,,,0.0001,10000.0,hydrogen,"['uy','ux','y']","{'x': [3.000003883677304e-06, 4.499999935024933e-06], 'y': [-1.1933807561899595e-05, -1.0543689189500176e-05], 'ux': [-0.00029110490461975794, 0.03524314806999798], 'uy': [-0.11928008349879382, -0.0006498834582366678], 'uz': [-0.03232700306342397, 0.05066728630351054]}",1314937.0
97.0,0.01%,"('ux','uy','uz','x','y')",4.0,GeoIndex,Min-Max,File,None,False,True,,0.15626072883605957,0.002470254898071289,1.7642974853515625e-05,0.0006990432739257812,,1.8251137733459473,0.2439892292022705,0.3316957950592041,0.14308857917785645,0.03882026672363281,2.7793869972229004,26.0,26.0,0.0001,10000.0,hydrogen,"['uy','ux','y']","{'x': [3.000003883677304e-06, 4.499999935024933e-06], 'y': [-1.1933807561899595e-05, -1.0543689189500176e-05], 'ux': [-0.00029110490461975794, 0.03524314806999798], 'uy': [-0.11928008349879382, -0.0006498834582366678], 'uz': [-0.03232700306342397, 0.05066728630351054]}",1314937.0
97.0,0.01%,"('ux','uy','uz','x','y')",5.0,GeoIndex,Rtree,File,None,False,True,,0.05808877944946289,0.0006449222564697266,1.7881393432617188e-05,0.0006880760192871094,,1.8886497020721436,0.2559816837310791,0.33075475692749023,0.1451892852783203,0.03900265693664551,2.733029842376709,26.0,26.0,0.0001,10000.0,hydrogen,"['uy','ux','y']","{'x': [3.000003883677304e-06, 4.499999935024933e-06], 'y': [-1.1933807561899595e-05, -1.0543689189500176e-05], 'ux': [-0.00029110490461975794, 0.03524314806999798], 'uy': [-0.11928008349879382, -0.0006498834582366678], 'uz': [-0.03232700306342397, 0.05066728630351054]}",1314937.0
97.0,0.01%,"('ux','uy','uz','x','y')",22.0,GeoIndex,Min-Max,File,None,True,False,True,0.15553879737854004,0.002428293228149414,,,0.0001201629638671875,1.946340560913086,0.24902820587158203,0.05228304862976074,0.15166807174682617,0.03894448280334473,2.629438638687134,26.0,26.0,0.0001,10000.0,hydrogen,"['uy','ux','y']","{'x': [3.000003883677304e-06, 4.499999935024933e-06], 'y': [-1.1933807561899595e-05, -1.0543689189500176e-05], 'ux': [-0.00029110490461975794, 0.03524314806999798], 'uy': [-0.11928008349879382, -0.0006498834582366678], 'uz': [-0.03232700306342397, 0.05066728630351054]}",1314937.0
97.0,0.01%,"('ux','uy','uz','x','y')",23.0,GeoIndex,Rtree,File,None,True,False,True,0.05807685852050781,0.0006499290466308594,,,0.0001201629638671875,1.9025838375091553,0.2499709129333496,0.05298495292663574,0.1543419361114502,0.03988957405090332,2.4713611602783203,26.0,26.0,0.0001,10000.0,hydrogen,"['uy','ux','y']","{'x': [3.000003883677304e-06, 4.499999935024933e-06], 'y': [-1.1933807561899595e-05, -1.0543689189500176e-05], 'ux': [-0.00029110490461975794, 0.03524314806999798], 'uy': [-0.11928008349879382, -0.0006498834582366678], 'uz': [-0.03232700306342397, 0.05066728630351054]}",1314937.0
97.0,0.01%,"('ux','uy','uz','x','y')",24.0,GeoIndex,Min-Max,File,None,False,True,True,0.15706610679626465,0.002397775650024414,1.8358230590820312e-05,0.0006861686706542969,,1.903846263885498,0.25084590911865234,0.0529024600982666,0.15319466590881348,0.03905439376831055,2.593571186065674,26.0,26.0,0.0001,10000.0,hydrogen,"['uy','ux','y']","{'x': [3.000003883677304e-06, 4.499999935024933e-06], 'y': [-1.1933807561899595e-05, -1.0543689189500176e-05], 'ux': [-0.00029110490461975794, 0.03524314806999798], 'uy': [-0.11928008349879382, -0.0006498834582366678], 'uz': [-0.03232700306342397, 0.05066728630351054]}",1314937.0
97.0,0.01%,"('ux','uy','uz','x','y')",25.0,GeoIndex,Rtree,File,None,False,True,True,0.05835080146789551,0.0006508827209472656,1.7642974853515625e-05,0.0006854534149169922,,1.8297102451324463,0.2457561492919922,0.05406832695007324,0.14885449409484863,0.03910660743713379,2.3874707221984863,26.0,26.0,0.0001,10000.0,hydrogen,"['uy','ux','y']","{'x': [3.000003883677304e-06, 4.499999935024933e-06], 'y': [-1.1933807561899595e-05, -1.0543689189500176e-05], 'ux': [-0.00029110490461975794, 0.03524314806999798], 'uy': [-0.11928008349879382, -0.0006498834582366678], 'uz': [-0.03232700306342397, 0.05066728630351054]}",1314937.0
98.0,0.01%,"('ux','uy','uz','x','y')",1.0,Original,,,,,False,,,,,,,1915.9873223304749,420.9698588848114,718.8765273094177,252.6785068511963,11.001394510269165,3329.127291202545,,,9.9e-05,10000.0,hydrogen,"['uy','y','ux']","{'x': [-7.499999013357467e-06, -6.000000193427397e-06], 'y': [1.4675688902960646e-07, 1.3423092319645727e-06], 'ux': [-0.06361660477252304, -0.015114282175604385], 'uy': [-0.006582983827516633, 0.012440182578770054], 'uz': [-0.02601268681929059, 0.026048844064527715]}",1301181.0
98.0,0.01%,"('ux','uy','uz','x','y')",4.0,GeoIndex,Min-Max,File,None,False,True,,0.14181828498840332,0.0021619796752929688,1.8596649169921875e-05,0.0005638599395751953,,2.1167373657226562,0.3406565189361572,0.4481160640716553,0.19476318359375,0.19790077209472656,3.4780330657958984,23.0,23.0,9.9e-05,10000.0,hydrogen,"['uy','y','ux']","{'x': [-7.499999013357467e-06, -6.000000193427397e-06], 'y': [1.4675688902960646e-07, 1.3423092319645727e-06], 'ux': [-0.06361660477252304, -0.015114282175604385], 'uy': [-0.006582983827516633, 0.012440182578770054], 'uz': [-0.02601268681929059, 0.026048844064527715]}",1301181.0
98.0,0.01%,"('ux','uy','uz','x','y')",5.0,GeoIndex,Rtree,File,None,False,True,,0.04673886299133301,0.0002090930938720703,1.6450881958007812e-05,0.0005652904510498047,,2.099170446395874,0.34856438636779785,0.4468531608581543,0.19428133964538574,0.19705700874328613,3.3460991382598877,23.0,23.0,9.9e-05,10000.0,hydrogen,"['uy','y','ux']","{'x': [-7.499999013357467e-06, -6.000000193427397e-06], 'y': [1.4675688902960646e-07, 1.3423092319645727e-06], 'ux': [-0.06361660477252304, -0.015114282175604385], 'uy': [-0.006582983827516633, 0.012440182578770054], 'uz': [-0.02601268681929059, 0.026048844064527715]}",1301181.0
98.0,0.01%,"('ux','uy','uz','x','y')",22.0,GeoIndex,Min-Max,File,None,True,False,True,0.14146018028259277,0.002143383026123047,,,0.00011086463928222656,2.1277976036071777,0.3427278995513916,0.21392083168029785,0.2166445255279541,0.19822001457214355,3.276840925216675,23.0,23.0,9.9e-05,10000.0,hydrogen,"['uy','y','ux']","{'x': [-7.499999013357467e-06, -6.000000193427397e-06], 'y': [1.4675688902960646e-07, 1.3423092319645727e-06], 'ux': [-0.06361660477252304, -0.015114282175604385], 'uy': [-0.006582983827516633, 0.012440182578770054], 'uz': [-0.02601268681929059, 0.026048844064527715]}",1301181.0
98.0,0.01%,"('ux','uy','uz','x','y')",23.0,GeoIndex,Rtree,File,None,True,False,True,0.04678082466125488,0.0002124309539794922,,,0.00010991096496582031,2.0715768337249756,0.3422513008117676,0.21414685249328613,0.20992016792297363,0.1972188949584961,3.093989610671997,23.0,23.0,9.9e-05,10000.0,hydrogen,"['uy','y','ux']","{'x': [-7.499999013357467e-06, -6.000000193427397e-06], 'y': [1.4675688902960646e-07, 1.3423092319645727e-06], 'ux': [-0.06361660477252304, -0.015114282175604385], 'uy': [-0.006582983827516633, 0.012440182578770054], 'uz': [-0.02601268681929059, 0.026048844064527715]}",1301181.0
98.0,0.01%,"('ux','uy','uz','x','y')",24.0,GeoIndex,Min-Max,File,None,False,True,True,0.14371538162231445,0.002205371856689453,1.71661376953125e-05,0.0005707740783691406,,2.2480597496032715,0.3568143844604492,0.21455955505371094,0.217940092086792,0.1987767219543457,3.416487216949463,23.0,23.0,9.9e-05,10000.0,hydrogen,"['uy','y','ux']","{'x': [-7.499999013357467e-06, -6.000000193427397e-06], 'y': [1.4675688902960646e-07, 1.3423092319645727e-06], 'ux': [-0.06361660477252304, -0.015114282175604385], 'uy': [-0.006582983827516633, 0.012440182578770054], 'uz': [-0.02601268681929059, 0.026048844064527715]}",1301181.0
98.0,0.01%,"('ux','uy','uz','x','y')",25.0,GeoIndex,Rtree,File,None,False,True,True,0.046770572662353516,0.00020956993103027344,1.71661376953125e-05,0.0005559921264648438,,2.097025156021118,0.3441200256347656,0.21378755569458008,0.20900177955627441,0.19746637344360352,3.1206955909729004,23.0,23.0,9.9e-05,10000.0,hydrogen,"['uy','y','ux']","{'x': [-7.499999013357467e-06, -6.000000193427397e-06], 'y': [1.4675688902960646e-07, 1.3423092319645727e-06], 'ux': [-0.06361660477252304, -0.015114282175604385], 'uy': [-0.006582983827516633, 0.012440182578770054], 'uz': [-0.02601268681929059, 0.026048844064527715]}",1301181.0
99.0,0.01%,"('ux','uy','uz','x','y')",1.0,Original,,,,,False,,,,,,,2001.500902891159,511.4505956172943,1011.6767981052399,220.51952981948853,10.83182668685913,3767.0135095119476,,,9.9e-05,10000.0,hydrogen,"['x','uz','uy','ux']","{'x': [-2.7933365406199104e-06, -1.8422712156110542e-06], 'y': [1.5000002612202557e-06, 2.9999987264747987e-06], 'ux': [-0.05545027623810078, 0.026225926753175935], 'uy': [0.007609282747057737, 0.06399229021079439], 'uz': [-0.06277674049580442, 0.035390281977533154]}",1303887.0
99.0,0.01%,"('ux','uy','uz','x','y')",4.0,GeoIndex,Min-Max,File,None,False,True,,0.15399765968322754,0.002401590347290039,2.2172927856445312e-05,0.0010385513305664062,,2.2837204933166504,0.2719085216522217,0.36477065086364746,0.1674807071685791,0.11594414710998535,3.398261070251465,36.0,36.0,9.9e-05,10000.0,hydrogen,"['x','uz','uy','ux']","{'x': [-2.7933365406199104e-06, -1.8422712156110542e-06], 'y': [1.5000002612202557e-06, 2.9999987264747987e-06], 'ux': [-0.05545027623810078, 0.026225926753175935], 'uy': [0.007609282747057737, 0.06399229021079439], 'uz': [-0.06277674049580442, 0.035390281977533154]}",1303887.0
99.0,0.01%,"('ux','uy','uz','x','y')",5.0,GeoIndex,Rtree,File,None,False,True,,0.05077719688415527,0.0002334117889404297,2.1219253540039062e-05,0.0010030269622802734,,2.271921157836914,0.28033947944641113,0.3732566833496094,0.18648862838745117,0.12352156639099121,3.3002607822418213,36.0,36.0,9.9e-05,10000.0,hydrogen,"['x','uz','uy','ux']","{'x': [-2.7933365406199104e-06, -1.8422712156110542e-06], 'y': [1.5000002612202557e-06, 2.9999987264747987e-06], 'ux': [-0.05545027623810078, 0.026225926753175935], 'uy': [0.007609282747057737, 0.06399229021079439], 'uz': [-0.06277674049580442, 0.035390281977533154]}",1303887.0
99.0,0.01%,"('ux','uy','uz','x','y')",22.0,GeoIndex,Min-Max,File,None,True,False,True,0.1532151699066162,0.0023713111877441406,,,0.00016164779663085938,2.4225237369537354,0.28603172302246094,0.1297612190246582,0.1912086009979248,0.12243533134460449,3.341334581375122,36.0,36.0,9.9e-05,10000.0,hydrogen,"['x','uz','uy','ux']","{'x': [-2.7933365406199104e-06, -1.8422712156110542e-06], 'y': [1.5000002612202557e-06, 2.9999987264747987e-06], 'ux': [-0.05545027623810078, 0.026225926753175935], 'uy': [0.007609282747057737, 0.06399229021079439], 'uz': [-0.06277674049580442, 0.035390281977533154]}",1303887.0
99.0,0.01%,"('ux','uy','uz','x','y')",23.0,GeoIndex,Rtree,File,None,True,False,True,0.0507352352142334,0.00022482872009277344,,,0.00016045570373535156,2.264143466949463,0.2874748706817627,0.1329348087310791,0.1739046573638916,0.1170647144317627,3.0361576080322266,36.0,36.0,9.9e-05,10000.0,hydrogen,"['x','uz','uy','ux']","{'x': [-2.7933365406199104e-06, -1.8422712156110542e-06], 'y': [1.5000002612202557e-06, 2.9999987264747987e-06], 'ux': [-0.05545027623810078, 0.026225926753175935], 'uy': [0.007609282747057737, 0.06399229021079439], 'uz': [-0.06277674049580442, 0.035390281977533154]}",1303887.0
99.0,0.01%,"('ux','uy','uz','x','y')",24.0,GeoIndex,Min-Max,File,None,False,True,True,0.15287518501281738,0.002427339553833008,2.1219253540039062e-05,0.0010194778442382812,,2.39985990524292,0.28394579887390137,0.13038396835327148,0.17407631874084473,0.11613249778747559,3.2945780754089355,36.0,36.0,9.9e-05,10000.0,hydrogen,"['x','uz','uy','ux']","{'x': [-2.7933365406199104e-06, -1.8422712156110542e-06], 'y': [1.5000002612202557e-06, 2.9999987264747987e-06], 'ux': [-0.05545027623810078, 0.026225926753175935], 'uy': [0.007609282747057737, 0.06399229021079439], 'uz': [-0.06277674049580442, 0.035390281977533154]}",1303887.0
99.0,0.01%,"('ux','uy','uz','x','y')",25.0,GeoIndex,Rtree,File,None,False,True,True,0.05071282386779785,0.000225067138671875,1.9550323486328125e-05,0.0010404586791992188,,2.2673699855804443,0.2892887592315674,0.1333942413330078,0.1682145595550537,0.1188812255859375,3.038785934448242,36.0,36.0,9.9e-05,10000.0,hydrogen,"['x','uz','uy','ux']","{'x': [-2.7933365406199104e-06, -1.8422712156110542e-06], 'y': [1.5000002612202557e-06, 2.9999987264747987e-06], 'ux': [-0.05545027623810078, 0.026225926753175935], 'uy': [0.007609282747057737, 0.06399229021079439], 'uz': [-0.06277674049580442, 0.035390281977533154]}",1303887.0
100.0,0.01%,"('ux','uy','uz','x','y')",1.0,Original,,,,,False,,,,,,,1905.261636018753,494.32786893844604,689.2842960357666,149.46681261062622,9.09963870048523,3257.6279838085175,,,0.000101,10000.0,hydrogen,"['uz','ux','y']","{'x': [-1.4999996407850183e-06, -5.542024385199007e-13], 'y': [4.642160551695458e-06, 5.8139241890737206e-06], 'ux': [-0.000468923988905812, 0.00012159055597469405], 'uy': [-0.002845657308613871, -0.001725139347581766], 'uz': [-0.0024373647028696215, -0.0018538754657851588]}",1320037.0
100.0,0.01%,"('ux','uy','uz','x','y')",4.0,GeoIndex,Min-Max,File,None,False,True,,0.11478757858276367,0.0020318031311035156,1.811981201171875e-05,0.0005879402160644531,,2.7891666889190674,0.5249531269073486,0.6743879318237305,0.3991425037384033,0.05256390571594238,4.59442663192749,25.0,25.0,0.000101,10000.0,hydrogen,"['uz','ux','y']","{'x': [-1.4999996407850183e-06, -5.542024385199007e-13], 'y': [4.642160551695458e-06, 5.8139241890737206e-06], 'ux': [-0.000468923988905812, 0.00012159055597469405], 'uy': [-0.002845657308613871, -0.001725139347581766], 'uz': [-0.0024373647028696215, -0.0018538754657851588]}",1320037.0
100.0,0.01%,"('ux','uy','uz','x','y')",5.0,GeoIndex,Rtree,File,None,False,True,,0.046338558197021484,0.0002048015594482422,1.7404556274414062e-05,0.0005881786346435547,,2.76019287109375,0.5637290477752686,0.65785813331604,0.3873105049133301,0.05922865867614746,4.494987487792969,25.0,25.0,0.000101,10000.0,hydrogen,"['uz','ux','y']","{'x': [-1.4999996407850183e-06, -5.542024385199007e-13], 'y': [4.642160551695458e-06, 5.8139241890737206e-06], 'ux': [-0.000468923988905812, 0.00012159055597469405], 'uy': [-0.002845657308613871, -0.001725139347581766], 'uz': [-0.0024373647028696215, -0.0018538754657851588]}",1320037.0
100.0,0.01%,"('ux','uy','uz','x','y')",22.0,GeoIndex,Min-Max,File,None,True,False,True,0.11393475532531738,0.0020246505737304688,,,0.00011968612670898438,2.770918607711792,0.5174126625061035,0.06835412979125977,0.38660764694213867,0.058951616287231445,3.9488744735717773,25.0,25.0,0.000101,10000.0,hydrogen,"['uz','ux','y']","{'x': [-1.4999996407850183e-06, -5.542024385199007e-13], 'y': [4.642160551695458e-06, 5.8139241890737206e-06], 'ux': [-0.000468923988905812, 0.00012159055597469405], 'uy': [-0.002845657308613871, -0.001725139347581766], 'uz': [-0.0024373647028696215, -0.0018538754657851588]}",1320037.0
100.0,0.01%,"('ux','uy','uz','x','y')",23.0,GeoIndex,Rtree,File,None,True,False,True,0.046692609786987305,0.00020575523376464844,,,0.000118255615234375,2.810969352722168,0.5203392505645752,0.06915450096130371,0.3955552577972412,0.059770822525024414,3.9175055027008057,25.0,25.0,0.000101,10000.0,hydrogen,"['uz','ux','y']","{'x': [-1.4999996407850183e-06, -5.542024385199007e-13], 'y': [4.642160551695458e-06, 5.8139241890737206e-06], 'ux': [-0.000468923988905812, 0.00012159055597469405], 'uy': [-0.002845657308613871, -0.001725139347581766], 'uz': [-0.0024373647028696215, -0.0018538754657851588]}",1320037.0
100.0,0.01%,"('ux','uy','uz','x','y')",24.0,GeoIndex,Min-Max,File,None,False,True,True,0.1139523983001709,0.002044677734375,1.811981201171875e-05,0.0005927085876464844,,2.8250482082366943,0.5549116134643555,0.07823896408081055,0.41518497467041016,0.05769968032836914,4.078784942626953,25.0,25.0,0.000101,10000.0,hydrogen,"['uz','ux','y']","{'x': [-1.4999996407850183e-06, -5.542024385199007e-13], 'y': [4.642160551695458e-06, 5.8139241890737206e-06], 'ux': [-0.000468923988905812, 0.00012159055597469405], 'uy': [-0.002845657308613871, -0.001725139347581766], 'uz': [-0.0024373647028696215, -0.0018538754657851588]}",1320037.0
100.0,0.01%,"('ux','uy','uz','x','y')",25.0,GeoIndex,Rtree,File,None,False,True,True,0.04625129699707031,0.00020575523376464844,1.6689300537109375e-05,0.0006175041198730469,,2.751192808151245,0.5585987567901611,0.07697606086730957,0.389772891998291,0.056946516036987305,3.8955676555633545,25.0,25.0,0.000101,10000.0,hydrogen,"['uz','ux','y']","{'x': [-1.4999996407850183e-06, -5.542024385199007e-13], 'y': [4.642160551695458e-06, 5.8139241890737206e-06], 'ux': [-0.000468923988905812, 0.00012159055597469405], 'uy': [-0.002845657308613871, -0.001725139347581766], 'uz': [-0.0024373647028696215, -0.0018538754657851588]}",1320037.0
101.0,0.01%,"('ux','uy','uz','x','y')",1.0,Original,,,,,False,,,,,,,1919.4185926914215,441.6350431442261,663.523597240448,145.81061100959778,11.28187870979309,3192.042629480362,,,9.9e-05,10000.0,hydrogen,"['ux','y','x','uy']","{'x': [1.5187474151242455e-06, 2.7577614993001888e-06], 'y': [-1.0241380852616509e-05, -9.000226594244643e-06], 'ux': [-0.0003720710321663663, 0.033838456707399836], 'uy': [-0.11109855006910126, -0.0005125759911905753], 'uz': [-0.02927138601841531, 0.021273918318034837]}",1301796.0
101.0,0.01%,"('ux','uy','uz','x','y')",4.0,GeoIndex,Min-Max,File,None,False,True,,0.15198493003845215,0.002335786819458008,1.8596649169921875e-05,0.0006842613220214844,,2.2557637691497803,0.35152268409729004,0.45867419242858887,0.2079784870147705,0.0705716609954834,3.5378711223602295,26.0,26.0,9.9e-05,10000.0,hydrogen,"['ux','y','x','uy']","{'x': [1.5187474151242455e-06, 2.7577614993001888e-06], 'y': [-1.0241380852616509e-05, -9.000226594244643e-06], 'ux': [-0.0003720710321663663, 0.033838456707399836], 'uy': [-0.11109855006910126, -0.0005125759911905753], 'uz': [-0.02927138601841531, 0.021273918318034837]}",1301796.0
101.0,0.01%,"('ux','uy','uz','x','y')",5.0,GeoIndex,Rtree,File,None,False,True,,0.05758309364318848,0.0006556510925292969,1.7642974853515625e-05,0.0006871223449707031,,2.3428335189819336,0.34511613845825195,0.45530104637145996,0.20727872848510742,0.0704953670501709,3.495426654815674,26.0,26.0,9.9e-05,10000.0,hydrogen,"['ux','y','x','uy']","{'x': [1.5187474151242455e-06, 2.7577614993001888e-06], 'y': [-1.0241380852616509e-05, -9.000226594244643e-06], 'ux': [-0.0003720710321663663, 0.033838456707399836], 'uy': [-0.11109855006910126, -0.0005125759911905753], 'uz': [-0.02927138601841531, 0.021273918318034837]}",1301796.0
101.0,0.01%,"('ux','uy','uz','x','y')",22.0,GeoIndex,Min-Max,File,None,True,False,True,0.15421748161315918,0.002342700958251953,,,0.0001232624053955078,2.227851629257202,0.3314788341522217,0.08793091773986816,0.2107396125793457,0.07039380073547363,3.1216580867767334,26.0,26.0,9.9e-05,10000.0,hydrogen,"['ux','y','x','uy']","{'x': [1.5187474151242455e-06, 2.7577614993001888e-06], 'y': [-1.0241380852616509e-05, -9.000226594244643e-06], 'ux': [-0.0003720710321663663, 0.033838456707399836], 'uy': [-0.11109855006910126, -0.0005125759911905753], 'uz': [-0.02927138601841531, 0.021273918318034837]}",1301796.0
101.0,0.01%,"('ux','uy','uz','x','y')",23.0,GeoIndex,Rtree,File,None,True,False,True,0.05767321586608887,0.0006561279296875,,,0.00012087821960449219,2.2530977725982666,0.3447713851928711,0.08960175514221191,0.2197880744934082,0.07009649276733398,3.050482749938965,26.0,26.0,9.9e-05,10000.0,hydrogen,"['ux','y','x','uy']","{'x': [1.5187474151242455e-06, 2.7577614993001888e-06], 'y': [-1.0241380852616509e-05, -9.000226594244643e-06], 'ux': [-0.0003720710321663663, 0.033838456707399836], 'uy': [-0.11109855006910126, -0.0005125759911905753], 'uz': [-0.02927138601841531, 0.021273918318034837]}",1301796.0
101.0,0.01%,"('ux','uy','uz','x','y')",24.0,GeoIndex,Min-Max,File,None,False,True,True,0.15361452102661133,0.0023241043090820312,1.7404556274414062e-05,0.0006618499755859375,,2.3098623752593994,0.332385778427124,0.08688831329345703,0.20740389823913574,0.06948590278625488,3.1992223262786865,26.0,26.0,9.9e-05,10000.0,hydrogen,"['ux','y','x','uy']","{'x': [1.5187474151242455e-06, 2.7577614993001888e-06], 'y': [-1.0241380852616509e-05, -9.000226594244643e-06], 'ux': [-0.0003720710321663663, 0.033838456707399836], 'uy': [-0.11109855006910126, -0.0005125759911905753], 'uz': [-0.02927138601841531, 0.021273918318034837]}",1301796.0
101.0,0.01%,"('ux','uy','uz','x','y')",25.0,GeoIndex,Rtree,File,None,False,True,True,0.05724167823791504,0.0006430149078369141,1.811981201171875e-05,0.000652313232421875,,2.285911798477173,0.354813814163208,0.08895254135131836,0.21987104415893555,0.07053709030151367,3.093031406402588,26.0,26.0,9.9e-05,10000.0,hydrogen,"['ux','y','x','uy']","{'x': [1.5187474151242455e-06, 2.7577614993001888e-06], 'y': [-1.0241380852616509e-05, -9.000226594244643e-06], 'ux': [-0.0003720710321663663, 0.033838456707399836], 'uy': [-0.11109855006910126, -0.0005125759911905753], 'uz': [-0.02927138601841531, 0.021273918318034837]}",1301796.0
102.0,0.01%,"('ux','uy','uz','x','y')",1.0,Original,,,,,False,,,,,,,1951.819099187851,549.0276427268982,1052.3106269836426,170.93496966362,8.103484630584717,3743.329703807831,,,0.0001,10000.0,hydrogen,"['uy','y','uz']","{'x': [9.000000188040232e-06, 1.049999897329498e-05], 'y': [4.500000246252166e-06, 5.579707326388885e-06], 'ux': [-0.01825896088336649, -0.01304829142216482], 'uy': [-0.006233755550590273, -0.0031276723059291854], 'uz': [0.0160099748131335, 0.018582133820398243]}",1002292.0
102.0,0.01%,"('ux','uy','uz','x','y')",4.0,GeoIndex,Min-Max,File,None,False,True,,0.0933837890625,0.0019116401672363281,1.0251998901367188e-05,4.696846008300781e-05,,0.5237445831298828,0.06298351287841797,0.04887866973876953,0.025233030319213867,0.012807846069335938,0.7892966270446777,3.0,3.0,0.0001,10000.0,hydrogen,"['uy','y','uz']","{'x': [9.000000188040232e-06, 1.049999897329498e-05], 'y': [4.500000246252166e-06, 5.579707326388885e-06], 'ux': [-0.01825896088336649, -0.01304829142216482], 'uy': [-0.006233755550590273, -0.0031276723059291854], 'uz': [0.0160099748131335, 0.018582133820398243]}",1002292.0
102.0,0.01%,"('ux','uy','uz','x','y')",5.0,GeoIndex,Rtree,File,None,False,True,,0.04048562049865723,0.0001800060272216797,9.5367431640625e-06,4.410743713378906e-05,,0.5136480331420898,0.05983734130859375,0.05472207069396973,0.024931669235229492,0.012678384780883789,0.7135534286499023,3.0,3.0,0.0001,10000.0,hydrogen,"['uy','y','uz']","{'x': [9.000000188040232e-06, 1.049999897329498e-05], 'y': [4.500000246252166e-06, 5.579707326388885e-06], 'ux': [-0.01825896088336649, -0.01304829142216482], 'uy': [-0.006233755550590273, -0.0031276723059291854], 'uz': [0.0160099748131335, 0.018582133820398243]}",1002292.0
102.0,0.01%,"('ux','uy','uz','x','y')",22.0,GeoIndex,Min-Max,File,None,True,False,True,0.09206604957580566,0.001893758773803711,,,3.0994415283203125e-05,0.5367846488952637,0.06039237976074219,0.025017738342285156,0.02462172508239746,0.016937255859375,0.7770326137542725,3.0,3.0,0.0001,10000.0,hydrogen,"['uy','y','uz']","{'x': [9.000000188040232e-06, 1.049999897329498e-05], 'y': [4.500000246252166e-06, 5.579707326388885e-06], 'ux': [-0.01825896088336649, -0.01304829142216482], 'uy': [-0.006233755550590273, -0.0031276723059291854], 'uz': [0.0160099748131335, 0.018582133820398243]}",1002292.0
102.0,0.01%,"('ux','uy','uz','x','y')",23.0,GeoIndex,Rtree,File,None,True,False,True,0.04086875915527344,0.00017642974853515625,,,2.7418136596679688e-05,0.5305559635162354,0.06033158302307129,0.025043964385986328,0.02628183364868164,0.019762039184570312,0.7101562023162842,3.0,3.0,0.0001,10000.0,hydrogen,"['uy','y','uz']","{'x': [9.000000188040232e-06, 1.049999897329498e-05], 'y': [4.500000246252166e-06, 5.579707326388885e-06], 'ux': [-0.01825896088336649, -0.01304829142216482], 'uy': [-0.006233755550590273, -0.0031276723059291854], 'uz': [0.0160099748131335, 0.018582133820398243]}",1002292.0
102.0,0.01%,"('ux','uy','uz','x','y')",24.0,GeoIndex,Min-Max,File,None,False,True,True,0.09282135963439941,0.001897573471069336,9.5367431640625e-06,4.458427429199219e-05,,0.5375995635986328,0.05974149703979492,0.025120258331298828,0.026079177856445312,0.01967453956604004,0.7827980518341064,3.0,3.0,0.0001,10000.0,hydrogen,"['uy','y','uz']","{'x': [9.000000188040232e-06, 1.049999897329498e-05], 'y': [4.500000246252166e-06, 5.579707326388885e-06], 'ux': [-0.01825896088336649, -0.01304829142216482], 'uy': [-0.006233755550590273, -0.0031276723059291854], 'uz': [0.0160099748131335, 0.018582133820398243]}",1002292.0
102.0,0.01%,"('ux','uy','uz','x','y')",25.0,GeoIndex,Rtree,File,None,False,True,True,0.04059767723083496,0.0001800060272216797,8.106231689453125e-06,4.4345855712890625e-05,,0.5256092548370361,0.06093883514404297,0.025210857391357422,0.026226043701171875,0.01930379867553711,0.7054703235626221,3.0,3.0,0.0001,10000.0,hydrogen,"['uy','y','uz']","{'x': [9.000000188040232e-06, 1.049999897329498e-05], 'y': [4.500000246252166e-06, 5.579707326388885e-06], 'ux': [-0.01825896088336649, -0.01304829142216482], 'uy': [-0.006233755550590273, -0.0031276723059291854], 'uz': [0.0160099748131335, 0.018582133820398243]}",1002292.0
103.0,0.01%,"('ux','uy','uz','x','y')",1.0,Original,,,,,False,,,,,,,1896.7829172611237,492.9497103691101,690.5214858055115,147.8932557106018,11.49191951751709,3249.628446340561,,,0.0001,10000.0,hydrogen,"['ux','x','uy','y','uz']","{'x': [8.412075959538766e-06, 1.1087922437816761e-05], 'y': [-6.2735940331265774e-06, -4.178316694835481e-06], 'ux': [0.008978365828980796, 0.053757485147893906], 'uy': [-0.006303859602068276, -0.0007745162561862882], 'uz': [0.058340672327939824, 0.11565305764123648]}",1249464.0
103.0,0.01%,"('ux','uy','uz','x','y')",4.0,GeoIndex,Min-Max,File,None,False,True,,0.10300588607788086,0.003740549087524414,3.0994415283203125e-05,0.001651763916015625,,3.959709882736206,0.523108959197998,0.7408425807952881,0.42987585067749023,0.06282639503479004,5.859004259109497,57.0,54.0,0.0001,10000.0,hydrogen,"['ux','x','uy','y','uz']","{'x': [8.412075959538766e-06, 1.1087922437816761e-05], 'y': [-6.2735940331265774e-06, -4.178316694835481e-06], 'ux': [0.008978365828980796, 0.053757485147893906], 'uy': [-0.006303859602068276, -0.0007745162561862882], 'uz': [0.058340672327939824, 0.11565305764123648]}",1249464.0
103.0,0.01%,"('ux','uy','uz','x','y')",5.0,GeoIndex,Rtree,File,None,False,True,,0.03819131851196289,0.0004901885986328125,2.86102294921875e-05,0.0016787052154541016,,3.895660400390625,0.5279839038848877,0.7369117736816406,0.4288601875305176,0.06063103675842285,5.709692001342773,57.0,54.0,0.0001,10000.0,hydrogen,"['ux','x','uy','y','uz']","{'x': [8.412075959538766e-06, 1.1087922437816761e-05], 'y': [-6.2735940331265774e-06, -4.178316694835481e-06], 'ux': [0.008978365828980796, 0.053757485147893906], 'uy': [-0.006303859602068276, -0.0007745162561862882], 'uz': [0.058340672327939824, 0.11565305764123648]}",1249464.0
103.0,0.01%,"('ux','uy','uz','x','y')",22.0,GeoIndex,Min-Max,File,None,True,False,True,0.10358786582946777,0.003723621368408203,,,0.0002524852752685547,3.9040350914001465,0.5266463756561279,0.07763171195983887,0.42723536491394043,0.06397581100463867,5.135119676589966,57.0,57.0,0.0001,10000.0,hydrogen,"['ux','x','uy','y','uz']","{'x': [8.412075959538766e-06, 1.1087922437816761e-05], 'y': [-6.2735940331265774e-06, -4.178316694835481e-06], 'ux': [0.008978365828980796, 0.053757485147893906], 'uy': [-0.006303859602068276, -0.0007745162561862882], 'uz': [0.058340672327939824, 0.11565305764123648]}",1249464.0
103.0,0.01%,"('ux','uy','uz','x','y')",23.0,GeoIndex,Rtree,File,None,True,False,True,0.03836464881896973,0.0005266666412353516,,,0.0002474784851074219,3.991426944732666,0.5446727275848389,0.07861638069152832,0.44162678718566895,0.06515026092529297,5.174676179885864,57.0,57.0,0.0001,10000.0,hydrogen,"['ux','x','uy','y','uz']","{'x': [8.412075959538766e-06, 1.1087922437816761e-05], 'y': [-6.2735940331265774e-06, -4.178316694835481e-06], 'ux': [0.008978365828980796, 0.053757485147893906], 'uy': [-0.006303859602068276, -0.0007745162561862882], 'uz': [0.058340672327939824, 0.11565305764123648]}",1249464.0
103.0,0.01%,"('ux','uy','uz','x','y')",24.0,GeoIndex,Min-Max,File,None,False,True,True,0.10394835472106934,0.003676891326904297,3.075599670410156e-05,0.0016429424285888672,,3.851637601852417,0.5252182483673096,0.07790851593017578,0.4186837673187256,0.06316566467285156,5.074284553527832,57.0,54.0,0.0001,10000.0,hydrogen,"['ux','x','uy','y','uz']","{'x': [8.412075959538766e-06, 1.1087922437816761e-05], 'y': [-6.2735940331265774e-06, -4.178316694835481e-06], 'ux': [0.008978365828980796, 0.053757485147893906], 'uy': [-0.006303859602068276, -0.0007745162561862882], 'uz': [0.058340672327939824, 0.11565305764123648]}",1249464.0
103.0,0.01%,"('ux','uy','uz','x','y')",25.0,GeoIndex,Rtree,File,None,False,True,True,0.038392066955566406,0.0004942417144775391,2.8133392333984375e-05,0.0016524791717529297,,3.849961280822754,0.5172562599182129,0.07676577568054199,0.41799378395080566,0.061611175537109375,4.978134870529175,57.0,54.0,0.0001,10000.0,hydrogen,"['ux','x','uy','y','uz']","{'x': [8.412075959538766e-06, 1.1087922437816761e-05], 'y': [-6.2735940331265774e-06, -4.178316694835481e-06], 'ux': [0.008978365828980796, 0.053757485147893906], 'uy': [-0.006303859602068276, -0.0007745162561862882], 'uz': [0.058340672327939824, 0.11565305764123648]}",1249464.0
0.0,0.01%,"('ux',)",2.0,GeoIndex,Min-Max,File,None,True,False,,0.028316497802734375,,,,0.023543596267700195,127.68321800231934,18.046244144439697,41.77590894699097,13.71943998336792,1.478426218032837,204.25712704658508,5782.0,5782.0,0.0001,10000.0,hydrogen,{'ux'},"{'ux': [0.0020060175234549965, 0.0020083499991353343]}",1314529.0
0.0,0.01%,"('ux',)",3.0,GeoIndex,Rtree,File,None,True,False,,0.038784027099609375,,,,0.023366928100585938,103.9371325969696,17.97822618484497,45.05217957496643,14.108207702636719,1.515031099319458,184.2145812511444,5782.0,5782.0,0.0001,10000.0,hydrogen,{'ux'},"{'ux': [0.0020060175234549965, 0.0020083499991353343]}",1314529.0
0.0,0.01%,"('ux',)",4.0,GeoIndex,Min-Max,File,None,False,True,,0.02811884880065918,,0.0023233890533447266,0.36544108390808105,,85.09001326560974,19.87369704246521,39.854053020477295,12.85382890701294,1.4538042545318604,160.99414014816284,5782.0,2899.0,0.0001,10000.0,hydrogen,{'ux'},"{'ux': [0.0020060175234549965, 0.0020083499991353343]}",1314529.0
0.0,0.01%,"('ux',)",5.0,GeoIndex,Rtree,File,None,False,True,,0.03992414474487305,,0.002336740493774414,0.3671543598175049,,86.0299928188324,19.170571088790894,39.6161572933197,12.78299331665039,1.4492290019989014,160.92509174346924,5782.0,2899.0,0.0001,10000.0,hydrogen,{'ux'},"{'ux': [0.0020060175234549965, 0.0020083499991353343]}",1314529.0
1.0,0.01%,"('ux',)",2.0,GeoIndex,Min-Max,File,None,True,False,,0.036956787109375,,,,0.03262972831726074,149.78243017196655,26.104228734970093,232.2729513645172,34.223692417144775,2.0143349170684814,447.1260597705841,8040.0,8040.0,0.000101,10000.0,hydrogen,{'ux'},"{'ux': [-0.0001250131190829324, -0.0001247448569633433]}",1322049.0
1.0,0.01%,"('ux',)",3.0,GeoIndex,Rtree,File,None,True,False,,0.04827404022216797,,,,0.03241848945617676,131.22175526618958,25.680487394332886,58.42115640640259,19.276145219802856,2.3330237865448,239.03889775276184,8040.0,8040.0,0.000101,10000.0,hydrogen,{'ux'},"{'ux': [-0.0001250131190829324, -0.0001247448569633433]}",1322049.0
1.0,0.01%,"('ux',)",4.0,GeoIndex,Min-Max,File,None,False,True,,0.03646516799926758,,0.0028955936431884766,0.47604942321777344,,100.94942164421082,37.37000823020935,57.523826360702515,18.815648078918457,2.3063297271728516,219.4741976261139,8040.0,2001.0,0.000101,10000.0,hydrogen,{'ux'},"{'ux': [-0.0001250131190829324, -0.0001247448569633433]}",1322049.0
1.0,0.01%,"('ux',)",5.0,GeoIndex,Rtree,File,None,False,True,,0.0470433235168457,,0.0029053688049316406,0.4890742301940918,,104.49484872817993,38.82567262649536,59.0051691532135,19.75064730644226,2.3507988452911377,227.02308702468872,8040.0,2001.0,0.000101,10000.0,hydrogen,{'ux'},"{'ux': [-0.0001250131190829324, -0.0001247448569633433]}",1322049.0
2.0,0.01%,"('ux',)",2.0,GeoIndex,Min-Max,File,None,True,False,,0.034473419189453125,,,,0.029571533203125,133.45485043525696,43.52229905128479,63.15322756767273,30.967296361923218,1.8489811420440674,274.9317181110382,7303.0,7303.0,0.000101,10000.0,hydrogen,{'ux'},"{'ux': [-0.00034973556361099354, -0.0003487858703561555]}",1322251.0
2.0,0.01%,"('ux',)",3.0,GeoIndex,Rtree,File,None,True,False,,0.044031381607055664,,,,0.02946949005126953,120.58588123321533,22.064919233322144,51.32317042350769,15.751053094863892,1.7789218425750732,213.38339829444885,7303.0,7303.0,0.000101,10000.0,hydrogen,{'ux'},"{'ux': [-0.00034973556361099354, -0.0003487858703561555]}",1322251.0
2.0,0.01%,"('ux',)",4.0,GeoIndex,Min-Max,File,None,False,True,,0.034441232681274414,,0.002753734588623047,0.44936347007751465,,102.95740962028503,31.92180871963501,56.07461142539978,16.007662296295166,1.7677950859069824,211.02667617797852,7303.0,2595.0,0.000101,10000.0,hydrogen,{'ux'},"{'ux': [-0.00034973556361099354, -0.0003487858703561555]}",1322251.0
2.0,0.01%,"('ux',)",5.0,GeoIndex,Rtree,File,None,False,True,,0.04430246353149414,,0.0026924610137939453,0.44576597213745117,,97.89565849304199,28.35720181465149,50.82209515571594,15.519234657287598,1.7588145732879639,196.6445734500885,7303.0,2595.0,0.000101,10000.0,hydrogen,{'ux'},"{'ux': [-0.00034973556361099354, -0.0003487858703561555]}",1322251.0
3.0,0.01%,"('ux',)",2.0,GeoIndex,Min-Max,File,None,True,False,,0.02868056297302246,,,,0.024141311645507812,104.52157545089722,27.95985221862793,63.611143350601196,13.420292854309082,1.4947686195373535,212.56579566001892,5923.0,5923.0,0.0001,10000.0,hydrogen,{'ux'},"{'ux': [-0.001767449152699899, -0.0017656660950037396]}",1306886.0
3.0,0.01%,"('ux',)",3.0,GeoIndex,Rtree,File,None,True,False,,0.039038896560668945,,,,0.02391958236694336,106.9809033870697,17.398703813552856,41.45451736450195,13.387840509414673,1.5023324489593506,182.30226755142212,5923.0,5923.0,0.0001,10000.0,hydrogen,{'ux'},"{'ux': [-0.001767449152699899, -0.0017656660950037396]}",1306886.0
3.0,0.01%,"('ux',)",4.0,GeoIndex,Min-Max,File,None,False,True,,0.028657913208007812,,0.002387523651123047,0.3607785701751709,,87.75705003738403,21.660417795181274,41.5070366859436,13.21546483039856,1.4826910495758057,167.5380458831787,5923.0,2935.0,0.0001,10000.0,hydrogen,{'ux'},"{'ux': [-0.001767449152699899, -0.0017656660950037396]}",1306886.0
3.0,0.01%,"('ux',)",5.0,GeoIndex,Rtree,File,None,False,True,,0.039458513259887695,,0.0024175643920898438,0.35991334915161133,,89.0539276599884,22.949491262435913,43.36544919013977,14.829596519470215,1.5527262687683105,173.78031849861145,5923.0,2935.0,0.0001,10000.0,hydrogen,{'ux'},"{'ux': [-0.001767449152699899, -0.0017656660950037396]}",1306886.0
4.0,0.01%,"('ux',)",2.0,GeoIndex,Min-Max,File,None,True,False,,0.024285554885864258,,,,0.01975083351135254,89.35940837860107,13.98549199104309,31.228067636489868,11.510623693466187,1.2179391384124756,148.61143565177917,4814.0,4814.0,9.9e-05,10000.0,hydrogen,{'ux'},"{'ux': [0.005230916626808452, 0.0052366000498427915]}",1301372.0
4.0,0.01%,"('ux',)",3.0,GeoIndex,Rtree,File,None,True,False,,0.034544944763183594,,,,0.01999950408935547,86.99331259727478,14.65729308128357,31.09967041015625,13.003234624862671,1.258204698562622,148.35992741584778,4814.0,4814.0,9.9e-05,10000.0,hydrogen,{'ux'},"{'ux': [0.005230916626808452, 0.0052366000498427915]}",1301372.0
4.0,0.01%,"('ux',)",4.0,GeoIndex,Min-Max,File,None,False,True,,0.024258852005004883,,0.0019788742065429688,0.3068053722381592,,71.56976437568665,15.391637563705444,31.07436490058899,10.83424162864685,1.2048938274383545,131.61887907981873,4814.0,2559.0,9.9e-05,10000.0,hydrogen,{'ux'},"{'ux': [0.005230916626808452, 0.0052366000498427915]}",1301372.0
4.0,0.01%,"('ux',)",5.0,GeoIndex,Rtree,File,None,False,True,,0.03466320037841797,,0.0019822120666503906,0.3104524612426758,,71.61940312385559,15.362088918685913,29.67809224128723,10.648375749588013,1.2071912288665771,130.0708246231079,4814.0,2559.0,9.9e-05,10000.0,hydrogen,{'ux'},"{'ux': [0.005230916626808452, 0.0052366000498427915]}",1301372.0
5.0,0.01%,"('ux',)",2.0,GeoIndex,Min-Max,File,None,True,False,,0.032323360443115234,,,,0.02837991714477539,135.1364631652832,25.947129487991333,64.18992304801941,15.437174558639526,1.67598557472229,244.17527294158936,6921.0,6921.0,0.0001,10000.0,hydrogen,{'ux'},"{'ux': [-0.0004767329149774978, -0.0004757001264309595]}",1307185.0
5.0,0.01%,"('ux',)",3.0,GeoIndex,Rtree,File,None,True,False,,0.04283571243286133,,,,0.028499364852905273,132.35074019432068,20.094703912734985,48.14512586593628,15.275134801864624,1.6919662952423096,219.34181475639343,6921.0,6921.0,0.0001,10000.0,hydrogen,{'ux'},"{'ux': [-0.0004767329149774978, -0.0004757001264309595]}",1307185.0
5.0,0.01%,"('ux',)",4.0,GeoIndex,Min-Max,File,None,False,True,,0.033048152923583984,,0.002641439437866211,0.4222981929779053,,94.6620500087738,26.424156188964844,48.586936712265015,14.946912050247192,1.6737866401672363,188.48511147499084,6921.0,2809.0,0.0001,10000.0,hydrogen,{'ux'},"{'ux': [-0.0004767329149774978, -0.0004757001264309595]}",1307185.0
5.0,0.01%,"('ux',)",5.0,GeoIndex,Rtree,File,None,False,True,,0.042840003967285156,,0.002607107162475586,0.4251253604888916,,93.02431893348694,26.29275631904602,47.85545563697815,14.742275476455688,1.667860507965088,185.76074624061584,6921.0,2809.0,0.0001,10000.0,hydrogen,{'ux'},"{'ux': [-0.0004767329149774978, -0.0004757001264309595]}",1307185.0
6.0,0.01%,"('ux',)",2.0,GeoIndex,Min-Max,File,None,True,False,,0.02921772003173828,,,,0.025215625762939453,105.80927968025208,29.377988576889038,65.5876693725586,13.740021228790283,1.5289251804351807,217.65199089050293,6080.0,6080.0,9.9e-05,10000.0,hydrogen,{'ux'},"{'ux': [0.0012937784372869514, 0.0012955635060097786]}",1303467.0
6.0,0.01%,"('ux',)",3.0,GeoIndex,Rtree,File,None,True,False,,0.0401768684387207,,,,0.02445197105407715,102.87766742706299,17.25663185119629,42.10635423660278,13.434816598892212,1.5201282501220703,178.7905616760254,6080.0,6080.0,9.9e-05,10000.0,hydrogen,{'ux'},"{'ux': [0.0012937784372869514, 0.0012955635060097786]}",1303467.0
6.0,0.01%,"('ux',)",4.0,GeoIndex,Min-Max,File,None,False,True,,0.029291391372680664,,0.002371072769165039,0.42264461517333984,,88.0400938987732,21.497673273086548,46.872151136398315,14.84671688079834,1.550595760345459,174.84223556518555,6080.0,2932.0,9.9e-05,10000.0,hydrogen,{'ux'},"{'ux': [0.0012937784372869514, 0.0012955635060097786]}",1303467.0
6.0,0.01%,"('ux',)",5.0,GeoIndex,Rtree,File,None,False,True,,0.03986096382141113,,0.00240325927734375,0.41664552688598633,,86.63005352020264,21.499231338500977,42.23420596122742,13.548317909240723,1.5189108848571777,167.43731546401978,6080.0,2932.0,9.9e-05,10000.0,hydrogen,{'ux'},"{'ux': [0.0012937784372869514, 0.0012955635060097786]}",1303467.0
7.0,0.01%,"('ux',)",2.0,GeoIndex,Min-Max,File,None,True,False,,0.02627253532409668,,,,0.021593332290649414,95.29683136940002,15.349401712417603,35.339919567108154,12.920381546020508,1.3384568691253662,161.66787242889404,5315.0,5315.0,9.9e-05,10000.0,hydrogen,{'ux'},"{'ux': [-0.003850705875624245, -0.003847219430158874]}",1300247.0
7.0,0.01%,"('ux',)",3.0,GeoIndex,Rtree,File,None,True,False,,0.03658008575439453,,,,0.021817445755004883,90.8187005519867,14.482558965682983,34.97201919555664,11.918120861053467,1.411604881286621,155.00952577590942,5315.0,5315.0,9.9e-05,10000.0,hydrogen,{'ux'},"{'ux': [-0.003850705875624245, -0.003847219430158874]}",1300247.0
7.0,0.01%,"('ux',)",4.0,GeoIndex,Min-Max,File,None,False,True,,0.026601791381835938,,0.002216815948486328,0.34467554092407227,,79.7601261138916,17.589754343032837,36.04849863052368,12.164340496063232,1.354327917098999,148.6764600276947,5315.0,2765.0,9.9e-05,10000.0,hydrogen,{'ux'},"{'ux': [-0.003850705875624245, -0.003847219430158874]}",1300247.0
7.0,0.01%,"('ux',)",5.0,GeoIndex,Rtree,File,None,False,True,,0.03663778305053711,,0.002210378646850586,0.3399083614349365,,81.2533528804779,18.039111614227295,39.63539743423462,12.858459234237671,1.3838331699371338,154.9620304107666,5315.0,2765.0,9.9e-05,10000.0,hydrogen,{'ux'},"{'ux': [-0.003850705875624245, -0.003847219430158874]}",1300247.0
8.0,0.01%,"('ux',)",2.0,GeoIndex,Min-Max,File,None,True,False,,0.03466796875,,,,0.03012990951538086,142.75162768363953,46.37442231178284,81.02253484725952,32.32591366767883,1.8891916275024414,306.3731653690338,7527.0,7527.0,0.0001,10000.0,hydrogen,{'ux'},"{'ux': [-0.00027681643395289184, -0.0002760261673437389]}",1315899.0
8.0,0.01%,"('ux',)",3.0,GeoIndex,Rtree,File,None,True,False,,0.04517173767089844,,,,0.030534744262695312,144.62637090682983,22.501110792160034,52.905314445495605,16.523021936416626,1.8250701427459717,240.30812335014343,7527.0,7527.0,0.0001,10000.0,hydrogen,{'ux'},"{'ux': [-0.00027681643395289184, -0.0002760261673437389]}",1315899.0
8.0,0.01%,"('ux',)",4.0,GeoIndex,Min-Max,File,None,False,True,,0.0345149040222168,,0.0027458667755126953,0.4714362621307373,,101.35841345787048,30.517600059509277,53.60000252723694,18.475330114364624,1.8978245258331299,208.24517154693604,7527.0,2428.0,0.0001,10000.0,hydrogen,{'ux'},"{'ux': [-0.00027681643395289184, -0.0002760261673437389]}",1315899.0
8.0,0.01%,"('ux',)",5.0,GeoIndex,Rtree,File,None,False,True,,0.04538464546203613,,0.0027811527252197266,0.4669828414916992,,100.1031641960144,30.83578085899353,54.27518939971924,17.239325761795044,1.847153902053833,206.73361611366272,7527.0,2428.0,0.0001,10000.0,hydrogen,{'ux'},"{'ux': [-0.00027681643395289184, -0.0002760261673437389]}",1315899.0
9.0,0.01%,"('ux',)",2.0,GeoIndex,Min-Max,File,None,True,False,,0.028667211532592773,,,,0.02428269386291504,102.255366563797,27.73506212234497,63.08416438102722,13.151602745056152,1.4844765663146973,209.26096725463867,5885.0,5885.0,9.9e-05,10000.0,hydrogen,{'ux'},"{'ux': [-0.0019551650236630095, -0.0019533063791186537]}",1300338.0
9.0,0.01%,"('ux',)",3.0,GeoIndex,Rtree,File,None,True,False,,0.03910946846008301,,,,0.02389383316040039,100.02861452102661,16.67302918434143,40.65295648574829,13.430630207061768,1.486255168914795,173.82648730278015,5885.0,5885.0,9.9e-05,10000.0,hydrogen,{'ux'},"{'ux': [-0.0019551650236630095, -0.0019533063791186537]}",1300338.0
9.0,0.01%,"('ux',)",4.0,GeoIndex,Min-Max,File,None,False,True,,0.028479337692260742,,0.0023353099822998047,0.35916852951049805,,92.03729248046875,21.434800148010254,41.07444787025452,13.273633480072021,1.4837241172790527,171.2056179046631,5885.0,2916.0,9.9e-05,10000.0,hydrogen,{'ux'},"{'ux': [-0.0019551650236630095, -0.0019533063791186537]}",1300338.0
9.0,0.01%,"('ux',)",5.0,GeoIndex,Rtree,File,None,False,True,,0.03912067413330078,,0.002344846725463867,0.3636341094970703,,85.1860077381134,20.301725149154663,40.82763361930847,13.204131603240967,1.4812538623809814,162.91219902038574,5885.0,2916.0,9.9e-05,10000.0,hydrogen,{'ux'},"{'ux': [-0.0019551650236630095, -0.0019533063791186537]}",1300338.0
10.0,0.01%,"('ux','uy','uz')",2.0,GeoIndex,Min-Max,File,None,True,False,,0.0677633285522461,0.0027806758880615234,,,0.005842924118041992,66.77216577529907,9.354410648345947,18.99730372428894,7.4986655712127686,0.9377620220184326,104.02266907691956,1288.0,1288.0,0.0001,10000.0,hydrogen,"['ux','uz','uy']","{'ux': [0.032520858017417685, 0.07210260405220262], 'uy': [0.02804683760729257, 0.06291767040796087], 'uz': [-0.00745401429432765, -0.0007794003996378302]}",1314384.0
10.0,0.01%,"('ux','uy','uz')",3.0,GeoIndex,Rtree,File,None,True,False,,0.02120208740234375,,,,0.005726337432861328,62.99913239479065,8.512941598892212,18.030774116516113,7.1986846923828125,0.9269177913665771,98.0552179813385,1288.0,1288.0,0.0001,10000.0,hydrogen,"['ux','uz','uy']","{'ux': [0.032520858017417685, 0.07210260405220262], 'uy': [0.02804683760729257, 0.06291767040796087], 'uz': [-0.00745401429432765, -0.0007794003996378302]}",1314384.0
10.0,0.01%,"('ux','uy','uz')",4.0,GeoIndex,Min-Max,File,None,False,True,,0.06803131103515625,0.0029153823852539062,0.0011801719665527344,0.07007932662963867,,62.27806329727173,10.074241399765015,20.195205211639404,8.343027830123901,0.9812667369842529,102.41935729980469,1288.0,1039.0,0.0001,10000.0,hydrogen,"['ux','uz','uy']","{'ux': [0.032520858017417685, 0.07210260405220262], 'uy': [0.02804683760729257, 0.06291767040796087], 'uz': [-0.00745401429432765, -0.0007794003996378302]}",1314384.0
10.0,0.01%,"('ux','uy','uz')",5.0,GeoIndex,Rtree,File,None,False,True,,0.021092653274536133,,0.0010349750518798828,0.0705254077911377,,58.28420114517212,8.624199151992798,17.984320640563965,7.1914918422698975,0.927952766418457,93.46767973899841,1288.0,1039.0,0.0001,10000.0,hydrogen,"['ux','uz','uy']","{'ux': [0.032520858017417685, 0.07210260405220262], 'uy': [0.02804683760729257, 0.06291767040796087], 'uz': [-0.00745401429432765, -0.0007794003996378302]}",1314384.0
11.0,0.01%,"('ux','uy','uz')",2.0,GeoIndex,Min-Max,File,None,True,False,,0.0819239616394043,0.006059408187866211,,,0.010036230087280273,119.23478770256042,17.619548082351685,37.32315254211426,14.515727758407593,1.5002264976501465,191.0285975933075,2260.0,2260.0,9.9e-05,10000.0,hydrogen,"['ux','uz','uy']","{'ux': [-0.0022481165900445073, -0.0018791300606010336], 'uy': [0.003327946628017861, 0.004997904048273694], 'uz': [-0.02684196486355379, -0.02040937875910771]}",1303912.0
11.0,0.01%,"('ux','uy','uz')",3.0,GeoIndex,Rtree,File,None,True,False,,0.024732112884521484,,,,0.009787321090698242,114.31442880630493,16.63598322868347,36.23402667045593,14.515690326690674,1.5175087451934814,183.96041178703308,2260.0,2260.0,9.9e-05,10000.0,hydrogen,"['ux','uz','uy']","{'ux': [-0.0022481165900445073, -0.0018791300606010336], 'uy': [0.003327946628017861, 0.004997904048273694], 'uz': [-0.02684196486355379, -0.02040937875910771]}",1303912.0
11.0,0.01%,"('ux','uy','uz')",4.0,GeoIndex,Min-Max,File,None,False,True,,0.08224296569824219,0.005907773971557617,0.0014834403991699219,0.1226198673248291,,103.46299815177917,17.614601612091064,35.693474531173706,14.118785381317139,1.5007970333099365,173.31669235229492,2260.0,1592.0,9.9e-05,10000.0,hydrogen,"['ux','uz','uy']","{'ux': [-0.0022481165900445073, -0.0018791300606010336], 'uy': [0.003327946628017861, 0.004997904048273694], 'uz': [-0.02684196486355379, -0.02040937875910771]}",1303912.0
11.0,0.01%,"('ux','uy','uz')",5.0,GeoIndex,Rtree,File,None,False,True,,0.024953842163085938,,0.0013511180877685547,0.12510037422180176,,107.18695902824402,20.602702856063843,39.241244316101074,16.17831563949585,1.558718204498291,185.6613256931305,2260.0,1592.0,9.9e-05,10000.0,hydrogen,"['ux','uz','uy']","{'ux': [-0.0022481165900445073, -0.0018791300606010336], 'uy': [0.003327946628017861, 0.004997904048273694], 'uz': [-0.02684196486355379, -0.02040937875910771]}",1303912.0
12.0,0.01%,"('ux','uy','uz')",2.0,GeoIndex,Min-Max,File,None,True,False,,0.06678056716918945,0.0024514198303222656,,,0.004997968673706055,53.595803022384644,7.321401357650757,15.775976657867432,6.239439964294434,0.8050062656402588,84.13476800918579,1075.0,1075.0,9.9e-05,10000.0,hydrogen,"['uy','ux','uz']","{'ux': [-0.06112862363160393, -0.04049202248643578], 'uy': [-0.05779757801185729, -0.03558833482315005], 'uz': [-0.002888469344665738, 0.01678084213173511]}",1300784.0
12.0,0.01%,"('ux','uy','uz')",3.0,GeoIndex,Rtree,File,None,True,False,,0.02039027214050293,,,,0.004965782165527344,53.52790594100952,8.598745107650757,17.24395179748535,7.263940334320068,0.8580684661865234,87.86105751991272,1075.0,1075.0,9.9e-05,10000.0,hydrogen,"['uy','ux','uz']","{'ux': [-0.06112862363160393, -0.04049202248643578], 'uy': [-0.05779757801185729, -0.03558833482315005], 'uz': [-0.002888469344665738, 0.01678084213173511]}",1300784.0
12.0,0.01%,"('ux','uy','uz')",4.0,GeoIndex,Min-Max,File,None,False,True,,0.06657290458679199,0.002438783645629883,0.0010941028594970703,0.059168338775634766,,53.13884902000427,7.655858516693115,16.068501472473145,6.505648851394653,0.8170769214630127,84.64787673950195,1075.0,899.0,9.9e-05,10000.0,hydrogen,"['uy','ux','uz']","{'ux': [-0.06112862363160393, -0.04049202248643578], 'uy': [-0.05779757801185729, -0.03558833482315005], 'uz': [-0.002888469344665738, 0.01678084213173511]}",1300784.0
12.0,0.01%,"('ux','uy','uz')",5.0,GeoIndex,Rtree,File,None,False,True,,0.020299911499023438,,0.0009989738464355469,0.05933952331542969,,49.52952241897583,7.402896165847778,15.60355257987976,6.2556023597717285,0.8076019287109375,79.99674582481384,1075.0,899.0,9.9e-05,10000.0,hydrogen,"['uy','ux','uz']","{'ux': [-0.06112862363160393, -0.04049202248643578], 'uy': [-0.05779757801185729, -0.03558833482315005], 'uz': [-0.002888469344665738, 0.01678084213173511]}",1300784.0
13.0,0.01%,"('ux','uy','uz')",2.0,GeoIndex,Min-Max,File,None,True,False,,0.07167553901672363,0.0035445690155029297,,,0.008379220962524414,97.58973598480225,14.188528299331665,30.347901821136475,12.10901665687561,1.293832778930664,156.22251629829407,1883.0,1883.0,0.0001,10000.0,hydrogen,"['uy','ux','uz']","{'ux': [-0.0183026041216599, -0.013526593774852836], 'uy': [0.0030452396565756063, 0.005281055086603945], 'uz': [0.02477669056122838, 0.02872157332954382]}",1315143.0
13.0,0.01%,"('ux','uy','uz')",3.0,GeoIndex,Rtree,File,None,True,False,,0.023798465728759766,,,,0.008231163024902344,96.59457731246948,15.019109964370728,31.151990175247192,12.557252645492554,1.3091938495635986,157.27647161483765,1883.0,1883.0,0.0001,10000.0,hydrogen,"['uy','ux','uz']","{'ux': [-0.0183026041216599, -0.013526593774852836], 'uy': [0.0030452396565756063, 0.005281055086603945], 'uz': [0.02477669056122838, 0.02872157332954382]}",1315143.0
13.0,0.01%,"('ux','uy','uz')",4.0,GeoIndex,Min-Max,File,None,False,True,,0.07211565971374512,0.0037593841552734375,0.0014085769653320312,0.11175298690795898,,92.94065546989441,15.412800312042236,31.088767290115356,12.352158069610596,1.3048198223114014,153.91093039512634,1883.0,1499.0,0.0001,10000.0,hydrogen,"['uy','ux','uz']","{'ux': [-0.0183026041216599, -0.013526593774852836], 'uy': [0.0030452396565756063, 0.005281055086603945], 'uz': [0.02477669056122838, 0.02872157332954382]}",1315143.0
13.0,0.01%,"('ux','uy','uz')",5.0,GeoIndex,Rtree,File,None,False,True,,0.023389577865600586,,0.0012180805206298828,0.1103968620300293,,90.0308096408844,14.855053186416626,30.570427656173706,12.086026430130005,1.2903292179107666,149.57303524017334,1883.0,1499.0,0.0001,10000.0,hydrogen,"['uy','ux','uz']","{'ux': [-0.0183026041216599, -0.013526593774852836], 'uy': [0.0030452396565756063, 0.005281055086603945], 'uz': [0.02477669056122838, 0.02872157332954382]}",1315143.0
14.0,0.01%,"('ux','uy','uz')",2.0,GeoIndex,Min-Max,File,None,True,False,,0.10654163360595703,0.0022950172424316406,,,0.010605573654174805,128.46727514266968,18.803122758865356,42.07729744911194,15.452582359313965,1.7196266651153564,207.43553352355957,2450.0,2450.0,9.9e-05,10000.0,hydrogen,"['ux','uz','uy']","{'ux': [-0.04841579465218709, -0.032807244694936656], 'uy': [-0.008204594007930832, 0.00473619914947683], 'uz': [-0.016305490825471444, 0.0003212344566909074]}",1305260.0
14.0,0.01%,"('ux','uy','uz')",3.0,GeoIndex,Rtree,File,None,True,False,,0.025925397872924805,,,,0.010307073593139648,117.63018655776978,17.408635139465332,38.68550753593445,15.09349274635315,1.721567153930664,191.32059812545776,2450.0,2450.0,9.9e-05,10000.0,hydrogen,"['ux','uz','uy']","{'ux': [-0.04841579465218709, -0.032807244694936656], 'uy': [-0.008204594007930832, 0.00473619914947683], 'uz': [-0.016305490825471444, 0.0003212344566909074]}",1305260.0
14.0,0.01%,"('ux','uy','uz')",4.0,GeoIndex,Min-Max,File,None,False,True,,0.10675239562988281,0.0022771358489990234,0.001558065414428711,0.13640666007995605,,103.53603911399841,20.052841424942017,39.34153509140015,15.384895324707031,1.7280871868133545,181.06771421432495,2450.0,1519.0,9.9e-05,10000.0,hydrogen,"['ux','uz','uy']","{'ux': [-0.04841579465218709, -0.032807244694936656], 'uy': [-0.008204594007930832, 0.00473619914947683], 'uz': [-0.016305490825471444, 0.0003212344566909074]}",1305260.0
14.0,0.01%,"('ux','uy','uz')",5.0,GeoIndex,Rtree,File,None,False,True,,0.025622844696044922,,0.0013942718505859375,0.13597798347473145,,106.96280550956726,21.97476291656494,42.714675426483154,16.894322633743286,1.7907662391662598,191.30040192604065,2450.0,1519.0,9.9e-05,10000.0,hydrogen,"['ux','uz','uy']","{'ux': [-0.04841579465218709, -0.032807244694936656], 'uy': [-0.008204594007930832, 0.00473619914947683], 'uz': [-0.016305490825471444, 0.0003212344566909074]}",1305260.0
15.0,0.01%,"('ux','uy','uz')",2.0,GeoIndex,Min-Max,File,None,True,False,,0.08382797241210938,0.006573677062988281,,,0.01113271713256836,128.2014365196228,25.13287115097046,52.433183670043945,18.63365936279297,1.684861660003662,226.99864768981934,2567.0,2567.0,9.9e-05,10000.0,hydrogen,"['uz','uy','ux']","{'ux': [0.0008012029384256811, 0.0012685463238837436], 'uy': [0.004543063205099036, 0.005109707535114753], 'uz': [-0.0055870908083584725, -0.0047611025051898445]}",1302903.0
15.0,0.01%,"('ux','uy','uz')",3.0,GeoIndex,Rtree,File,None,True,False,,0.02753472328186035,,,,0.011383295059204102,129.01051783561707,21.04795241355896,45.848315715789795,18.278106689453125,1.7713713645935059,216.8483588695526,2567.0,2567.0,9.9e-05,10000.0,hydrogen,"['uz','uy','ux']","{'ux': [0.0008012029384256811, 0.0012685463238837436], 'uy': [0.004543063205099036, 0.005109707535114753], 'uz': [-0.0055870908083584725, -0.0047611025051898445]}",1302903.0
15.0,0.01%,"('ux','uy','uz')",4.0,GeoIndex,Min-Max,File,None,False,True,,0.08393669128417969,0.006821632385253906,0.001611471176147461,0.15154242515563965,,115.85883975028992,22.81412148475647,45.65735197067261,17.161090850830078,1.7286560535430908,204.3102970123291,2567.0,1685.0,9.9e-05,10000.0,hydrogen,"['uz','uy','ux']","{'ux': [0.0008012029384256811, 0.0012685463238837436], 'uy': [0.004543063205099036, 0.005109707535114753], 'uz': [-0.0055870908083584725, -0.0047611025051898445]}",1302903.0
15.0,0.01%,"('ux','uy','uz')",5.0,GeoIndex,Rtree,File,None,False,True,,0.02619767189025879,,0.0013823509216308594,0.15021252632141113,,116.67601227760315,19.93377995491028,42.28039860725403,15.863322973251343,1.6776714324951172,197.4039068222046,2567.0,1685.0,9.9e-05,10000.0,hydrogen,"['uz','uy','ux']","{'ux': [0.0008012029384256811, 0.0012685463238837436], 'uy': [0.004543063205099036, 0.005109707535114753], 'uz': [-0.0055870908083584725, -0.0047611025051898445]}",1302903.0
16.0,0.01%,"('ux','uy','uz')",2.0,GeoIndex,Min-Max,File,None,True,False,,0.07303261756896973,0.002807140350341797,,,0.007766008377075195,84.04596018791199,12.216205835342407,25.80234384536743,10.205426454544067,1.2106306552886963,134.08288288116455,1753.0,1753.0,9.9e-05,10000.0,hydrogen,"['uz','ux']","{'ux': [-0.034995873656262035, -0.026200981976477633], 'uy': [0.01363177576647099, 0.028308171219248605], 'uz': [-0.001214113145978692, 0.0156797918489823]}",1304631.0
16.0,0.01%,"('ux','uy','uz')",3.0,GeoIndex,Rtree,File,None,True,False,,0.022803306579589844,,,,0.0076029300689697266,84.19440603256226,12.440542221069336,25.770376443862915,10.410359859466553,1.2196593284606934,134.57792329788208,1753.0,1753.0,9.9e-05,10000.0,hydrogen,"['uz','ux']","{'ux': [-0.034995873656262035, -0.026200981976477633], 'uy': [0.01363177576647099, 0.028308171219248605], 'uz': [-0.001214113145978692, 0.0156797918489823]}",1304631.0
16.0,0.01%,"('ux','uy','uz')",4.0,GeoIndex,Min-Max,File,None,False,True,,0.07219409942626953,0.0028989315032958984,0.001312255859375,0.10710620880126953,,77.15748763084412,13.011275291442871,26.04468035697937,10.544463872909546,1.2228727340698242,128.69431900978088,1753.0,1332.0,9.9e-05,10000.0,hydrogen,"['uz','ux']","{'ux': [-0.034995873656262035, -0.026200981976477633], 'uy': [0.01363177576647099, 0.028308171219248605], 'uz': [-0.001214113145978692, 0.0156797918489823]}",1304631.0
16.0,0.01%,"('ux','uy','uz')",5.0,GeoIndex,Rtree,File,None,False,True,,0.0229489803314209,,0.0011699199676513672,0.10636448860168457,,77.03149199485779,12.728753566741943,25.54195737838745,10.196481704711914,1.2057647705078125,127.34691333770752,1753.0,1332.0,9.9e-05,10000.0,hydrogen,"['uz','ux']","{'ux': [-0.034995873656262035, -0.026200981976477633], 'uy': [0.01363177576647099, 0.028308171219248605], 'uz': [-0.001214113145978692, 0.0156797918489823]}",1304631.0
17.0,0.01%,"('ux','uy','uz','x','y','z')",2.0,GeoIndex,Min-Max,File,None,True,False,,0.11051154136657715,0.0021414756774902344,,,2.4318695068359375e-05,0.38308072090148926,0.031043529510498047,0.01911306381225586,0.012942790985107422,0.016143083572387695,0.5973124504089355,1.0,1.0,0.000101,10000.0,hydrogen,"['uz','uy','y','ux']","{'x': [-1.04999991039802e-05, -9.000002477190496e-06], 'y': [6.000000154936633e-06, 7.413825373212994e-06], 'z': [2.506579097897835e-05, 2.657894613476685e-05], 'ux': [0.0002329924611930139, 0.011027948462145882], 'uy': [-0.008909104535758277, -0.004385620212946404], 'uz': [0.03932794775747489, 0.06597466823632143]}",1306754.0
17.0,0.01%,"('ux','uy','uz','x','y','z')",3.0,GeoIndex,Rtree,File,None,True,False,,0.04035067558288574,0.00011396408081054688,,,2.0742416381835938e-05,0.36599063873291016,0.03133749961853027,0.019731998443603516,0.013552188873291016,0.016529083251953125,0.493664026260376,1.0,1.0,0.000101,10000.0,hydrogen,"['uz','uy','y','ux']","{'x': [-1.04999991039802e-05, -9.000002477190496e-06], 'y': [6.000000154936633e-06, 7.413825373212994e-06], 'z': [2.506579097897835e-05, 2.657894613476685e-05], 'ux': [0.0002329924611930139, 0.011027948462145882], 'uy': [-0.008909104535758277, -0.004385620212946404], 'uz': [0.03932794775747489, 0.06597466823632143]}",1306754.0
17.0,0.01%,"('ux','uy','uz','x','y','z')",4.0,GeoIndex,Min-Max,File,None,False,True,,0.11205363273620605,0.0022056102752685547,9.298324584960938e-06,4.291534423828125e-06,,0.3914973735809326,0.033139705657958984,0.02081584930419922,0.013870000839233398,0.016918182373046875,0.6126995086669922,1.0,1.0,0.000101,10000.0,hydrogen,"['uz','uy','y','ux']","{'x': [-1.04999991039802e-05, -9.000002477190496e-06], 'y': [6.000000154936633e-06, 7.413825373212994e-06], 'z': [2.506579097897835e-05, 2.657894613476685e-05], 'ux': [0.0002329924611930139, 0.011027948462145882], 'uy': [-0.008909104535758277, -0.004385620212946404], 'uz': [0.03932794775747489, 0.06597466823632143]}",1306754.0
17.0,0.01%,"('ux','uy','uz','x','y','z')",5.0,GeoIndex,Rtree,File,None,False,True,,0.04020953178405762,0.00011324882507324219,8.58306884765625e-06,3.0994415283203125e-06,,0.3782358169555664,0.031245708465576172,0.019591093063354492,0.013366937637329102,0.01587367057800293,0.5054841041564941,1.0,1.0,0.000101,10000.0,hydrogen,"['uz','uy','y','ux']","{'x': [-1.04999991039802e-05, -9.000002477190496e-06], 'y': [6.000000154936633e-06, 7.413825373212994e-06], 'z': [2.506579097897835e-05, 2.657894613476685e-05], 'ux': [0.0002329924611930139, 0.011027948462145882], 'uy': [-0.008909104535758277, -0.004385620212946404], 'uz': [0.03932794775747489, 0.06597466823632143]}",1306754.0
18.0,0.01%,"('ux','uy','uz','x','y','z')",2.0,GeoIndex,Min-Max,File,None,True,False,,0.11343717575073242,0.0021605491638183594,,,4.4345855712890625e-05,0.8327453136444092,0.12192726135253906,0.0972285270690918,0.04518842697143555,0.03203248977661133,1.269752025604248,6.0,6.0,0.0001,10000.0,hydrogen,"['ux','uz','y','z']","{'x': [6.00000013589134e-06, 7.499999641982651e-06], 'y': [4.1346884948869303e-07, 3.7710763562874186e-06], 'z': [3.812957879462228e-05, 3.9337780487466966e-05], 'ux': [-0.01500484172944008, -0.008356170377528605], 'uy': [-0.005907183033466281, -0.0015900041433167293], 'uz': [0.009258903311107007, 0.012368205327261652]}",1316068.0
18.0,0.01%,"('ux','uy','uz','x','y','z')",3.0,GeoIndex,Rtree,File,None,True,False,,0.04116964340209961,0.00012683868408203125,,,4.0531158447265625e-05,0.8354663848876953,0.1180267333984375,0.09619712829589844,0.04435324668884277,0.03140997886657715,1.1762816905975342,6.0,6.0,0.0001,10000.0,hydrogen,"['ux','uz','y','z']","{'x': [6.00000013589134e-06, 7.499999641982651e-06], 'y': [4.1346884948869303e-07, 3.7710763562874186e-06], 'z': [3.812957879462228e-05, 3.9337780487466966e-05], 'ux': [-0.01500484172944008, -0.008356170377528605], 'uy': [-0.005907183033466281, -0.0015900041433167293], 'uz': [0.009258903311107007, 0.012368205327261652]}",1316068.0
18.0,0.01%,"('ux','uy','uz','x','y','z')",4.0,GeoIndex,Min-Max,File,None,False,True,,0.1137075424194336,0.0022134780883789062,1.430511474609375e-05,0.00010776519775390625,,0.8530514240264893,0.11592340469360352,0.09924983978271484,0.047350406646728516,0.032642364501953125,1.2885775566101074,6.0,6.0,0.0001,10000.0,hydrogen,"['ux','uz','y','z']","{'x': [6.00000013589134e-06, 7.499999641982651e-06], 'y': [4.1346884948869303e-07, 3.7710763562874186e-06], 'z': [3.812957879462228e-05, 3.9337780487466966e-05], 'ux': [-0.01500484172944008, -0.008356170377528605], 'uy': [-0.005907183033466281, -0.0015900041433167293], 'uz': [0.009258903311107007, 0.012368205327261652]}",1316068.0
18.0,0.01%,"('ux','uy','uz','x','y','z')",5.0,GeoIndex,Rtree,File,None,False,True,,0.04192972183227539,0.00012350082397460938,1.049041748046875e-05,0.00010633468627929688,,0.8237354755401611,0.12406611442565918,0.09616231918334961,0.044821739196777344,0.031685829162597656,1.1711914539337158,6.0,6.0,0.0001,10000.0,hydrogen,"['ux','uz','y','z']","{'x': [6.00000013589134e-06, 7.499999641982651e-06], 'y': [4.1346884948869303e-07, 3.7710763562874186e-06], 'z': [3.812957879462228e-05, 3.9337780487466966e-05], 'ux': [-0.01500484172944008, -0.008356170377528605], 'uy': [-0.005907183033466281, -0.0015900041433167293], 'uz': [0.009258903311107007, 0.012368205327261652]}",1316068.0
19.0,0.01%,"('ux','uy','uz','x','y','z')",2.0,GeoIndex,Min-Max,File,None,True,False,,0.20032429695129395,0.004547834396362305,,,5.8650970458984375e-05,1.2840197086334229,0.1796891689300537,0.18904781341552734,0.0915980339050293,0.045972585678100586,2.0416154861450195,9.0,9.0,9.9e-05,10000.0,hydrogen,"['uz','y','ux','uy','x']","{'x': [7.446904020852084e-06, 9.053089175826818e-06], 'y': [-3.1137044378455344e-06, -1.3855337370142107e-06], 'z': [9.93421889007065e-06, 1.1447367332406475e-05], 'ux': [-0.008887093428852966, 0.13339437749404823], 'uy': [-0.054291776110780815, 0.002376259156124185], 'uz': [-0.08758735996830666, 0.047168806881120406]}",1304851.0
19.0,0.01%,"('ux','uy','uz','x','y','z')",3.0,GeoIndex,Rtree,File,None,True,False,,0.07477641105651855,0.0007355213165283203,,,5.7697296142578125e-05,1.3687841892242432,0.21472692489624023,0.18818020820617676,0.08865737915039062,0.04552483558654785,2.0008931159973145,9.0,9.0,9.9e-05,10000.0,hydrogen,"['uz','y','ux','uy','x']","{'x': [7.446904020852084e-06, 9.053089175826818e-06], 'y': [-3.1137044378455344e-06, -1.3855337370142107e-06], 'z': [9.93421889007065e-06, 1.1447367332406475e-05], 'ux': [-0.008887093428852966, 0.13339437749404823], 'uy': [-0.054291776110780815, 0.002376259156124185], 'uz': [-0.08758735996830666, 0.047168806881120406]}",1304851.0
19.0,0.01%,"('ux','uy','uz','x','y','z')",4.0,GeoIndex,Min-Max,File,None,False,True,,0.20134758949279785,0.00455021858215332,1.4543533325195312e-05,0.00018453598022460938,,1.243579387664795,0.18483757972717285,0.18911075592041016,0.09060359001159668,0.04591035842895508,2.005089044570923,9.0,9.0,9.9e-05,10000.0,hydrogen,"['uz','y','ux','uy','x']","{'x': [7.446904020852084e-06, 9.053089175826818e-06], 'y': [-3.1137044378455344e-06, -1.3855337370142107e-06], 'z': [9.93421889007065e-06, 1.1447367332406475e-05], 'ux': [-0.008887093428852966, 0.13339437749404823], 'uy': [-0.054291776110780815, 0.002376259156124185], 'uz': [-0.08758735996830666, 0.047168806881120406]}",1304851.0
19.0,0.01%,"('ux','uy','uz','x','y','z')",5.0,GeoIndex,Rtree,File,None,False,True,,0.0756063461303711,0.000728607177734375,1.239776611328125e-05,0.00018405914306640625,,1.276594877243042,0.18996572494506836,0.1905205249786377,0.09218478202819824,0.04612326622009277,1.890561819076538,9.0,9.0,9.9e-05,10000.0,hydrogen,"['uz','y','ux','uy','x']","{'x': [7.446904020852084e-06, 9.053089175826818e-06], 'y': [-3.1137044378455344e-06, -1.3855337370142107e-06], 'z': [9.93421889007065e-06, 1.1447367332406475e-05], 'ux': [-0.008887093428852966, 0.13339437749404823], 'uy': [-0.054291776110780815, 0.002376259156124185], 'uz': [-0.08758735996830666, 0.047168806881120406]}",1304851.0
20.0,0.01%,"('ux','uy','uz','x','y','z')",2.0,GeoIndex,Min-Max,File,None,True,False,,0.1952040195465088,0.003663778305053711,,,6.985664367675781e-05,1.5283167362213135,0.23854875564575195,0.23717951774597168,0.12374472618103027,0.0381929874420166,2.4102180004119873,12.0,12.0,0.0001,10000.0,hydrogen,"['x','z','ux','uy','y','uz']","{'x': [6.007145774641614e-06, 7.524860149346356e-06], 'y': [8.999284979769986e-06, 1.043098101987121e-05], 'z': [1.2925410419230784e-05, 1.4508808369838277e-05], 'ux': [-0.001806025341365182, 0.1057068966742627], 'uy': [-0.01885187704097327, 0.14143816326527942], 'uz': [-0.04273384687457323, 0.051135215933967165]}",1259397.0
20.0,0.01%,"('ux','uy','uz','x','y','z')",3.0,GeoIndex,Rtree,File,None,True,False,,0.07645988464355469,0.0007643699645996094,,,6.794929504394531e-05,1.5975441932678223,0.2405557632446289,0.236738920211792,0.1168050765991211,0.038573265075683594,2.3271231651306152,12.0,12.0,0.0001,10000.0,hydrogen,"['x','z','ux','uy','y','uz']","{'x': [6.007145774641614e-06, 7.524860149346356e-06], 'y': [8.999284979769986e-06, 1.043098101987121e-05], 'z': [1.2925410419230784e-05, 1.4508808369838277e-05], 'ux': [-0.001806025341365182, 0.1057068966742627], 'uy': [-0.01885187704097327, 0.14143816326527942], 'uz': [-0.04273384687457323, 0.051135215933967165]}",1259397.0
20.0,0.01%,"('ux','uy','uz','x','y','z')",4.0,GeoIndex,Min-Max,File,None,False,True,,0.19666147232055664,0.0038297176361083984,1.5974044799804688e-05,0.00027251243591308594,,1.475947380065918,0.2265162467956543,0.25023961067199707,0.13837504386901855,0.039633750915527344,2.3767473697662354,12.0,12.0,0.0001,10000.0,hydrogen,"['x','z','ux','uy','y','uz']","{'x': [6.007145774641614e-06, 7.524860149346356e-06], 'y': [8.999284979769986e-06, 1.043098101987121e-05], 'z': [1.2925410419230784e-05, 1.4508808369838277e-05], 'ux': [-0.001806025341365182, 0.1057068966742627], 'uy': [-0.01885187704097327, 0.14143816326527942], 'uz': [-0.04273384687457323, 0.051135215933967165]}",1259397.0
20.0,0.01%,"('ux','uy','uz','x','y','z')",5.0,GeoIndex,Rtree,File,None,False,True,,0.07625389099121094,0.0007607936859130859,1.239776611328125e-05,0.0002682209014892578,,1.4835124015808105,0.21297264099121094,0.23270034790039062,0.12197256088256836,0.03786349296569824,2.1848199367523193,12.0,12.0,0.0001,10000.0,hydrogen,"['x','z','ux','uy','y','uz']","{'x': [6.007145774641614e-06, 7.524860149346356e-06], 'y': [8.999284979769986e-06, 1.043098101987121e-05], 'z': [1.2925410419230784e-05, 1.4508808369838277e-05], 'ux': [-0.001806025341365182, 0.1057068966742627], 'uy': [-0.01885187704097327, 0.14143816326527942], 'uz': [-0.04273384687457323, 0.051135215933967165]}",1259397.0
21.0,0.01%,"('ux','uy','uz','x','y','z')",2.0,GeoIndex,Min-Max,File,None,True,False,,0.18749260902404785,0.00412440299987793,,,7.390975952148438e-05,1.4077045917510986,0.21910500526428223,0.22499465942382812,0.10983872413635254,0.0342869758605957,2.232245922088623,12.0,12.0,0.000101,10000.0,hydrogen,"['x','ux','z','uz','y','uy']","{'x': [6.616749823945901e-08, 1.6349559432319021e-06], 'y': [1.0295341491620608e-05, 1.1801383931624924e-05], 'z': [8.159245520961385e-06, 9.9409780166667e-06], 'ux': [-0.012869308649738802, 0.018648650962095538], 'uy': [-0.013986331072026043, 0.12884441022937843], 'uz': [-0.030421799138281344, 0.006033423566588956]}",1126709.0
21.0,0.01%,"('ux','uy','uz','x','y','z')",3.0,GeoIndex,Rtree,File,None,True,False,,0.06813263893127441,0.0006928443908691406,,,6.723403930664062e-05,1.4363887310028076,0.2048807144165039,0.21081900596618652,0.10285735130310059,0.032652854919433594,2.0751447677612305,12.0,12.0,0.000101,10000.0,hydrogen,"['x','ux','z','uz','y','uy']","{'x': [6.616749823945901e-08, 1.6349559432319021e-06], 'y': [1.0295341491620608e-05, 1.1801383931624924e-05], 'z': [8.159245520961385e-06, 9.9409780166667e-06], 'ux': [-0.012869308649738802, 0.018648650962095538], 'uy': [-0.013986331072026043, 0.12884441022937843], 'uz': [-0.030421799138281344, 0.006033423566588956]}",1126709.0
21.0,0.01%,"('ux','uy','uz','x','y','z')",4.0,GeoIndex,Min-Max,File,None,False,True,,0.18810248374938965,0.0037620067596435547,1.5735626220703125e-05,0.00031828880310058594,,1.4354801177978516,0.20680022239685059,0.21421527862548828,0.10701894760131836,0.03392672538757324,2.2329158782958984,12.0,12.0,0.000101,10000.0,hydrogen,"['x','ux','z','uz','y','uy']","{'x': [6.616749823945901e-08, 1.6349559432319021e-06], 'y': [1.0295341491620608e-05, 1.1801383931624924e-05], 'z': [8.159245520961385e-06, 9.9409780166667e-06], 'ux': [-0.012869308649738802, 0.018648650962095538], 'uy': [-0.013986331072026043, 0.12884441022937843], 'uz': [-0.030421799138281344, 0.006033423566588956]}",1126709.0
21.0,0.01%,"('ux','uy','uz','x','y','z')",5.0,GeoIndex,Rtree,File,None,False,True,,0.06869029998779297,0.0007145404815673828,1.4066696166992188e-05,0.0003292560577392578,,1.4349067211151123,0.23631000518798828,0.2357010841369629,0.12071061134338379,0.03443741798400879,2.149214267730713,12.0,12.0,0.000101,10000.0,hydrogen,"['x','ux','z','uz','y','uy']","{'x': [6.616749823945901e-08, 1.6349559432319021e-06], 'y': [1.0295341491620608e-05, 1.1801383931624924e-05], 'z': [8.159245520961385e-06, 9.9409780166667e-06], 'ux': [-0.012869308649738802, 0.018648650962095538], 'uy': [-0.013986331072026043, 0.12884441022937843], 'uz': [-0.030421799138281344, 0.006033423566588956]}",1126709.0
22.0,0.01%,"('ux','uy','uz','x','y','z')",2.0,GeoIndex,Min-Max,File,None,True,False,,0.11512136459350586,0.0030755996704101562,,,9.393692016601562e-05,2.0076067447662354,0.2815515995025635,0.3154425621032715,0.15511226654052734,0.040999412536621094,2.9468538761138916,17.0,17.0,0.000101,10000.0,hydrogen,"['y','uz','x','z','ux']","{'x': [1.0384559037757239e-05, 1.1691648982036184e-05], 'y': [5.822872589337549e-06, 7.568683500666211e-06], 'z': [3.561845483603873e-05, 3.739920180589358e-05], 'ux': [-0.016143065664916745, -0.010676745976879612], 'uy': [-0.004216765459479108, -0.0016586430710140538], 'uz': [0.015151580992514286, 0.017842702228061297]}",1208216.0
22.0,0.01%,"('ux','uy','uz','x','y','z')",3.0,GeoIndex,Rtree,File,None,True,False,,0.04079580307006836,0.00012826919555664062,,,8.296966552734375e-05,1.967388391494751,0.28589892387390137,0.3153116703033447,0.1579887866973877,0.041246652603149414,2.820672035217285,17.0,17.0,0.000101,10000.0,hydrogen,"['y','uz','x','z','ux']","{'x': [1.0384559037757239e-05, 1.1691648982036184e-05], 'y': [5.822872589337549e-06, 7.568683500666211e-06], 'z': [3.561845483603873e-05, 3.739920180589358e-05], 'ux': [-0.016143065664916745, -0.010676745976879612], 'uy': [-0.004216765459479108, -0.0016586430710140538], 'uz': [0.015151580992514286, 0.017842702228061297]}",1208216.0
22.0,0.01%,"('ux','uy','uz','x','y','z')",4.0,GeoIndex,Min-Max,File,None,False,True,,0.11541485786437988,0.0030622482299804688,1.6927719116210938e-05,0.00039887428283691406,,1.975877046585083,0.30573463439941406,0.3199043273925781,0.16067099571228027,0.0413815975189209,2.950075387954712,17.0,17.0,0.000101,10000.0,hydrogen,"['y','uz','x','z','ux']","{'x': [1.0384559037757239e-05, 1.1691648982036184e-05], 'y': [5.822872589337549e-06, 7.568683500666211e-06], 'z': [3.561845483603873e-05, 3.739920180589358e-05], 'ux': [-0.016143065664916745, -0.010676745976879612], 'uy': [-0.004216765459479108, -0.0016586430710140538], 'uz': [0.015151580992514286, 0.017842702228061297]}",1208216.0
22.0,0.01%,"('ux','uy','uz','x','y','z')",5.0,GeoIndex,Rtree,File,None,False,True,,0.043747901916503906,0.00013327598571777344,1.3828277587890625e-05,0.0004038810729980469,,1.9027833938598633,0.2857215404510498,0.3216991424560547,0.15904998779296875,0.04225468635559082,2.767637014389038,17.0,17.0,0.000101,10000.0,hydrogen,"['y','uz','x','z','ux']","{'x': [1.0384559037757239e-05, 1.1691648982036184e-05], 'y': [5.822872589337549e-06, 7.568683500666211e-06], 'z': [3.561845483603873e-05, 3.739920180589358e-05], 'ux': [-0.016143065664916745, -0.010676745976879612], 'uy': [-0.004216765459479108, -0.0016586430710140538], 'uz': [0.015151580992514286, 0.017842702228061297]}",1208216.0
23.0,0.01%,"('ux','uy','uz','x','y','z')",2.0,GeoIndex,Min-Max,File,None,True,False,,0.11651039123535156,0.0036323070526123047,,,4.482269287109375e-05,0.9309701919555664,0.1413273811340332,0.14154601097106934,0.06648898124694824,0.03608870506286621,1.4626402854919434,6.0,6.0,0.000101,10000.0,hydrogen,"['x','ux','uz','z','uy','y']","{'x': [-4.550766593328051e-06, -2.9492271851245675e-06], 'y': [6.083255884171415e-06, 7.463517664861497e-06], 'z': [-2.9328768418293335e-05, -2.7853210440864383e-05], 'ux': [0.0014241370395022277, 0.0026030440870416904], 'uy': [-0.005671766737671413, -0.0042529922221424534], 'uz': [-0.008457362424683642, -0.005740651980780868]}",1121894.0
23.0,0.01%,"('ux','uy','uz','x','y','z')",3.0,GeoIndex,Rtree,File,None,True,False,,0.042077064514160156,0.00012993812561035156,,,4.291534423828125e-05,0.9187028408050537,0.1411421298980713,0.14098715782165527,0.06470346450805664,0.03255867958068848,1.3503048419952393,6.0,6.0,0.000101,10000.0,hydrogen,"['x','ux','uz','z','uy','y']","{'x': [-4.550766593328051e-06, -2.9492271851245675e-06], 'y': [6.083255884171415e-06, 7.463517664861497e-06], 'z': [-2.9328768418293335e-05, -2.7853210440864383e-05], 'ux': [0.0014241370395022277, 0.0026030440870416904], 'uy': [-0.005671766737671413, -0.0042529922221424534], 'uz': [-0.008457362424683642, -0.005740651980780868]}",1121894.0
23.0,0.01%,"('ux','uy','uz','x','y','z')",4.0,GeoIndex,Min-Max,File,None,False,True,,0.11820173263549805,0.0036156177520751953,1.33514404296875e-05,0.00011324882507324219,,0.9341504573822021,0.1430058479309082,0.1403343677520752,0.06590604782104492,0.032547950744628906,1.4631280899047852,6.0,6.0,0.000101,10000.0,hydrogen,"['x','ux','uz','z','uy','y']","{'x': [-4.550766593328051e-06, -2.9492271851245675e-06], 'y': [6.083255884171415e-06, 7.463517664861497e-06], 'z': [-2.9328768418293335e-05, -2.7853210440864383e-05], 'ux': [0.0014241370395022277, 0.0026030440870416904], 'uy': [-0.005671766737671413, -0.0042529922221424534], 'uz': [-0.008457362424683642, -0.005740651980780868]}",1121894.0
23.0,0.01%,"('ux','uy','uz','x','y','z')",5.0,GeoIndex,Rtree,File,None,False,True,,0.04249906539916992,0.0001342296600341797,1.2159347534179688e-05,0.00011849403381347656,,0.9945082664489746,0.14226484298706055,0.15101861953735352,0.07596898078918457,0.03460359573364258,1.4511487483978271,6.0,6.0,0.000101,10000.0,hydrogen,"['x','ux','uz','z','uy','y']","{'x': [-4.550766593328051e-06, -2.9492271851245675e-06], 'y': [6.083255884171415e-06, 7.463517664861497e-06], 'z': [-2.9328768418293335e-05, -2.7853210440864383e-05], 'ux': [0.0014241370395022277, 0.0026030440870416904], 'uy': [-0.005671766737671413, -0.0042529922221424534], 'uz': [-0.008457362424683642, -0.005740651980780868]}",1121894.0
24.0,0.01%,"('ux','uy','uz','x','y','z')",2.0,GeoIndex,Min-Max,File,None,True,False,,0.19209671020507812,0.0036835670471191406,,,4.3392181396484375e-05,0.849005937576294,0.10661506652832031,0.10800743103027344,0.05102705955505371,0.03465080261230469,1.3880066871643066,6.0,6.0,0.0001,10000.0,hydrogen,"['uz','x','ux','y']","{'x': [1.0253647164875354e-05, 1.2246555220155619e-05], 'y': [-4.7374486186949614e-06, -2.7627454510152018e-06], 'z': [-5.197350719699611e-06, -3.684247987477589e-06], 'ux': [-0.013301566720435226, 0.14421606271898849], 'uy': [-0.049057076367237086, 0.0006162859012357383], 'uz': [-0.08148771564331295, 0.05681946026729112]}",1317788.0
24.0,0.01%,"('ux','uy','uz','x','y','z')",3.0,GeoIndex,Rtree,File,None,True,False,,0.07319331169128418,0.0007166862487792969,,,4.7206878662109375e-05,0.9041938781738281,0.10891485214233398,0.11114645004272461,0.053404808044433594,0.03509807586669922,1.3029649257659912,6.0,6.0,0.0001,10000.0,hydrogen,"['uz','x','ux','y']","{'x': [1.0253647164875354e-05, 1.2246555220155619e-05], 'y': [-4.7374486186949614e-06, -2.7627454510152018e-06], 'z': [-5.197350719699611e-06, -3.684247987477589e-06], 'ux': [-0.013301566720435226, 0.14421606271898849], 'uy': [-0.049057076367237086, 0.0006162859012357383], 'uz': [-0.08148771564331295, 0.05681946026729112]}",1317788.0
24.0,0.01%,"('ux','uy','uz','x','y','z')",4.0,GeoIndex,Min-Max,File,None,False,True,,0.19327783584594727,0.003681659698486328,1.2874603271484375e-05,0.00010085105895996094,,0.8401362895965576,0.13722491264343262,0.11048054695129395,0.054789066314697266,0.03561544418334961,1.4181349277496338,6.0,6.0,0.0001,10000.0,hydrogen,"['uz','x','ux','y']","{'x': [1.0253647164875354e-05, 1.2246555220155619e-05], 'y': [-4.7374486186949614e-06, -2.7627454510152018e-06], 'z': [-5.197350719699611e-06, -3.684247987477589e-06], 'ux': [-0.013301566720435226, 0.14421606271898849], 'uy': [-0.049057076367237086, 0.0006162859012357383], 'uz': [-0.08148771564331295, 0.05681946026729112]}",1317788.0
24.0,0.01%,"('ux','uy','uz','x','y','z')",5.0,GeoIndex,Rtree,File,None,False,True,,0.07235360145568848,0.0007219314575195312,1.1205673217773438e-05,9.965896606445312e-05,,0.9366710186004639,0.13579225540161133,0.10830092430114746,0.0524137020111084,0.034642934799194336,1.3573408126831055,6.0,6.0,0.0001,10000.0,hydrogen,"['uz','x','ux','y']","{'x': [1.0253647164875354e-05, 1.2246555220155619e-05], 'y': [-4.7374486186949614e-06, -2.7627454510152018e-06], 'z': [-5.197350719699611e-06, -3.684247987477589e-06], 'ux': [-0.013301566720435226, 0.14421606271898849], 'uy': [-0.049057076367237086, 0.0006162859012357383], 'uz': [-0.08148771564331295, 0.05681946026729112]}",1317788.0
25.0,0.01%,"('ux','uy','uz')",2.0,GeoIndex,Min-Max,File,None,True,False,,0.08181428909301758,0.0058405399322509766,,,0.010529041290283203,122.5806736946106,21.963644981384277,50.057724952697754,15.11432957649231,1.6012678146362305,212.18646955490112,2456.0,2456.0,0.0001,10000.0,hydrogen,"['ux','uz','uy']","{'ux': [0.0014060653890451123, 0.001927337777321431], 'uy': [-0.005066454912478374, -0.004307481558608517], 'uz': [-0.006497388768161738, -0.005548808449444877]}",1306398.0
25.0,0.01%,"('ux','uy','uz')",3.0,GeoIndex,Rtree,File,None,True,False,,0.026180744171142578,,,,0.010484695434570312,123.87266635894775,18.267974138259888,40.139261960983276,15.229459285736084,1.606827735900879,199.90879344940186,2456.0,2456.0,0.0001,10000.0,hydrogen,"['ux','uz','uy']","{'ux': [0.0014060653890451123, 0.001927337777321431], 'uy': [-0.005066454912478374, -0.004307481558608517], 'uz': [-0.006497388768161738, -0.005548808449444877]}",1306398.0
25.0,0.01%,"('ux','uy','uz')",4.0,GeoIndex,Min-Max,File,None,False,True,,0.08189249038696289,0.006129741668701172,0.001644134521484375,0.14922356605529785,,107.49779176712036,19.52955937385559,40.11850666999817,15.451250553131104,1.619081735610962,185.23167324066162,2456.0,1656.0,0.0001,10000.0,hydrogen,"['ux','uz','uy']","{'ux': [0.0014060653890451123, 0.001927337777321431], 'uy': [-0.005066454912478374, -0.004307481558608517], 'uz': [-0.006497388768161738, -0.005548808449444877]}",1306398.0
25.0,0.01%,"('ux','uy','uz')",5.0,GeoIndex,Rtree,File,None,False,True,,0.025962114334106445,,0.0013780593872070312,0.1460247039794922,,112.90457487106323,19.728219747543335,40.417877435684204,15.589162349700928,1.6216354370117188,191.2022669315338,2456.0,1656.0,0.0001,10000.0,hydrogen,"['ux','uz','uy']","{'ux': [0.0014060653890451123, 0.001927337777321431], 'uy': [-0.005066454912478374, -0.004307481558608517], 'uz': [-0.006497388768161738, -0.005548808449444877]}",1306398.0
26.0,0.01%,"('ux','uy','uz')",2.0,GeoIndex,Min-Max,File,None,True,False,,0.08651161193847656,0.005999088287353516,,,0.012063264846801758,143.49951887130737,24.663204431533813,56.04228973388672,16.980854272842407,1.802922248840332,243.96207094192505,2765.0,2765.0,0.0001,10000.0,hydrogen,"['uy','uz','ux']","{'ux': [0.00073111441051823, 0.0009652934749641775], 'uy': [0.0029504728567101833, 0.0033566289708581534], 'uz': [-0.003019550872340621, -0.0027434803381523112]}",1208275.0
26.0,0.01%,"('ux','uy','uz')",3.0,GeoIndex,Rtree,File,None,True,False,,0.02707195281982422,,,,0.011552810668945312,135.86219000816345,20.83443832397461,46.71758008003235,16.990834951400757,1.798055648803711,223.09647750854492,2765.0,2765.0,0.0001,10000.0,hydrogen,"['uy','uz','ux']","{'ux': [0.00073111441051823, 0.0009652934749641775], 'uy': [0.0029504728567101833, 0.0033566289708581534], 'uz': [-0.003019550872340621, -0.0027434803381523112]}",1208275.0
26.0,0.01%,"('ux','uy','uz')",4.0,GeoIndex,Min-Max,File,None,False,True,,0.08608007431030273,0.005972623825073242,0.0017521381378173828,0.16483473777770996,,120.35237526893616,23.25331950187683,47.15806984901428,17.324623107910156,1.8153340816497803,211.04313707351685,2765.0,1772.0,0.0001,10000.0,hydrogen,"['uy','uz','ux']","{'ux': [0.00073111441051823, 0.0009652934749641775], 'uy': [0.0029504728567101833, 0.0033566289708581534], 'uz': [-0.003019550872340621, -0.0027434803381523112]}",1208275.0
26.0,0.01%,"('ux','uy','uz')",5.0,GeoIndex,Rtree,File,None,False,True,,0.026737213134765625,,0.0014281272888183594,0.16354632377624512,,121.12801241874695,22.778045654296875,46.70429992675781,17.211692571640015,1.810774803161621,210.6898899078369,2765.0,1772.0,0.0001,10000.0,hydrogen,"['uy','uz','ux']","{'ux': [0.00073111441051823, 0.0009652934749641775], 'uy': [0.0029504728567101833, 0.0033566289708581534], 'uz': [-0.003019550872340621, -0.0027434803381523112]}",1208275.0
27.0,0.01%,"('ux','uy','uz')",2.0,GeoIndex,Min-Max,File,None,True,False,,0.08723258972167969,0.004424571990966797,,,0.012635946273803711,147.0021369457245,32.15429067611694,67.44367122650146,31.34432101249695,2.0706939697265625,281.1242711544037,2962.0,2962.0,0.0001,10000.0,hydrogen,"['uy','uz','ux']","{'ux': [0.004624664950296377, 0.009066766833675771], 'uy': [-0.0005156767125441897, 0.000427884898495154], 'uz': [-0.027360222766600637, -0.022171020453562815]}",1312011.0
27.0,0.01%,"('ux','uy','uz')",3.0,GeoIndex,Rtree,File,None,True,False,,0.02867579460144043,,,,0.012253761291503906,146.19659519195557,24.19784426689148,57.753711223602295,32.39500021934509,2.141714096069336,263.7216155529022,2962.0,2962.0,0.0001,10000.0,hydrogen,"['uy','uz','ux']","{'ux': [0.004624664950296377, 0.009066766833675771], 'uy': [-0.0005156767125441897, 0.000427884898495154], 'uz': [-0.027360222766600637, -0.022171020453562815]}",1312011.0
27.0,0.01%,"('ux','uy','uz')",4.0,GeoIndex,Min-Max,File,None,False,True,,0.08824300765991211,0.004528522491455078,0.001773834228515625,0.1692054271697998,,128.3240144252777,26.99025011062622,53.16159963607788,22.278015851974487,2.5660910606384277,234.75032424926758,2962.0,1750.0,0.0001,10000.0,hydrogen,"['uy','uz','ux']","{'ux': [0.004624664950296377, 0.009066766833675771], 'uy': [-0.0005156767125441897, 0.000427884898495154], 'uz': [-0.027360222766600637, -0.022171020453562815]}",1312011.0
27.0,0.01%,"('ux','uy','uz')",5.0,GeoIndex,Rtree,File,None,False,True,,0.027422666549682617,,0.0015177726745605469,0.1690506935119629,,130.6830551624298,26.82562828063965,58.19068741798401,20.808961629867554,2.0571534633636475,239.75610876083374,2962.0,1750.0,0.0001,10000.0,hydrogen,"['uy','uz','ux']","{'ux': [0.004624664950296377, 0.009066766833675771], 'uy': [-0.0005156767125441897, 0.000427884898495154], 'uz': [-0.027360222766600637, -0.022171020453562815]}",1312011.0
28.0,0.01%,"('ux','uy','uz')",2.0,GeoIndex,Min-Max,File,None,True,False,,0.09067988395690918,0.007405281066894531,,,0.013233661651611328,155.95043754577637,34.6329391002655,75.0611081123352,32.99093198776245,2.1556015014648438,301.95900106430054,3055.0,3055.0,0.0001,10000.0,hydrogen,"['uz','uy']","{'ux': [0.0005482070946088165, 0.002440026102593058], 'uy': [-0.0009394281248871135, -0.0005590241466573552], 'uz': [-0.023057752150782807, -0.0195931158377692]}",1317106.0
28.0,0.01%,"('ux','uy','uz')",3.0,GeoIndex,Rtree,File,None,True,False,,0.02799057960510254,,,,0.012798309326171875,155.18548774719238,26.259023666381836,62.95657539367676,34.0028977394104,2.208233594894409,281.696302652359,3055.0,3055.0,0.0001,10000.0,hydrogen,"['uz','uy']","{'ux': [0.0005482070946088165, 0.002440026102593058], 'uy': [-0.0009394281248871135, -0.0005590241466573552], 'uz': [-0.023057752150782807, -0.0195931158377692]}",1317106.0
28.0,0.01%,"('ux','uy','uz')",4.0,GeoIndex,Min-Max,File,None,False,True,,0.08930492401123047,0.00725865364074707,0.0018644332885742188,0.18676161766052246,,134.9598343372345,27.518760442733765,56.05862903594971,23.037675380706787,2.6594529151916504,245.73692512512207,3055.0,1886.0,0.0001,10000.0,hydrogen,"['uz','uy']","{'ux': [0.0005482070946088165, 0.002440026102593058], 'uy': [-0.0009394281248871135, -0.0005590241466573552], 'uz': [-0.023057752150782807, -0.0195931158377692]}",1317106.0
28.0,0.01%,"('ux','uy','uz')",5.0,GeoIndex,Rtree,File,None,False,True,,0.027840137481689453,,0.0015211105346679688,0.18079090118408203,,133.8515248298645,27.86006808280945,56.07538723945618,23.47918200492859,2.689662218093872,245.38354754447937,3055.0,1886.0,0.0001,10000.0,hydrogen,"['uz','uy']","{'ux': [0.0005482070946088165, 0.002440026102593058], 'uy': [-0.0009394281248871135, -0.0005590241466573552], 'uz': [-0.023057752150782807, -0.0195931158377692]}",1317106.0
29.0,0.01%,"('ux','uy','uz','x','y','z')",2.0,GeoIndex,Min-Max,File,None,True,False,,0.18569254875183105,0.0044078826904296875,,,4.458427429199219e-05,0.8959598541259766,0.11043643951416016,0.08960795402526855,0.04240775108337402,0.03002452850341797,1.3970355987548828,6.0,6.0,0.0001,10000.0,hydrogen,"['z','uy','ux','x']","{'x': [2.7496137543790596e-06, 4.635819872789621e-06], 'y': [-1.1999989434582632e-05, -1.0505229436320425e-05], 'z': [5.2462210708949075e-06, 6.8759934101121306e-06], 'ux': [-0.001877112801826817, 0.04115010441330852], 'uy': [-0.11945666371243434, 0.02047461747604866], 'uz': [-0.01719627517058548, 0.01936996373013499]}",1084789.0
29.0,0.01%,"('ux','uy','uz','x','y','z')",3.0,GeoIndex,Rtree,File,None,True,False,,0.06870698928833008,0.0006959438323974609,,,4.458427429199219e-05,0.8676116466522217,0.09477663040161133,0.08946537971496582,0.04218792915344238,0.02820277214050293,1.2061793804168701,6.0,6.0,0.0001,10000.0,hydrogen,"['z','uy','ux','x']","{'x': [2.7496137543790596e-06, 4.635819872789621e-06], 'y': [-1.1999989434582632e-05, -1.0505229436320425e-05], 'z': [5.2462210708949075e-06, 6.8759934101121306e-06], 'ux': [-0.001877112801826817, 0.04115010441330852], 'uy': [-0.11945666371243434, 0.02047461747604866], 'uz': [-0.01719627517058548, 0.01936996373013499]}",1084789.0
29.0,0.01%,"('ux','uy','uz','x','y','z')",4.0,GeoIndex,Min-Max,File,None,False,True,,0.18486571311950684,0.004477262496948242,1.2636184692382812e-05,0.00010585784912109375,,0.8998017311096191,0.08954453468322754,0.08857011795043945,0.040285587310791016,0.027915000915527344,1.3752071857452393,6.0,6.0,0.0001,10000.0,hydrogen,"['z','uy','ux','x']","{'x': [2.7496137543790596e-06, 4.635819872789621e-06], 'y': [-1.1999989434582632e-05, -1.0505229436320425e-05], 'z': [5.2462210708949075e-06, 6.8759934101121306e-06], 'ux': [-0.001877112801826817, 0.04115010441330852], 'uy': [-0.11945666371243434, 0.02047461747604866], 'uz': [-0.01719627517058548, 0.01936996373013499]}",1084789.0
29.0,0.01%,"('ux','uy','uz','x','y','z')",5.0,GeoIndex,Rtree,File,None,False,True,,0.06867456436157227,0.0006859302520751953,1.0967254638671875e-05,0.00010728836059570312,,0.8938884735107422,0.09451556205749512,0.08774232864379883,0.04077410697937012,0.027962207794189453,1.2286858558654785,6.0,6.0,0.0001,10000.0,hydrogen,"['z','uy','ux','x']","{'x': [2.7496137543790596e-06, 4.635819872789621e-06], 'y': [-1.1999989434582632e-05, -1.0505229436320425e-05], 'z': [5.2462210708949075e-06, 6.8759934101121306e-06], 'ux': [-0.001877112801826817, 0.04115010441330852], 'uy': [-0.11945666371243434, 0.02047461747604866], 'uz': [-0.01719627517058548, 0.01936996373013499]}",1084789.0
30.0,0.01%,"('ux','uy','uz','x','y','z')",2.0,GeoIndex,Min-Max,File,None,True,False,,0.10624337196350098,0.003824472427368164,,,8.869171142578125e-05,2.3541855812072754,0.3671896457672119,0.3809378147125244,0.19484162330627441,0.05132174491882324,3.4876506328582764,16.0,16.0,0.000101,10000.0,hydrogen,"['uy','z','y','x']","{'x': [-7.502174342163327e-06, -5.955672670804229e-06], 'y': [-7.489184587862538e-06, -5.967753146025646e-06], 'z': [3.108609789727442e-05, 3.2663901991543416e-05], 'ux': [0.005578440224797317, 0.011193304053907557], 'uy': [0.013605059724436703, 0.01764537220855055], 'uz': [0.018930553838726365, 0.0243124081018053]}",1319740.0
30.0,0.01%,"('ux','uy','uz','x','y','z')",3.0,GeoIndex,Rtree,File,None,True,False,,0.042670249938964844,0.00012373924255371094,,,8.058547973632812e-05,2.1954305171966553,0.3341555595397949,0.3875124454498291,0.19712138175964355,0.048775672912597656,3.2193031311035156,16.0,16.0,0.000101,10000.0,hydrogen,"['uy','z','y','x']","{'x': [-7.502174342163327e-06, -5.955672670804229e-06], 'y': [-7.489184587862538e-06, -5.967753146025646e-06], 'z': [3.108609789727442e-05, 3.2663901991543416e-05], 'ux': [0.005578440224797317, 0.011193304053907557], 'uy': [0.013605059724436703, 0.01764537220855055], 'uz': [0.018930553838726365, 0.0243124081018053]}",1319740.0
30.0,0.01%,"('ux','uy','uz','x','y','z')",4.0,GeoIndex,Min-Max,File,None,False,True,,0.10627508163452148,0.003869295120239258,1.5974044799804688e-05,0.0003540515899658203,,2.300907611846924,0.3353128433227539,0.37294960021972656,0.19349288940429688,0.04839181900024414,3.3882782459259033,16.0,16.0,0.000101,10000.0,hydrogen,"['uy','z','y','x']","{'x': [-7.502174342163327e-06, -5.955672670804229e-06], 'y': [-7.489184587862538e-06, -5.967753146025646e-06], 'z': [3.108609789727442e-05, 3.2663901991543416e-05], 'ux': [0.005578440224797317, 0.011193304053907557], 'uy': [0.013605059724436703, 0.01764537220855055], 'uz': [0.018930553838726365, 0.0243124081018053]}",1319740.0
30.0,0.01%,"('ux','uy','uz','x','y','z')",5.0,GeoIndex,Rtree,File,None,False,True,,0.040802717208862305,0.00012636184692382812,1.430511474609375e-05,0.0003647804260253906,,2.2550418376922607,0.3516383171081543,0.3858184814453125,0.19623255729675293,0.04980325698852539,3.29303240776062,16.0,16.0,0.000101,10000.0,hydrogen,"['uy','z','y','x']","{'x': [-7.502174342163327e-06, -5.955672670804229e-06], 'y': [-7.489184587862538e-06, -5.967753146025646e-06], 'z': [3.108609789727442e-05, 3.2663901991543416e-05], 'ux': [0.005578440224797317, 0.011193304053907557], 'uy': [0.013605059724436703, 0.01764537220855055], 'uz': [0.018930553838726365, 0.0243124081018053]}",1319740.0
31.0,0.01%,"('ux','uy','uz','x','y','z')",2.0,GeoIndex,Min-Max,File,None,True,False,,0.11758065223693848,0.003014802932739258,,,4.267692565917969e-05,0.9515419006347656,0.1334400177001953,0.13186168670654297,0.060132741928100586,0.03328061103820801,1.456022024154663,6.0,6.0,0.000101,10000.0,hydrogen,"['uy','z','ux','x']","{'x': [-1.0453093436200025e-05, -8.925500811008134e-06], 'y': [9.000000541755914e-06, 1.0499998304536655e-05], 'z': [-2.9434937211953308e-05, -2.781103424113664e-05], 'ux': [0.0014373806407169017, 0.0028673137907611205], 'uy': [-0.0037371662283121926, -0.0021673980660403187], 'uz': [-0.008216628731686867, -0.006532653548793005]}",1201792.0
31.0,0.01%,"('ux','uy','uz','x','y','z')",3.0,GeoIndex,Rtree,File,None,True,False,,0.04506969451904297,0.00013208389282226562,,,4.315376281738281e-05,0.920884370803833,0.13515043258666992,0.1311802864074707,0.06256294250488281,0.03359723091125488,1.3384041786193848,6.0,6.0,0.000101,10000.0,hydrogen,"['uy','z','ux','x']","{'x': [-1.0453093436200025e-05, -8.925500811008134e-06], 'y': [9.000000541755914e-06, 1.0499998304536655e-05], 'z': [-2.9434937211953308e-05, -2.781103424113664e-05], 'ux': [0.0014373806407169017, 0.0028673137907611205], 'uy': [-0.0037371662283121926, -0.0021673980660403187], 'uz': [-0.008216628731686867, -0.006532653548793005]}",1201792.0
31.0,0.01%,"('ux','uy','uz','x','y','z')",4.0,GeoIndex,Min-Max,File,None,False,True,,0.1174004077911377,0.002983570098876953,1.1920928955078125e-05,0.0001049041748046875,,0.9350464344024658,0.12348175048828125,0.12905645370483398,0.06004142761230469,0.03316235542297363,1.4267966747283936,6.0,6.0,0.000101,10000.0,hydrogen,"['uy','z','ux','x']","{'x': [-1.0453093436200025e-05, -8.925500811008134e-06], 'y': [9.000000541755914e-06, 1.0499998304536655e-05], 'z': [-2.9434937211953308e-05, -2.781103424113664e-05], 'ux': [0.0014373806407169017, 0.0028673137907611205], 'uy': [-0.0037371662283121926, -0.0021673980660403187], 'uz': [-0.008216628731686867, -0.006532653548793005]}",1201792.0
31.0,0.01%,"('ux','uy','uz','x','y','z')",5.0,GeoIndex,Rtree,File,None,False,True,,0.04550457000732422,0.0001366138458251953,1.1444091796875e-05,0.00010251998901367188,,0.9051558971405029,0.13431978225708008,0.12944602966308594,0.05993199348449707,0.035184621810913086,1.321235179901123,6.0,6.0,0.000101,10000.0,hydrogen,"['uy','z','ux','x']","{'x': [-1.0453093436200025e-05, -8.925500811008134e-06], 'y': [9.000000541755914e-06, 1.0499998304536655e-05], 'z': [-2.9434937211953308e-05, -2.781103424113664e-05], 'ux': [0.0014373806407169017, 0.0028673137907611205], 'uy': [-0.0037371662283121926, -0.0021673980660403187], 'uz': [-0.008216628731686867, -0.006532653548793005]}",1201792.0
32.0,0.01%,"('ux','uy','uz','x','y','z')",2.0,GeoIndex,Min-Max,File,None,True,False,,0.1785449981689453,0.0034508705139160156,,,3.5762786865234375e-05,0.6783163547515869,0.08767580986022949,0.07981681823730469,0.03571820259094238,0.02576613426208496,1.1273255348205566,4.0,4.0,0.000101,10000.0,hydrogen,"['z','uz','uy','x']","{'x': [-4.489647298956747e-06, -2.9101118070322983e-06], 'y': [-1.0499651548812118e-05, -9.000317775362587e-06], 'z': [3.861054367852628e-06, 5.317054373527335e-06], 'ux': [-0.05909388897832438, 0.0002664619590611259], 'uy': [-0.0948632034276981, 0.004745744862401813], 'uz': [-0.015307643903969024, 0.0315130338301555]}",1060594.0
32.0,0.01%,"('ux','uy','uz','x','y','z')",3.0,GeoIndex,Rtree,File,None,True,False,,0.06676220893859863,0.0006995201110839844,,,4.5299530029296875e-05,0.7060811519622803,0.09102535247802734,0.0862269401550293,0.041707515716552734,0.025261878967285156,1.0316689014434814,4.0,4.0,0.000101,10000.0,hydrogen,"['z','uz','uy','x']","{'x': [-4.489647298956747e-06, -2.9101118070322983e-06], 'y': [-1.0499651548812118e-05, -9.000317775362587e-06], 'z': [3.861054367852628e-06, 5.317054373527335e-06], 'ux': [-0.05909388897832438, 0.0002664619590611259], 'uy': [-0.0948632034276981, 0.004745744862401813], 'uz': [-0.015307643903969024, 0.0315130338301555]}",1060594.0
32.0,0.01%,"('ux','uy','uz','x','y','z')",4.0,GeoIndex,Min-Max,File,None,False,True,,0.18185806274414062,0.0034859180450439453,1.1920928955078125e-05,6.67572021484375e-05,,0.7105605602264404,0.09285616874694824,0.0807807445526123,0.038538217544555664,0.027472734451293945,1.1730856895446777,4.0,4.0,0.000101,10000.0,hydrogen,"['z','uz','uy','x']","{'x': [-4.489647298956747e-06, -2.9101118070322983e-06], 'y': [-1.0499651548812118e-05, -9.000317775362587e-06], 'z': [3.861054367852628e-06, 5.317054373527335e-06], 'ux': [-0.05909388897832438, 0.0002664619590611259], 'uy': [-0.0948632034276981, 0.004745744862401813], 'uz': [-0.015307643903969024, 0.0315130338301555]}",1060594.0
32.0,0.01%,"('ux','uy','uz','x','y','z')",5.0,GeoIndex,Rtree,File,None,False,True,,0.06884622573852539,0.0007040500640869141,1.1205673217773438e-05,7.43865966796875e-05,,0.6951313018798828,0.09425830841064453,0.08900594711303711,0.04396343231201172,0.028835773468017578,1.036052942276001,4.0,4.0,0.000101,10000.0,hydrogen,"['z','uz','uy','x']","{'x': [-4.489647298956747e-06, -2.9101118070322983e-06], 'y': [-1.0499651548812118e-05, -9.000317775362587e-06], 'z': [3.861054367852628e-06, 5.317054373527335e-06], 'ux': [-0.05909388897832438, 0.0002664619590611259], 'uy': [-0.0948632034276981, 0.004745744862401813], 'uz': [-0.015307643903969024, 0.0315130338301555]}",1060594.0
33.0,0.01%,"('ux','uy','uz','x','y','z')",2.0,GeoIndex,Min-Max,File,None,True,False,,0.12633872032165527,0.003893136978149414,,,9.369850158691406e-05,1.9007084369659424,0.25189709663391113,0.2737877368927002,0.13428854942321777,0.04238271713256836,2.762758493423462,18.0,18.0,0.0001,10000.0,hydrogen,"['x','y','uy','ux','uz','z']","{'x': [-8.00081599861133e-06, -5.399460750323153e-06], 'y': [7.210145736317884e-06, 9.2375815995814e-06], 'z': [-3.925016785176139e-05, -3.833297237423667e-05], 'ux': [0.0009201214273230756, 0.0016986532263681983], 'uy': [-0.002663312468529087, -0.0018149924318426175], 'uz': [-0.002593645945445657, -0.0019328111032186363]}",1312458.0
33.0,0.01%,"('ux','uy','uz','x','y','z')",3.0,GeoIndex,Rtree,File,None,True,False,,0.04357004165649414,0.00014472007751464844,,,9.322166442871094e-05,1.8364202976226807,0.25691843032836914,0.268660306930542,0.13382196426391602,0.04240846633911133,2.594421863555908,18.0,18.0,0.0001,10000.0,hydrogen,"['x','y','uy','ux','uz','z']","{'x': [-8.00081599861133e-06, -5.399460750323153e-06], 'y': [7.210145736317884e-06, 9.2375815995814e-06], 'z': [-3.925016785176139e-05, -3.833297237423667e-05], 'ux': [0.0009201214273230756, 0.0016986532263681983], 'uy': [-0.002663312468529087, -0.0018149924318426175], 'uz': [-0.002593645945445657, -0.0019328111032186363]}",1312458.0
33.0,0.01%,"('ux','uy','uz','x','y','z')",4.0,GeoIndex,Min-Max,File,None,False,True,,0.12875938415527344,0.003907918930053711,1.7404556274414062e-05,0.0004017353057861328,,1.8854806423187256,0.261063814163208,0.2701704502105713,0.13554143905639648,0.04193615913391113,2.7566888332366943,18.0,18.0,0.0001,10000.0,hydrogen,"['x','y','uy','ux','uz','z']","{'x': [-8.00081599861133e-06, -5.399460750323153e-06], 'y': [7.210145736317884e-06, 9.2375815995814e-06], 'z': [-3.925016785176139e-05, -3.833297237423667e-05], 'ux': [0.0009201214273230756, 0.0016986532263681983], 'uy': [-0.002663312468529087, -0.0018149924318426175], 'uz': [-0.002593645945445657, -0.0019328111032186363]}",1312458.0
33.0,0.01%,"('ux','uy','uz','x','y','z')",5.0,GeoIndex,Rtree,File,None,False,True,,0.04359602928161621,0.00014328956604003906,1.4066696166992188e-05,0.0003886222839355469,,1.7662711143493652,0.24528837203979492,0.2704353332519531,0.13552188873291016,0.042403221130371094,2.516510248184204,18.0,18.0,0.0001,10000.0,hydrogen,"['x','y','uy','ux','uz','z']","{'x': [-8.00081599861133e-06, -5.399460750323153e-06], 'y': [7.210145736317884e-06, 9.2375815995814e-06], 'z': [-3.925016785176139e-05, -3.833297237423667e-05], 'ux': [0.0009201214273230756, 0.0016986532263681983], 'uy': [-0.002663312468529087, -0.0018149924318426175], 'uz': [-0.002593645945445657, -0.0019328111032186363]}",1312458.0
34.0,0.01%,"('ux','uy','uz','x','y','z')",2.0,GeoIndex,Min-Max,File,None,True,False,,0.1751408576965332,0.0035400390625,,,5.3882598876953125e-05,0.9757881164550781,0.14450359344482422,0.14193391799926758,0.06487059593200684,0.03201889991760254,1.5770723819732666,8.0,8.0,9.9e-05,10000.0,hydrogen,"['uz','z','x','y']","{'x': [9.084729520709158e-06, 1.0591460824450033e-05], 'y': [7.4175442321416985e-06, 8.991829053195702e-06], 'z': [8.485368759182755e-06, 1.0056257648215949e-05], 'ux': [-0.0002469602266884768, 0.1398087548822086], 'uy': [-0.00019026053311859832, 0.12704283229856414], 'uz': [-0.026331758470236933, 0.026410680123045645]}",1165542.0
34.0,0.01%,"('ux','uy','uz','x','y','z')",3.0,GeoIndex,Rtree,File,None,True,False,,0.06411361694335938,0.0006537437438964844,,,5.2928924560546875e-05,0.9731547832489014,0.1557772159576416,0.1434643268585205,0.06908297538757324,0.0343019962310791,1.455514669418335,8.0,8.0,9.9e-05,10000.0,hydrogen,"['uz','z','x','y']","{'x': [9.084729520709158e-06, 1.0591460824450033e-05], 'y': [7.4175442321416985e-06, 8.991829053195702e-06], 'z': [8.485368759182755e-06, 1.0056257648215949e-05], 'ux': [-0.0002469602266884768, 0.1398087548822086], 'uy': [-0.00019026053311859832, 0.12704283229856414], 'uz': [-0.026331758470236933, 0.026410680123045645]}",1165542.0
34.0,0.01%,"('ux','uy','uz','x','y','z')",4.0,GeoIndex,Min-Max,File,None,False,True,,0.17590093612670898,0.003541707992553711,1.3113021850585938e-05,0.00015544891357421875,,0.9724323749542236,0.15680146217346191,0.1425185203552246,0.0667731761932373,0.03429388999938965,1.5936551094055176,8.0,8.0,9.9e-05,10000.0,hydrogen,"['uz','z','x','y']","{'x': [9.084729520709158e-06, 1.0591460824450033e-05], 'y': [7.4175442321416985e-06, 8.991829053195702e-06], 'z': [8.485368759182755e-06, 1.0056257648215949e-05], 'ux': [-0.0002469602266884768, 0.1398087548822086], 'uy': [-0.00019026053311859832, 0.12704283229856414], 'uz': [-0.026331758470236933, 0.026410680123045645]}",1165542.0
34.0,0.01%,"('ux','uy','uz','x','y','z')",5.0,GeoIndex,Rtree,File,None,False,True,,0.0633394718170166,0.0006482601165771484,1.1920928955078125e-05,0.00015616416931152344,,0.9689278602600098,0.156524658203125,0.14429068565368652,0.06751775741577148,0.03456902503967285,1.4508514404296875,8.0,8.0,9.9e-05,10000.0,hydrogen,"['uz','z','x','y']","{'x': [9.084729520709158e-06, 1.0591460824450033e-05], 'y': [7.4175442321416985e-06, 8.991829053195702e-06], 'z': [8.485368759182755e-06, 1.0056257648215949e-05], 'ux': [-0.0002469602266884768, 0.1398087548822086], 'uy': [-0.00019026053311859832, 0.12704283229856414], 'uz': [-0.026331758470236933, 0.026410680123045645]}",1165542.0
35.0,0.01%,"('ux','uy','uz','x','y','z')",2.0,GeoIndex,Min-Max,File,None,True,False,,0.10737299919128418,0.0030450820922851562,,,6.461143493652344e-05,1.5907418727874756,0.24816513061523438,0.24771475791931152,0.12282180786132812,0.03743124008178711,2.384397268295288,11.0,11.0,0.000101,10000.0,hydrogen,"['uz','ux','uy','y','z','x']","{'x': [1.5897551607903224e-06, 3.0424361396809927e-06], 'y': [4.544706620420393e-06, 6.056028639291281e-06], 'z': [3.560419757786208e-05, 3.7191706078018614e-05], 'ux': [-0.0069427069653309826, -0.0038268680118830234], 'uy': [-0.014934758753898027, -0.011283432547905998], 'uz': [0.009720193805512159, 0.012760951038134552]}",1199062.0
35.0,0.01%,"('ux','uy','uz','x','y','z')",3.0,GeoIndex,Rtree,File,None,True,False,,0.04080915451049805,0.0001327991485595703,,,6.389617919921875e-05,1.5354888439178467,0.2264244556427002,0.2566490173339844,0.13750076293945312,0.03967165946960449,2.248159885406494,11.0,11.0,0.000101,10000.0,hydrogen,"['uz','ux','uy','y','z','x']","{'x': [1.5897551607903224e-06, 3.0424361396809927e-06], 'y': [4.544706620420393e-06, 6.056028639291281e-06], 'z': [3.560419757786208e-05, 3.7191706078018614e-05], 'ux': [-0.0069427069653309826, -0.0038268680118830234], 'uy': [-0.014934758753898027, -0.011283432547905998], 'uz': [0.009720193805512159, 0.012760951038134552]}",1199062.0
35.0,0.01%,"('ux','uy','uz','x','y','z')",4.0,GeoIndex,Min-Max,File,None,False,True,,0.10803866386413574,0.002912282943725586,1.4781951904296875e-05,0.0002543926239013672,,1.5958704948425293,0.2349858283996582,0.24814128875732422,0.12361645698547363,0.037843942642211914,2.376936197280884,11.0,11.0,0.000101,10000.0,hydrogen,"['uz','ux','uy','y','z','x']","{'x': [1.5897551607903224e-06, 3.0424361396809927e-06], 'y': [4.544706620420393e-06, 6.056028639291281e-06], 'z': [3.560419757786208e-05, 3.7191706078018614e-05], 'ux': [-0.0069427069653309826, -0.0038268680118830234], 'uy': [-0.014934758753898027, -0.011283432547905998], 'uz': [0.009720193805512159, 0.012760951038134552]}",1199062.0
35.0,0.01%,"('ux','uy','uz','x','y','z')",5.0,GeoIndex,Rtree,File,None,False,True,,0.04076981544494629,0.0001246929168701172,1.3589859008789062e-05,0.00025463104248046875,,1.6209750175476074,0.2284409999847412,0.24839258193969727,0.12166476249694824,0.03907299041748047,2.3111448287963867,11.0,11.0,0.000101,10000.0,hydrogen,"['uz','ux','uy','y','z','x']","{'x': [1.5897551607903224e-06, 3.0424361396809927e-06], 'y': [4.544706620420393e-06, 6.056028639291281e-06], 'z': [3.560419757786208e-05, 3.7191706078018614e-05], 'ux': [-0.0069427069653309826, -0.0038268680118830234], 'uy': [-0.014934758753898027, -0.011283432547905998], 'uz': [0.009720193805512159, 0.012760951038134552]}",1199062.0
36.0,0.01%,"('ux','uy','uz','x','y','z')",2.0,GeoIndex,Min-Max,File,None,True,False,,0.1518855094909668,0.002391338348388672,,,3.147125244140625e-05,0.6275904178619385,0.06689691543579102,0.05444025993347168,0.025658130645751953,0.014521598815917969,0.9741013050079346,3.0,3.0,0.000101,10000.0,hydrogen,"['x','uy','z','ux','uz']","{'x': [1.0706488677654104e-05, 1.2097593100333714e-05], 'y': [-8.999999918921568e-06, -7.500001672314009e-06], 'z': [-2.3431980853642614e-05, -2.1815641139950138e-05], 'ux': [-0.004046290303157193, 0.013159700461927477], 'uy': [-0.0019217693673554857, 0.002431842691654038], 'uz': [-0.031795979010562934, -0.013866324990776497]}",1083013.0
36.0,0.01%,"('ux','uy','uz','x','y','z')",3.0,GeoIndex,Rtree,File,None,True,False,,0.05460333824157715,0.0005788803100585938,,,3.218650817871094e-05,0.6232948303222656,0.06912946701049805,0.054419755935668945,0.027346372604370117,0.01448202133178711,0.8546168804168701,3.0,3.0,0.000101,10000.0,hydrogen,"['x','uy','z','ux','uz']","{'x': [1.0706488677654104e-05, 1.2097593100333714e-05], 'y': [-8.999999918921568e-06, -7.500001672314009e-06], 'z': [-2.3431980853642614e-05, -2.1815641139950138e-05], 'ux': [-0.004046290303157193, 0.013159700461927477], 'uy': [-0.0019217693673554857, 0.002431842691654038], 'uz': [-0.031795979010562934, -0.013866324990776497]}",1083013.0
36.0,0.01%,"('ux','uy','uz','x','y','z')",4.0,GeoIndex,Min-Max,File,None,False,True,,0.15140962600708008,0.0023682117462158203,1.0013580322265625e-05,4.649162292480469e-05,,0.6295387744903564,0.06840324401855469,0.05569744110107422,0.026975154876708984,0.01627373695373535,0.9826474189758301,3.0,3.0,0.000101,10000.0,hydrogen,"['x','uy','z','ux','uz']","{'x': [1.0706488677654104e-05, 1.2097593100333714e-05], 'y': [-8.999999918921568e-06, -7.500001672314009e-06], 'z': [-2.3431980853642614e-05, -2.1815641139950138e-05], 'ux': [-0.004046290303157193, 0.013159700461927477], 'uy': [-0.0019217693673554857, 0.002431842691654038], 'uz': [-0.031795979010562934, -0.013866324990776497]}",1083013.0
36.0,0.01%,"('ux','uy','uz','x','y','z')",5.0,GeoIndex,Rtree,File,None,False,True,,0.05459284782409668,0.0005733966827392578,9.775161743164062e-06,4.8160552978515625e-05,,0.6419851779937744,0.06969380378723145,0.05609393119812012,0.02729010581970215,0.014412879943847656,0.8745720386505127,3.0,3.0,0.000101,10000.0,hydrogen,"['x','uy','z','ux','uz']","{'x': [1.0706488677654104e-05, 1.2097593100333714e-05], 'y': [-8.999999918921568e-06, -7.500001672314009e-06], 'z': [-2.3431980853642614e-05, -2.1815641139950138e-05], 'ux': [-0.004046290303157193, 0.013159700461927477], 'uy': [-0.0019217693673554857, 0.002431842691654038], 'uz': [-0.031795979010562934, -0.013866324990776497]}",1083013.0
37.0,0.01%,"('ux','uy','uz','x','y','z')",2.0,GeoIndex,Min-Max,File,None,True,False,,0.1503767967224121,0.004243135452270508,,,9.322166442871094e-05,2.8426599502563477,0.3725316524505615,0.41894054412841797,0.2068495750427246,0.04566836357116699,4.07654881477356,18.0,18.0,0.0001,10000.0,hydrogen,"['x','ux','y','z','uz','uy']","{'x': [-3.0836542088745655e-06, -1.416348030392397e-06], 'y': [1.0449189126121074e-05, 1.2020468252227572e-05], 'z': [-2.489037188867473e-05, -2.3333310167546278e-05], 'ux': [0.0001819080548437245, 0.0009213953354317778], 'uy': [-0.005939442208469653, 0.0015832343969463488], 'uz': [-0.022234714557728366, -0.010915422312534603]}",1314437.0
37.0,0.01%,"('ux','uy','uz','x','y','z')",3.0,GeoIndex,Rtree,File,None,True,False,,0.05300593376159668,0.0005235671997070312,,,9.369850158691406e-05,2.2920186519622803,0.364330530166626,0.41747355461120605,0.20715999603271484,0.04572319984436035,3.3956289291381836,18.0,18.0,0.0001,10000.0,hydrogen,"['x','ux','y','z','uz','uy']","{'x': [-3.0836542088745655e-06, -1.416348030392397e-06], 'y': [1.0449189126121074e-05, 1.2020468252227572e-05], 'z': [-2.489037188867473e-05, -2.3333310167546278e-05], 'ux': [0.0001819080548437245, 0.0009213953354317778], 'uy': [-0.005939442208469653, 0.0015832343969463488], 'uz': [-0.022234714557728366, -0.010915422312534603]}",1314437.0
37.0,0.01%,"('ux','uy','uz','x','y','z')",4.0,GeoIndex,Min-Max,File,None,False,True,,0.15109038352966309,0.004084587097167969,1.8358230590820312e-05,0.00045418739318847656,,2.3401882648468018,0.3818545341491699,0.41678285598754883,0.21117854118347168,0.0465388298034668,3.5877158641815186,18.0,18.0,0.0001,10000.0,hydrogen,"['x','ux','y','z','uz','uy']","{'x': [-3.0836542088745655e-06, -1.416348030392397e-06], 'y': [1.0449189126121074e-05, 1.2020468252227572e-05], 'z': [-2.489037188867473e-05, -2.3333310167546278e-05], 'ux': [0.0001819080548437245, 0.0009213953354317778], 'uy': [-0.005939442208469653, 0.0015832343969463488], 'uz': [-0.022234714557728366, -0.010915422312534603]}",1314437.0
37.0,0.01%,"('ux','uy','uz','x','y','z')",5.0,GeoIndex,Rtree,File,None,False,True,,0.05275750160217285,0.0005192756652832031,1.4066696166992188e-05,0.0004489421844482422,,2.2387335300445557,0.3483884334564209,0.4067075252532959,0.20371222496032715,0.045538902282714844,3.3119707107543945,18.0,18.0,0.0001,10000.0,hydrogen,"['x','ux','y','z','uz','uy']","{'x': [-3.0836542088745655e-06, -1.416348030392397e-06], 'y': [1.0449189126121074e-05, 1.2020468252227572e-05], 'z': [-2.489037188867473e-05, -2.3333310167546278e-05], 'ux': [0.0001819080548437245, 0.0009213953354317778], 'uy': [-0.005939442208469653, 0.0015832343969463488], 'uz': [-0.022234714557728366, -0.010915422312534603]}",1314437.0
38.0,0.01%,"('ux','uy','uz','x','y','z')",2.0,GeoIndex,Min-Max,File,None,True,False,,0.19939374923706055,0.0037183761596679688,,,9.512901306152344e-05,2.9668772220611572,0.3790459632873535,0.4154338836669922,0.2071988582611084,0.04268765449523926,4.261925458908081,18.0,18.0,9.9e-05,10000.0,hydrogen,"['ux','y','uy','z','x']","{'x': [-2.9218647393077622e-06, -1.4797346316412975e-06], 'y': [-9.101098345168431e-06, -7.446705522955124e-06], 'z': [1.137076334014721e-05, 1.3027149647613272e-05], 'ux': [-0.04284601874730476, 0.002385722810066989], 'uy': [-0.1201789031981979, 0.00584391505618323], 'uz': [-0.03317380328499946, 0.053032239678245344]}",1215787.0
38.0,0.01%,"('ux','uy','uz','x','y','z')",3.0,GeoIndex,Rtree,File,None,True,False,,0.07657718658447266,0.0007367134094238281,,,9.202957153320312e-05,2.1224029064178467,0.3718531131744385,0.4151754379272461,0.21080613136291504,0.04134678840637207,3.259962558746338,18.0,18.0,9.9e-05,10000.0,hydrogen,"['ux','y','uy','z','x']","{'x': [-2.9218647393077622e-06, -1.4797346316412975e-06], 'y': [-9.101098345168431e-06, -7.446705522955124e-06], 'z': [1.137076334014721e-05, 1.3027149647613272e-05], 'ux': [-0.04284601874730476, 0.002385722810066989], 'uy': [-0.1201789031981979, 0.00584391505618323], 'uz': [-0.03317380328499946, 0.053032239678245344]}",1215787.0
38.0,0.01%,"('ux','uy','uz','x','y','z')",4.0,GeoIndex,Min-Max,File,None,False,True,,0.2036757469177246,0.0036313533782958984,1.6927719116210938e-05,0.0003886222839355469,,2.2438905239105225,0.36882567405700684,0.4162299633026123,0.21140503883361816,0.044187068939208984,3.540814161300659,18.0,18.0,9.9e-05,10000.0,hydrogen,"['ux','y','uy','z','x']","{'x': [-2.9218647393077622e-06, -1.4797346316412975e-06], 'y': [-9.101098345168431e-06, -7.446705522955124e-06], 'z': [1.137076334014721e-05, 1.3027149647613272e-05], 'ux': [-0.04284601874730476, 0.002385722810066989], 'uy': [-0.1201789031981979, 0.00584391505618323], 'uz': [-0.03317380328499946, 0.053032239678245344]}",1215787.0
38.0,0.01%,"('ux','uy','uz','x','y','z')",5.0,GeoIndex,Rtree,File,None,False,True,,0.07565641403198242,0.0007293224334716797,1.5497207641601562e-05,0.0003859996795654297,,2.232921838760376,0.3612208366394043,0.4085409641265869,0.2074298858642578,0.04358983039855957,3.3515846729278564,18.0,18.0,9.9e-05,10000.0,hydrogen,"['ux','y','uy','z','x']","{'x': [-2.9218647393077622e-06, -1.4797346316412975e-06], 'y': [-9.101098345168431e-06, -7.446705522955124e-06], 'z': [1.137076334014721e-05, 1.3027149647613272e-05], 'ux': [-0.04284601874730476, 0.002385722810066989], 'uy': [-0.1201789031981979, 0.00584391505618323], 'uz': [-0.03317380328499946, 0.053032239678245344]}",1215787.0
39.0,0.01%,"('ux','uy','uz','x','y','z')",2.0,GeoIndex,Min-Max,File,None,True,False,,0.12249112129211426,0.0037729740142822266,,,7.43865966796875e-05,1.664358377456665,0.24214911460876465,0.26122045516967773,0.1282191276550293,0.03720736503601074,2.4869441986083984,12.0,12.0,0.000101,10000.0,hydrogen,"['ux','uz','y','z','x']","{'x': [4.460791028830414e-06, 6.011203655768474e-06], 'y': [-8.965691382543591e-06, -7.45762263009137e-06], 'z': [-3.228061972250449e-05, -3.085538904296309e-05], 'ux': [-0.0021821493429563335, -0.001232893254802613], 'uy': [0.003809031328700214, 0.005170960015119457], 'uz': [-0.00538803467210681, -0.004004081591264427]}",1089771.0
39.0,0.01%,"('ux','uy','uz','x','y','z')",3.0,GeoIndex,Rtree,File,None,True,False,,0.042558908462524414,0.0001323223114013672,,,6.508827209472656e-05,1.622162103652954,0.25400376319885254,0.2677943706512451,0.13340473175048828,0.03883028030395508,2.370816469192505,12.0,12.0,0.000101,10000.0,hydrogen,"['ux','uz','y','z','x']","{'x': [4.460791028830414e-06, 6.011203655768474e-06], 'y': [-8.965691382543591e-06, -7.45762263009137e-06], 'z': [-3.228061972250449e-05, -3.085538904296309e-05], 'ux': [-0.0021821493429563335, -0.001232893254802613], 'uy': [0.003809031328700214, 0.005170960015119457], 'uz': [-0.00538803467210681, -0.004004081591264427]}",1089771.0
39.0,0.01%,"('ux','uy','uz','x','y','z')",4.0,GeoIndex,Min-Max,File,None,False,True,,0.12257909774780273,0.0037469863891601562,1.5735626220703125e-05,0.00025916099548339844,,1.6469037532806396,0.2396988868713379,0.2639427185058594,0.13448452949523926,0.03897452354431152,2.478518009185791,12.0,12.0,0.000101,10000.0,hydrogen,"['ux','uz','y','z','x']","{'x': [4.460791028830414e-06, 6.011203655768474e-06], 'y': [-8.965691382543591e-06, -7.45762263009137e-06], 'z': [-3.228061972250449e-05, -3.085538904296309e-05], 'ux': [-0.0021821493429563335, -0.001232893254802613], 'uy': [0.003809031328700214, 0.005170960015119457], 'uz': [-0.00538803467210681, -0.004004081591264427]}",1089771.0
39.0,0.01%,"('ux','uy','uz','x','y','z')",5.0,GeoIndex,Rtree,File,None,False,True,,0.04261326789855957,0.00013566017150878906,1.2636184692382812e-05,0.0002467632293701172,,1.590994119644165,0.23004436492919922,0.2642674446105957,0.13187909126281738,0.038407087326049805,2.3103997707366943,12.0,12.0,0.000101,10000.0,hydrogen,"['ux','uz','y','z','x']","{'x': [4.460791028830414e-06, 6.011203655768474e-06], 'y': [-8.965691382543591e-06, -7.45762263009137e-06], 'z': [-3.228061972250449e-05, -3.085538904296309e-05], 'ux': [-0.0021821493429563335, -0.001232893254802613], 'uy': [0.003809031328700214, 0.005170960015119457], 'uz': [-0.00538803467210681, -0.004004081591264427]}",1089771.0
40.0,0.01%,"('ux','uy','uz','x','y','z')",2.0,GeoIndex,Min-Max,File,None,True,False,,0.2135171890258789,0.004764556884765625,,,0.00012874603271484375,2.9984021186828613,0.4253385066986084,0.4890165328979492,0.24875998497009277,0.054064035415649414,4.485363960266113,27.0,27.0,0.0001,10000.0,hydrogen,"['y','z','x','uz','ux','uy']","{'x': [-8.91569479280377e-08, 1.5891558137758615e-06], 'y': [2.9675683998584023e-06, 4.532430180047332e-06], 'z': [-3.811451512570203e-06, -2.043813049780593e-06], 'ux': [-0.039084276359688926, 0.04845625793570862], 'uy': [-0.03805461348700259, 0.11374951978634365], 'uz': [-0.0639223570492262, 0.08492403955891654]}",1312606.0
40.0,0.01%,"('ux','uy','uz','x','y','z')",3.0,GeoIndex,Rtree,File,None,True,False,,0.08532428741455078,0.0008728504180908203,,,0.0001316070556640625,2.9673759937286377,0.4517083168029785,0.49985241889953613,0.26349902153015137,0.05688881874084473,4.35122013092041,27.0,27.0,0.0001,10000.0,hydrogen,"['y','z','x','uz','ux','uy']","{'x': [-8.91569479280377e-08, 1.5891558137758615e-06], 'y': [2.9675683998584023e-06, 4.532430180047332e-06], 'z': [-3.811451512570203e-06, -2.043813049780593e-06], 'ux': [-0.039084276359688926, 0.04845625793570862], 'uy': [-0.03805461348700259, 0.11374951978634365], 'uz': [-0.0639223570492262, 0.08492403955891654]}",1312606.0
40.0,0.01%,"('ux','uy','uz','x','y','z')",4.0,GeoIndex,Min-Max,File,None,False,True,,0.2147979736328125,0.004933834075927734,2.4080276489257812e-05,0.0006778240203857422,,2.990466356277466,0.4448823928833008,0.4758753776550293,0.28952455520629883,0.054296016693115234,4.536441326141357,27.0,27.0,0.0001,10000.0,hydrogen,"['y','z','x','uz','ux','uy']","{'x': [-8.91569479280377e-08, 1.5891558137758615e-06], 'y': [2.9675683998584023e-06, 4.532430180047332e-06], 'z': [-3.811451512570203e-06, -2.043813049780593e-06], 'ux': [-0.039084276359688926, 0.04845625793570862], 'uy': [-0.03805461348700259, 0.11374951978634365], 'uz': [-0.0639223570492262, 0.08492403955891654]}",1312606.0
40.0,0.01%,"('ux','uy','uz','x','y','z')",5.0,GeoIndex,Rtree,File,None,False,True,,0.088592529296875,0.0008685588836669922,2.0742416381835938e-05,0.0006825923919677734,,3.0698530673980713,0.4606800079345703,0.5224001407623291,0.29259181022644043,0.05791425704956055,4.518491268157959,27.0,27.0,0.0001,10000.0,hydrogen,"['y','z','x','uz','ux','uy']","{'x': [-8.91569479280377e-08, 1.5891558137758615e-06], 'y': [2.9675683998584023e-06, 4.532430180047332e-06], 'z': [-3.811451512570203e-06, -2.043813049780593e-06], 'ux': [-0.039084276359688926, 0.04845625793570862], 'uy': [-0.03805461348700259, 0.11374951978634365], 'uz': [-0.0639223570492262, 0.08492403955891654]}",1312606.0
41.0,0.01%,"('ux','uy','uz','x','y','z')",2.0,GeoIndex,Min-Max,File,None,True,False,,0.1262829303741455,0.003805398941040039,,,8.440017700195312e-05,2.2751314640045166,0.32408571243286133,0.34362363815307617,0.1796860694885254,0.04508185386657715,3.3268277645111084,16.0,16.0,9.9e-05,10000.0,hydrogen,"['uz','uy','x','ux','z','y']","{'x': [-4.5200772766146675e-06, -2.911415019415715e-06], 'y': [-8.89775445392319e-06, -7.425554966173511e-06], 'z': [-3.404502043117333e-05, -3.235996383133614e-05], 'ux': [0.0005703060294374349, 0.0015611849566095407], 'uy': [0.003801252910103449, 0.00489232244901874], 'uz': [-0.004215513449318216, -0.0031572802247636063]}",1247208.0
41.0,0.01%,"('ux','uy','uz','x','y','z')",3.0,GeoIndex,Rtree,File,None,True,False,,0.0434269905090332,0.00015234947204589844,,,8.0108642578125e-05,2.0090079307556152,0.3069620132446289,0.34369635581970215,0.1705780029296875,0.04567718505859375,2.9321768283843994,16.0,16.0,9.9e-05,10000.0,hydrogen,"['uz','uy','x','ux','z','y']","{'x': [-4.5200772766146675e-06, -2.911415019415715e-06], 'y': [-8.89775445392319e-06, -7.425554966173511e-06], 'z': [-3.404502043117333e-05, -3.235996383133614e-05], 'ux': [0.0005703060294374349, 0.0015611849566095407], 'uy': [0.003801252910103449, 0.00489232244901874], 'uz': [-0.004215513449318216, -0.0031572802247636063]}",1247208.0
41.0,0.01%,"('ux','uy','uz','x','y','z')",4.0,GeoIndex,Min-Max,File,None,False,True,,0.12654566764831543,0.0038595199584960938,1.6450881958007812e-05,0.0003597736358642578,,2.088366985321045,0.3189220428466797,0.35231900215148926,0.1793532371520996,0.04599356651306152,3.1450798511505127,16.0,16.0,9.9e-05,10000.0,hydrogen,"['uz','uy','x','ux','z','y']","{'x': [-4.5200772766146675e-06, -2.911415019415715e-06], 'y': [-8.89775445392319e-06, -7.425554966173511e-06], 'z': [-3.404502043117333e-05, -3.235996383133614e-05], 'ux': [0.0005703060294374349, 0.0015611849566095407], 'uy': [0.003801252910103449, 0.00489232244901874], 'uz': [-0.004215513449318216, -0.0031572802247636063]}",1247208.0
41.0,0.01%,"('ux','uy','uz','x','y','z')",5.0,GeoIndex,Rtree,File,None,False,True,,0.04419970512390137,0.0001552104949951172,1.4781951904296875e-05,0.0003485679626464844,,2.0778579711914062,0.32782864570617676,0.3387622833251953,0.17674660682678223,0.044886112213134766,3.0232553482055664,16.0,16.0,9.9e-05,10000.0,hydrogen,"['uz','uy','x','ux','z','y']","{'x': [-4.5200772766146675e-06, -2.911415019415715e-06], 'y': [-8.89775445392319e-06, -7.425554966173511e-06], 'z': [-3.404502043117333e-05, -3.235996383133614e-05], 'ux': [0.0005703060294374349, 0.0015611849566095407], 'uy': [0.003801252910103449, 0.00489232244901874], 'uz': [-0.004215513449318216, -0.0031572802247636063]}",1247208.0
42.0,0.01%,"('ux','uy','uz','x','y','z')",2.0,GeoIndex,Min-Max,File,None,True,False,,0.10838675498962402,0.002899169921875,,,5.2928924560546875e-05,1.2810356616973877,0.1443030834197998,0.1457977294921875,0.06917357444763184,0.03155994415283203,1.806654930114746,8.0,8.0,0.000101,10000.0,hydrogen,"['z','y','uz','ux','x']","{'x': [-1.0557537679578187e-05, -9.145930582885621e-06], 'y': [-3.0547954482634014e-06, -1.5566100284646336e-06], 'z': [3.5747692682461596e-05, 3.720870441139926e-05], 'ux': [0.013280235009289603, 0.019966074710152503], 'uy': [0.003090543781193601, 0.007241513335467596], 'uz': [0.012942411278753141, 0.01635706932400992]}",1080818.0
42.0,0.01%,"('ux','uy','uz','x','y','z')",3.0,GeoIndex,Rtree,File,None,True,False,,0.040671348571777344,0.0001163482666015625,,,4.8160552978515625e-05,1.2171087265014648,0.14471077919006348,0.149461030960083,0.0689387321472168,0.031780242919921875,1.6621432304382324,8.0,8.0,0.000101,10000.0,hydrogen,"['z','y','uz','ux','x']","{'x': [-1.0557537679578187e-05, -9.145930582885621e-06], 'y': [-3.0547954482634014e-06, -1.5566100284646336e-06], 'z': [3.5747692682461596e-05, 3.720870441139926e-05], 'ux': [0.013280235009289603, 0.019966074710152503], 'uy': [0.003090543781193601, 0.007241513335467596], 'uz': [0.012942411278753141, 0.01635706932400992]}",1080818.0
42.0,0.01%,"('ux','uy','uz','x','y','z')",4.0,GeoIndex,Min-Max,File,None,False,True,,0.10764050483703613,0.0029244422912597656,1.3828277587890625e-05,0.00014519691467285156,,1.1937751770019531,0.159942626953125,0.1476731300354004,0.06980180740356445,0.029773712158203125,1.7352423667907715,8.0,8.0,0.000101,10000.0,hydrogen,"['z','y','uz','ux','x']","{'x': [-1.0557537679578187e-05, -9.145930582885621e-06], 'y': [-3.0547954482634014e-06, -1.5566100284646336e-06], 'z': [3.5747692682461596e-05, 3.720870441139926e-05], 'ux': [0.013280235009289603, 0.019966074710152503], 'uy': [0.003090543781193601, 0.007241513335467596], 'uz': [0.012942411278753141, 0.01635706932400992]}",1080818.0
42.0,0.01%,"('ux','uy','uz','x','y','z')",5.0,GeoIndex,Rtree,File,None,False,True,,0.040435075759887695,0.00012373924255371094,1.0728836059570312e-05,0.0001423358917236328,,1.2518515586853027,0.1571671962738037,0.14786672592163086,0.06957864761352539,0.03197455406188965,1.7101526260375977,8.0,8.0,0.000101,10000.0,hydrogen,"['z','y','uz','ux','x']","{'x': [-1.0557537679578187e-05, -9.145930582885621e-06], 'y': [-3.0547954482634014e-06, -1.5566100284646336e-06], 'z': [3.5747692682461596e-05, 3.720870441139926e-05], 'ux': [0.013280235009289603, 0.019966074710152503], 'uy': [0.003090543781193601, 0.007241513335467596], 'uz': [0.012942411278753141, 0.01635706932400992]}",1080818.0
43.0,0.01%,"('ux','uy','uz','x','y','z')",2.0,GeoIndex,Min-Max,File,None,True,False,,0.11481523513793945,0.0021469593048095703,,,4.410743713378906e-05,0.8491063117980957,0.11451315879821777,0.0966036319732666,0.045525312423706055,0.03145241737365723,1.2797586917877197,6.0,6.0,0.0001,10000.0,hydrogen,"['ux','uz','y','z']","{'x': [6.00000013589134e-06, 7.499999641982651e-06], 'y': [4.1346884948869303e-07, 3.7710763562874186e-06], 'z': [3.812957879462228e-05, 3.9337780487466966e-05], 'ux': [-0.01500484172944008, -0.008356170377528605], 'uy': [-0.005907183033466281, -0.0015900041433167293], 'uz': [0.009258903311107007, 0.012368205327261652]}",1316068.0
43.0,0.01%,"('ux','uy','uz','x','y','z')",3.0,GeoIndex,Rtree,File,None,True,False,,0.04208230972290039,0.0001220703125,,,4.1484832763671875e-05,0.8400373458862305,0.12224650382995605,0.0988776683807373,0.04678773880004883,0.031734466552734375,1.1904969215393066,6.0,6.0,0.0001,10000.0,hydrogen,"['ux','uz','y','z']","{'x': [6.00000013589134e-06, 7.499999641982651e-06], 'y': [4.1346884948869303e-07, 3.7710763562874186e-06], 'z': [3.812957879462228e-05, 3.9337780487466966e-05], 'ux': [-0.01500484172944008, -0.008356170377528605], 'uy': [-0.005907183033466281, -0.0015900041433167293], 'uz': [0.009258903311107007, 0.012368205327261652]}",1316068.0
43.0,0.01%,"('ux','uy','uz','x','y','z')",4.0,GeoIndex,Min-Max,File,None,False,True,,0.11354637145996094,0.0021622180938720703,1.239776611328125e-05,0.00011301040649414062,,0.8467507362365723,0.10844874382019043,0.09822964668273926,0.04735064506530762,0.03269672393798828,1.2736737728118896,6.0,6.0,0.0001,10000.0,hydrogen,"['ux','uz','y','z']","{'x': [6.00000013589134e-06, 7.499999641982651e-06], 'y': [4.1346884948869303e-07, 3.7710763562874186e-06], 'z': [3.812957879462228e-05, 3.9337780487466966e-05], 'ux': [-0.01500484172944008, -0.008356170377528605], 'uy': [-0.005907183033466281, -0.0015900041433167293], 'uz': [0.009258903311107007, 0.012368205327261652]}",1316068.0
43.0,0.01%,"('ux','uy','uz','x','y','z')",5.0,GeoIndex,Rtree,File,None,False,True,,0.041802406311035156,0.00016045570373535156,1.3589859008789062e-05,0.00017070770263671875,,0.893230676651001,0.11261296272277832,0.09919881820678711,0.04793357849121094,0.0327143669128418,1.2377099990844727,6.0,6.0,0.0001,10000.0,hydrogen,"['ux','uz','y','z']","{'x': [6.00000013589134e-06, 7.499999641982651e-06], 'y': [4.1346884948869303e-07, 3.7710763562874186e-06], 'z': [3.812957879462228e-05, 3.9337780487466966e-05], 'ux': [-0.01500484172944008, -0.008356170377528605], 'uy': [-0.005907183033466281, -0.0015900041433167293], 'uz': [0.009258903311107007, 0.012368205327261652]}",1316068.0
44.0,0.01%,"('ux','uy','uz','x','y','z')",2.0,GeoIndex,Min-Max,File,None,True,False,,0.12912869453430176,0.0023691654205322266,,,2.2649765014648438e-05,0.3997535705566406,0.027822017669677734,0.017336368560791016,0.011685371398925781,0.015195608139038086,0.6283524036407471,1.0,1.0,0.0001,10000.0,hydrogen,"['ux','z','y','uy','uz','x']","{'x': [-1.0499997947863806e-05, -9.000000581519415e-06], 'y': [4.5000001221188145e-06, 5.999999411177016e-06], 'z': [-2.4868418930075627e-05, -2.3355263738531403e-05], 'ux': [-0.002192214999789213, 0.0033498007313923785], 'uy': [-0.0028712003040514814, -0.0020677239816230537], 'uz': [-0.027751791981678278, -0.014177764987031813]}",1313788.0
44.0,0.01%,"('ux','uy','uz','x','y','z')",3.0,GeoIndex,Rtree,File,None,True,False,,0.046799421310424805,0.00015807151794433594,,,2.2411346435546875e-05,0.36835384368896484,0.029410600662231445,0.018041372299194336,0.012168169021606445,0.015008211135864258,0.4979517459869385,1.0,1.0,0.0001,10000.0,hydrogen,"['ux','z','y','uy','uz','x']","{'x': [-1.0499997947863806e-05, -9.000000581519415e-06], 'y': [4.5000001221188145e-06, 5.999999411177016e-06], 'z': [-2.4868418930075627e-05, -2.3355263738531403e-05], 'ux': [-0.002192214999789213, 0.0033498007313923785], 'uy': [-0.0028712003040514814, -0.0020677239816230537], 'uz': [-0.027751791981678278, -0.014177764987031813]}",1313788.0
44.0,0.01%,"('ux','uy','uz','x','y','z')",4.0,GeoIndex,Min-Max,File,None,False,True,,0.1308612823486328,0.002368927001953125,9.5367431640625e-06,3.0994415283203125e-06,,0.3885030746459961,0.028629779815673828,0.017815351486206055,0.011983633041381836,0.015876054763793945,0.6213769912719727,1.0,1.0,0.0001,10000.0,hydrogen,"['ux','z','y','uy','uz','x']","{'x': [-1.0499997947863806e-05, -9.000000581519415e-06], 'y': [4.5000001221188145e-06, 5.999999411177016e-06], 'z': [-2.4868418930075627e-05, -2.3355263738531403e-05], 'ux': [-0.002192214999789213, 0.0033498007313923785], 'uy': [-0.0028712003040514814, -0.0020677239816230537], 'uz': [-0.027751791981678278, -0.014177764987031813]}",1313788.0
44.0,0.01%,"('ux','uy','uz','x','y','z')",5.0,GeoIndex,Rtree,File,None,False,True,,0.04611849784851074,0.00016188621520996094,8.821487426757812e-06,2.6226043701171875e-06,,0.39187121391296387,0.028519392013549805,0.017894744873046875,0.011783361434936523,0.013083457946777344,0.5161199569702148,1.0,1.0,0.0001,10000.0,hydrogen,"['ux','z','y','uy','uz','x']","{'x': [-1.0499997947863806e-05, -9.000000581519415e-06], 'y': [4.5000001221188145e-06, 5.999999411177016e-06], 'z': [-2.4868418930075627e-05, -2.3355263738531403e-05], 'ux': [-0.002192214999789213, 0.0033498007313923785], 'uy': [-0.0028712003040514814, -0.0020677239816230537], 'uz': [-0.027751791981678278, -0.014177764987031813]}",1313788.0
45.0,0.01%,"('ux','uy','uz','x','y','z')",2.0,GeoIndex,Min-Max,File,None,True,False,,0.19392013549804688,0.0036368370056152344,,,6.890296936035156e-05,1.48374605178833,0.21680164337158203,0.22957730293273926,0.11848664283752441,0.03722119331359863,2.327704906463623,12.0,12.0,0.0001,10000.0,hydrogen,"['x','z','ux','uy','y','uz']","{'x': [6.007145774641614e-06, 7.524860149346356e-06], 'y': [8.999284979769986e-06, 1.043098101987121e-05], 'z': [1.2925410419230784e-05, 1.4508808369838277e-05], 'ux': [-0.001806025341365182, 0.1057068966742627], 'uy': [-0.01885187704097327, 0.14143816326527942], 'uz': [-0.04273384687457323, 0.051135215933967165]}",1259397.0
45.0,0.01%,"('ux','uy','uz','x','y','z')",3.0,GeoIndex,Rtree,File,None,True,False,,0.0761878490447998,0.0007486343383789062,,,6.914138793945312e-05,1.4721121788024902,0.2360525131225586,0.2347855567932129,0.11680769920349121,0.038271188735961914,2.1931469440460205,12.0,12.0,0.0001,10000.0,hydrogen,"['x','z','ux','uy','y','uz']","{'x': [6.007145774641614e-06, 7.524860149346356e-06], 'y': [8.999284979769986e-06, 1.043098101987121e-05], 'z': [1.2925410419230784e-05, 1.4508808369838277e-05], 'ux': [-0.001806025341365182, 0.1057068966742627], 'uy': [-0.01885187704097327, 0.14143816326527942], 'uz': [-0.04273384687457323, 0.051135215933967165]}",1259397.0
45.0,0.01%,"('ux','uy','uz','x','y','z')",4.0,GeoIndex,Min-Max,File,None,False,True,,0.19578337669372559,0.0038390159606933594,1.4543533325195312e-05,0.0002715587615966797,,1.5631308555603027,0.2231888771057129,0.2378232479095459,0.1184239387512207,0.03782939910888672,2.4257233142852783,12.0,12.0,0.0001,10000.0,hydrogen,"['x','z','ux','uy','y','uz']","{'x': [6.007145774641614e-06, 7.524860149346356e-06], 'y': [8.999284979769986e-06, 1.043098101987121e-05], 'z': [1.2925410419230784e-05, 1.4508808369838277e-05], 'ux': [-0.001806025341365182, 0.1057068966742627], 'uy': [-0.01885187704097327, 0.14143816326527942], 'uz': [-0.04273384687457323, 0.051135215933967165]}",1259397.0
45.0,0.01%,"('ux','uy','uz','x','y','z')",5.0,GeoIndex,Rtree,File,None,False,True,,0.07612228393554688,0.0007462501525878906,1.2636184692382812e-05,0.0002646446228027344,,1.4536662101745605,0.21489691734313965,0.23116064071655273,0.1117095947265625,0.03648018836975098,2.1431586742401123,12.0,12.0,0.0001,10000.0,hydrogen,"['x','z','ux','uy','y','uz']","{'x': [6.007145774641614e-06, 7.524860149346356e-06], 'y': [8.999284979769986e-06, 1.043098101987121e-05], 'z': [1.2925410419230784e-05, 1.4508808369838277e-05], 'ux': [-0.001806025341365182, 0.1057068966742627], 'uy': [-0.01885187704097327, 0.14143816326527942], 'uz': [-0.04273384687457323, 0.051135215933967165]}",1259397.0
46.0,0.01%,"('ux','uy','uz','x','y','z')",2.0,GeoIndex,Min-Max,File,None,True,False,,0.0912625789642334,0.001756429672241211,,,2.2172927856445312e-05,0.38484740257263184,0.03062891960144043,0.01913309097290039,0.012839317321777344,0.014225244522094727,0.5719316005706787,1.0,1.0,0.0001,10000.0,hydrogen,"['uz','z','x','ux','uy','y']","{'x': [-4.499998954449631e-06, -3.0059877705843655e-06], 'y': [6.000001224348176e-06, 7.4999997175171965e-06], 'z': [2.6578947526108724e-05, 2.798243271452926e-05], 'ux': [0.0027116368126666713, 0.007494932425306626], 'uy': [-0.023390614536971922, -0.01861839877331112], 'uz': [0.03735896651001648, 0.0540105412436461]}",1315937.0
46.0,0.01%,"('ux','uy','uz','x','y','z')",3.0,GeoIndex,Rtree,File,None,True,False,,0.038459062576293945,9.870529174804688e-05,,,2.0503997802734375e-05,0.3822145462036133,0.030904531478881836,0.01991558074951172,0.013335227966308594,0.014835834503173828,0.5060129165649414,1.0,1.0,0.0001,10000.0,hydrogen,"['uz','z','x','ux','uy','y']","{'x': [-4.499998954449631e-06, -3.0059877705843655e-06], 'y': [6.000001224348176e-06, 7.4999997175171965e-06], 'z': [2.6578947526108724e-05, 2.798243271452926e-05], 'ux': [0.0027116368126666713, 0.007494932425306626], 'uy': [-0.023390614536971922, -0.01861839877331112], 'uz': [0.03735896651001648, 0.0540105412436461]}",1315937.0
46.0,0.01%,"('ux','uy','uz','x','y','z')",4.0,GeoIndex,Min-Max,File,None,False,True,,0.09077167510986328,0.001811981201171875,9.298324584960938e-06,2.86102294921875e-06,,0.38187527656555176,0.03102254867553711,0.019723176956176758,0.01302480697631836,0.016051530838012695,0.5717000961303711,1.0,1.0,0.0001,10000.0,hydrogen,"['uz','z','x','ux','uy','y']","{'x': [-4.499998954449631e-06, -3.0059877705843655e-06], 'y': [6.000001224348176e-06, 7.4999997175171965e-06], 'z': [2.6578947526108724e-05, 2.798243271452926e-05], 'ux': [0.0027116368126666713, 0.007494932425306626], 'uy': [-0.023390614536971922, -0.01861839877331112], 'uz': [0.03735896651001648, 0.0540105412436461]}",1315937.0
46.0,0.01%,"('ux','uy','uz','x','y','z')",5.0,GeoIndex,Rtree,File,None,False,True,,0.03790926933288574,9.34600830078125e-05,7.152557373046875e-06,2.6226043701171875e-06,,0.3693711757659912,0.0307619571685791,0.019742727279663086,0.012551069259643555,0.01455545425415039,0.4896366596221924,1.0,1.0,0.0001,10000.0,hydrogen,"['uz','z','x','ux','uy','y']","{'x': [-4.499998954449631e-06, -3.0059877705843655e-06], 'y': [6.000001224348176e-06, 7.4999997175171965e-06], 'z': [2.6578947526108724e-05, 2.798243271452926e-05], 'ux': [0.0027116368126666713, 0.007494932425306626], 'uy': [-0.023390614536971922, -0.01861839877331112], 'uz': [0.03735896651001648, 0.0540105412436461]}",1315937.0
47.0,0.01%,"('ux','uy','uz','x','y','z')",2.0,GeoIndex,Min-Max,File,None,True,False,,0.11329150199890137,0.002862215042114258,,,6.389617919921875e-05,1.4329335689544678,0.2009563446044922,0.19758057594299316,0.09967875480651855,0.032511234283447266,2.1049087047576904,11.0,11.0,0.0001,10000.0,hydrogen,"['y','x','uz','z','uy']","{'x': [7.376239517834997e-06, 8.918905446474875e-06], 'y': [1.0321508623610038e-05, 1.1772257567643627e-05], 'z': [3.2435240324791606e-05, 3.425872495173792e-05], 'ux': [-0.004544828706302583, -0.001415077100987995], 'uy': [-0.015535707055179192, -0.009266744492393989], 'uz': [0.019318294067228386, 0.022448573495896875]}",1075525.0
47.0,0.01%,"('ux','uy','uz','x','y','z')",3.0,GeoIndex,Rtree,File,None,True,False,,0.04113125801086426,0.0001327991485595703,,,6.0558319091796875e-05,1.3861644268035889,0.20923924446105957,0.20002269744873047,0.10252213478088379,0.03251051902770996,1.981977939605713,11.0,11.0,0.0001,10000.0,hydrogen,"['y','x','uz','z','uy']","{'x': [7.376239517834997e-06, 8.918905446474875e-06], 'y': [1.0321508623610038e-05, 1.1772257567643627e-05], 'z': [3.2435240324791606e-05, 3.425872495173792e-05], 'ux': [-0.004544828706302583, -0.001415077100987995], 'uy': [-0.015535707055179192, -0.009266744492393989], 'uz': [0.019318294067228386, 0.022448573495896875]}",1075525.0
47.0,0.01%,"('ux','uy','uz','x','y','z')",4.0,GeoIndex,Min-Max,File,None,False,True,,0.1135094165802002,0.0028634071350097656,1.4066696166992188e-05,0.00022077560424804688,,1.4386591911315918,0.22062110900878906,0.20734071731567383,0.10194277763366699,0.03267073631286621,2.1439621448516846,11.0,11.0,0.0001,10000.0,hydrogen,"['y','x','uz','z','uy']","{'x': [7.376239517834997e-06, 8.918905446474875e-06], 'y': [1.0321508623610038e-05, 1.1772257567643627e-05], 'z': [3.2435240324791606e-05, 3.425872495173792e-05], 'ux': [-0.004544828706302583, -0.001415077100987995], 'uy': [-0.015535707055179192, -0.009266744492393989], 'uz': [0.019318294067228386, 0.022448573495896875]}",1075525.0
47.0,0.01%,"('ux','uy','uz','x','y','z')",5.0,GeoIndex,Rtree,File,None,False,True,,0.04124784469604492,0.00013327598571777344,1.33514404296875e-05,0.00021195411682128906,,1.3998711109161377,0.22580289840698242,0.20400357246398926,0.09905886650085449,0.03250575065612793,2.013432264328003,11.0,11.0,0.0001,10000.0,hydrogen,"['y','x','uz','z','uy']","{'x': [7.376239517834997e-06, 8.918905446474875e-06], 'y': [1.0321508623610038e-05, 1.1772257567643627e-05], 'z': [3.2435240324791606e-05, 3.425872495173792e-05], 'ux': [-0.004544828706302583, -0.001415077100987995], 'uy': [-0.015535707055179192, -0.009266744492393989], 'uz': [0.019318294067228386, 0.022448573495896875]}",1075525.0
48.0,0.01%,"('ux','uy','uz','x','y','z')",2.0,GeoIndex,Min-Max,File,None,True,False,,0.12358832359313965,0.002906322479248047,,,3.600120544433594e-05,0.7618691921234131,0.0854954719543457,0.07022786140441895,0.036835432052612305,0.01711559295654297,1.1237397193908691,4.0,4.0,0.000101,10000.0,hydrogen,"['ux','x','z','uy','uz']","{'x': [1.0293556301377283e-05, 1.1796795323469617e-05], 'y': [-1.4956598322533204e-06, -2.8325958340810305e-09], 'z': [-3.7146768023062214e-05, -3.550392196676708e-05], 'ux': [-0.0048573913194770516, -0.0029014714707877197], 'uy': [-0.00019932945688350373, 0.0006541431344518693], 'uz': [-0.003405645101763504, -0.002672037891051627]}",1185879.0
48.0,0.01%,"('ux','uy','uz','x','y','z')",3.0,GeoIndex,Rtree,File,None,True,False,,0.046001434326171875,0.0001571178436279297,,,3.4809112548828125e-05,0.7460243701934814,0.08564424514770508,0.07332897186279297,0.0355682373046875,0.016644716262817383,1.0124986171722412,4.0,4.0,0.000101,10000.0,hydrogen,"['ux','x','z','uy','uz']","{'x': [1.0293556301377283e-05, 1.1796795323469617e-05], 'y': [-1.4956598322533204e-06, -2.8325958340810305e-09], 'z': [-3.7146768023062214e-05, -3.550392196676708e-05], 'ux': [-0.0048573913194770516, -0.0029014714707877197], 'uy': [-0.00019932945688350373, 0.0006541431344518693], 'uz': [-0.003405645101763504, -0.002672037891051627]}",1185879.0
48.0,0.01%,"('ux','uy','uz','x','y','z')",4.0,GeoIndex,Min-Max,File,None,False,True,,0.1251697540283203,0.0029366016387939453,1.0967254638671875e-05,6.604194641113281e-05,,0.7638273239135742,0.08404541015625,0.07294392585754395,0.03766322135925293,0.017151832580566406,1.1282598972320557,4.0,4.0,0.000101,10000.0,hydrogen,"['ux','x','z','uy','uz']","{'x': [1.0293556301377283e-05, 1.1796795323469617e-05], 'y': [-1.4956598322533204e-06, -2.8325958340810305e-09], 'z': [-3.7146768023062214e-05, -3.550392196676708e-05], 'ux': [-0.0048573913194770516, -0.0029014714707877197], 'uy': [-0.00019932945688350373, 0.0006541431344518693], 'uz': [-0.003405645101763504, -0.002672037891051627]}",1185879.0
48.0,0.01%,"('ux','uy','uz','x','y','z')",5.0,GeoIndex,Rtree,File,None,False,True,,0.04827737808227539,0.00016164779663085938,1.0013580322265625e-05,6.604194641113281e-05,,0.6853890419006348,0.0810244083404541,0.0713796615600586,0.036969661712646484,0.017139673233032227,0.9490654468536377,4.0,4.0,0.000101,10000.0,hydrogen,"['ux','x','z','uy','uz']","{'x': [1.0293556301377283e-05, 1.1796795323469617e-05], 'y': [-1.4956598322533204e-06, -2.8325958340810305e-09], 'z': [-3.7146768023062214e-05, -3.550392196676708e-05], 'ux': [-0.0048573913194770516, -0.0029014714707877197], 'uy': [-0.00019932945688350373, 0.0006541431344518693], 'uz': [-0.003405645101763504, -0.002672037891051627]}",1185879.0
49.0,0.01%,"('ux','uy','uz','x','y','z')",2.0,GeoIndex,Min-Max,File,None,True,False,,0.1782972812652588,0.004793882369995117,,,0.00010418891906738281,2.4199681282043457,0.3372313976287842,0.33600950241088867,0.16730213165283203,0.045775413513183594,3.531893730163574,18.0,18.0,9.9e-05,10000.0,hydrogen,"['y','z','x','uy']","{'x': [4.446489971052668e-06, 6.016449194263722e-06], 'y': [-1.0574451179743613e-05, -9.091971758146935e-06], 'z': [1.135634758943698e-05, 1.2983161458113483e-05], 'ux': [-0.00023510344210476755, 0.08122702975452178], 'uy': [-0.16192712001458395, 0.020007265431359195], 'uz': [-0.00023603537209533227, 0.038373732093856035]}",1165476.0
49.0,0.01%,"('ux','uy','uz','x','y','z')",3.0,GeoIndex,Rtree,File,None,True,False,,0.05989813804626465,0.0006306171417236328,,,9.34600830078125e-05,2.0812807083129883,0.285815954208374,0.3288121223449707,0.1649637222290039,0.044158935546875,2.9828805923461914,18.0,18.0,9.9e-05,10000.0,hydrogen,"['y','z','x','uy']","{'x': [4.446489971052668e-06, 6.016449194263722e-06], 'y': [-1.0574451179743613e-05, -9.091971758146935e-06], 'z': [1.135634758943698e-05, 1.2983161458113483e-05], 'ux': [-0.00023510344210476755, 0.08122702975452178], 'uy': [-0.16192712001458395, 0.020007265431359195], 'uz': [-0.00023603537209533227, 0.038373732093856035]}",1165476.0
49.0,0.01%,"('ux','uy','uz','x','y','z')",4.0,GeoIndex,Min-Max,File,None,False,True,,0.17842960357666016,0.004597902297973633,1.621246337890625e-05,0.0004360675811767578,,2.0556910037994385,0.2947967052459717,0.3228275775909424,0.16030073165893555,0.04287362098693848,3.1017816066741943,18.0,18.0,9.9e-05,10000.0,hydrogen,"['y','z','x','uy']","{'x': [4.446489971052668e-06, 6.016449194263722e-06], 'y': [-1.0574451179743613e-05, -9.091971758146935e-06], 'z': [1.135634758943698e-05, 1.2983161458113483e-05], 'ux': [-0.00023510344210476755, 0.08122702975452178], 'uy': [-0.16192712001458395, 0.020007265431359195], 'uz': [-0.00023603537209533227, 0.038373732093856035]}",1165476.0
49.0,0.01%,"('ux','uy','uz','x','y','z')",5.0,GeoIndex,Rtree,File,None,False,True,,0.05998539924621582,0.0006308555603027344,1.5974044799804688e-05,0.00043773651123046875,,2.1231040954589844,0.28968238830566406,0.32381677627563477,0.15843605995178223,0.042682647705078125,3.0151853561401367,18.0,18.0,9.9e-05,10000.0,hydrogen,"['y','z','x','uy']","{'x': [4.446489971052668e-06, 6.016449194263722e-06], 'y': [-1.0574451179743613e-05, -9.091971758146935e-06], 'z': [1.135634758943698e-05, 1.2983161458113483e-05], 'ux': [-0.00023510344210476755, 0.08122702975452178], 'uy': [-0.16192712001458395, 0.020007265431359195], 'uz': [-0.00023603537209533227, 0.038373732093856035]}",1165476.0
50.0,0.01%,"('ux','uy','uz','x','y','z')",2.0,GeoIndex,Min-Max,File,None,True,False,,0.1867995262145996,0.004389524459838867,,,9.751319885253906e-05,2.276516914367676,0.3140099048614502,0.36421918869018555,0.18538284301757812,0.04666614532470703,3.422243595123291,18.0,18.0,9.9e-05,10000.0,hydrogen,"['uz','z','x','y']","{'x': [-7.632957113752902e-06, -5.866891200799082e-06], 'y': [7.486266970648887e-06, 9.012445115310671e-06], 'z': [-9.806961178343074e-06, -8.266452154764549e-06], 'ux': [-0.07157644694424517, 0.0001988780886591853], 'uy': [-0.00022614514397871206, 0.08747635374320845], 'uz': [-0.03180328855597766, 0.039746324605334664]}",1299639.0
50.0,0.01%,"('ux','uy','uz','x','y','z')",3.0,GeoIndex,Rtree,File,None,True,False,,0.06594634056091309,0.0006732940673828125,,,9.417533874511719e-05,2.118877410888672,0.3348960876464844,0.3719334602355957,0.19054460525512695,0.047475576400756836,3.149183750152588,18.0,18.0,9.9e-05,10000.0,hydrogen,"['uz','z','x','y']","{'x': [-7.632957113752902e-06, -5.866891200799082e-06], 'y': [7.486266970648887e-06, 9.012445115310671e-06], 'z': [-9.806961178343074e-06, -8.266452154764549e-06], 'ux': [-0.07157644694424517, 0.0001988780886591853], 'uy': [-0.00022614514397871206, 0.08747635374320845], 'uz': [-0.03180328855597766, 0.039746324605334664]}",1299639.0
50.0,0.01%,"('ux','uy','uz','x','y','z')",4.0,GeoIndex,Min-Max,File,None,False,True,,0.1888561248779297,0.004572153091430664,1.811981201171875e-05,0.0004181861877441406,,2.0295193195343018,0.3204329013824463,0.3790714740753174,0.19572830200195312,0.047368764877319336,3.2109503746032715,18.0,18.0,9.9e-05,10000.0,hydrogen,"['uz','z','x','y']","{'x': [-7.632957113752902e-06, -5.866891200799082e-06], 'y': [7.486266970648887e-06, 9.012445115310671e-06], 'z': [-9.806961178343074e-06, -8.266452154764549e-06], 'ux': [-0.07157644694424517, 0.0001988780886591853], 'uy': [-0.00022614514397871206, 0.08747635374320845], 'uz': [-0.03180328855597766, 0.039746324605334664]}",1299639.0
50.0,0.01%,"('ux','uy','uz','x','y','z')",5.0,GeoIndex,Rtree,File,None,False,True,,0.06626749038696289,0.0006821155548095703,1.4543533325195312e-05,0.00041031837463378906,,2.1232030391693115,0.31499385833740234,0.3743319511413574,0.18913507461547852,0.04724454879760742,3.1364426612854004,18.0,18.0,9.9e-05,10000.0,hydrogen,"['uz','z','x','y']","{'x': [-7.632957113752902e-06, -5.866891200799082e-06], 'y': [7.486266970648887e-06, 9.012445115310671e-06], 'z': [-9.806961178343074e-06, -8.266452154764549e-06], 'ux': [-0.07157644694424517, 0.0001988780886591853], 'uy': [-0.00022614514397871206, 0.08747635374320845], 'uz': [-0.03180328855597766, 0.039746324605334664]}",1299639.0
51.0,0.01%,"('ux','uy','uz','x','y','z')",2.0,GeoIndex,Min-Max,File,None,True,False,,0.15842556953430176,0.0023849010467529297,,,2.2172927856445312e-05,0.3914780616760254,0.029207944869995117,0.018317222595214844,0.01260995864868164,0.015668630599975586,0.6605772972106934,1.0,1.0,9.9e-05,10000.0,hydrogen,"['x','y','z','ux','uy']","{'x': [-1.048620448776935e-05, -9.00000143637945e-06], 'y': [4.55666106708182e-06, 5.999989355706983e-06], 'z': [-1.5753018718987758e-05, -1.4281587304855555e-05], 'ux': [-0.003791877665542387, 0.0037093632668019983], 'uy': [-0.0019492682303024968, 0.002361531770296309], 'uz': [-0.003917035162040276, 0.019715407962875776]}",1274077.0
51.0,0.01%,"('ux','uy','uz','x','y','z')",3.0,GeoIndex,Rtree,File,None,True,False,,0.05918741226196289,0.0006103515625,,,2.288818359375e-05,0.3679194450378418,0.02946639060974121,0.01871514320373535,0.011806249618530273,0.012114286422729492,0.5094828605651855,1.0,1.0,9.9e-05,10000.0,hydrogen,"['x','y','z','ux','uy']","{'x': [-1.048620448776935e-05, -9.00000143637945e-06], 'y': [4.55666106708182e-06, 5.999989355706983e-06], 'z': [-1.5753018718987758e-05, -1.4281587304855555e-05], 'ux': [-0.003791877665542387, 0.0037093632668019983], 'uy': [-0.0019492682303024968, 0.002361531770296309], 'uz': [-0.003917035162040276, 0.019715407962875776]}",1274077.0
51.0,0.01%,"('ux','uy','uz','x','y','z')",4.0,GeoIndex,Min-Max,File,None,False,True,,0.159592866897583,0.002360105514526367,9.298324584960938e-06,3.5762786865234375e-06,,0.3874814510345459,0.02944469451904297,0.018685579299926758,0.013054132461547852,0.013766050338745117,0.6562416553497314,1.0,1.0,9.9e-05,10000.0,hydrogen,"['x','y','z','ux','uy']","{'x': [-1.048620448776935e-05, -9.00000143637945e-06], 'y': [4.55666106708182e-06, 5.999989355706983e-06], 'z': [-1.5753018718987758e-05, -1.4281587304855555e-05], 'ux': [-0.003791877665542387, 0.0037093632668019983], 'uy': [-0.0019492682303024968, 0.002361531770296309], 'uz': [-0.003917035162040276, 0.019715407962875776]}",1274077.0
51.0,0.01%,"('ux','uy','uz','x','y','z')",5.0,GeoIndex,Rtree,File,None,False,True,,0.059667348861694336,0.0006175041198730469,7.867813110351562e-06,3.337860107421875e-06,,0.38068389892578125,0.029591798782348633,0.018795251846313477,0.012668609619140625,0.015805482864379883,0.5291380882263184,1.0,1.0,9.9e-05,10000.0,hydrogen,"['x','y','z','ux','uy']","{'x': [-1.048620448776935e-05, -9.00000143637945e-06], 'y': [4.55666106708182e-06, 5.999989355706983e-06], 'z': [-1.5753018718987758e-05, -1.4281587304855555e-05], 'ux': [-0.003791877665542387, 0.0037093632668019983], 'uy': [-0.0019492682303024968, 0.002361531770296309], 'uz': [-0.003917035162040276, 0.019715407962875776]}",1274077.0
52.0,0.01%,"('ux','uy','uz','x','y','z')",2.0,GeoIndex,Min-Max,File,None,True,False,,0.19287991523742676,0.003720998764038086,,,9.202957153320312e-05,2.267371892929077,0.31730222702026367,0.3656442165374756,0.1838688850402832,0.04487133026123047,3.4227116107940674,18.0,18.0,0.000101,10000.0,hydrogen,"['z','x','uz','ux','uy','y']","{'x': [7.513924024293566e-06, 9.028152435685296e-06], 'y': [4.441888277402397e-06, 6.021669697391397e-06], 'z': [-7.597465605493801e-07, 9.570865624481351e-07], 'ux': [-0.005305408511686829, 0.09356651833487485], 'uy': [-0.007276087435279861, 0.06630384656650605], 'uz': [-0.04717688074363744, 0.019097936106935588]}",1297363.0
52.0,0.01%,"('ux','uy','uz','x','y','z')",3.0,GeoIndex,Rtree,File,None,True,False,,0.07341408729553223,0.0007431507110595703,,,9.202957153320312e-05,2.1409425735473633,0.33144140243530273,0.3788630962371826,0.1896200180053711,0.045417070388793945,3.1807470321655273,18.0,18.0,0.000101,10000.0,hydrogen,"['z','x','uz','ux','uy','y']","{'x': [7.513924024293566e-06, 9.028152435685296e-06], 'y': [4.441888277402397e-06, 6.021669697391397e-06], 'z': [-7.597465605493801e-07, 9.570865624481351e-07], 'ux': [-0.005305408511686829, 0.09356651833487485], 'uy': [-0.007276087435279861, 0.06630384656650605], 'uz': [-0.04717688074363744, 0.019097936106935588]}",1297363.0
52.0,0.01%,"('ux','uy','uz','x','y','z')",4.0,GeoIndex,Min-Max,File,None,False,True,,0.19437885284423828,0.003680706024169922,1.5974044799804688e-05,0.0003962516784667969,,2.1376452445983887,0.33056139945983887,0.3749732971191406,0.18885254859924316,0.04573559761047363,3.3233420848846436,18.0,18.0,0.000101,10000.0,hydrogen,"['z','x','uz','ux','uy','y']","{'x': [7.513924024293566e-06, 9.028152435685296e-06], 'y': [4.441888277402397e-06, 6.021669697391397e-06], 'z': [-7.597465605493801e-07, 9.570865624481351e-07], 'ux': [-0.005305408511686829, 0.09356651833487485], 'uy': [-0.007276087435279861, 0.06630384656650605], 'uz': [-0.04717688074363744, 0.019097936106935588]}",1297363.0
52.0,0.01%,"('ux','uy','uz','x','y','z')",5.0,GeoIndex,Rtree,File,None,False,True,,0.07425737380981445,0.0007274150848388672,1.52587890625e-05,0.00039768218994140625,,2.186379909515381,0.3195018768310547,0.3781278133392334,0.19011950492858887,0.04519963264465332,3.215106248855591,18.0,18.0,0.000101,10000.0,hydrogen,"['z','x','uz','ux','uy','y']","{'x': [7.513924024293566e-06, 9.028152435685296e-06], 'y': [4.441888277402397e-06, 6.021669697391397e-06], 'z': [-7.597465605493801e-07, 9.570865624481351e-07], 'ux': [-0.005305408511686829, 0.09356651833487485], 'uy': [-0.007276087435279861, 0.06630384656650605], 'uz': [-0.04717688074363744, 0.019097936106935588]}",1297363.0
53.0,0.01%,"('ux','uy','uz','x','y','z')",2.0,GeoIndex,Min-Max,File,None,True,False,,0.15862512588500977,0.0033512115478515625,,,8.463859558105469e-05,1.756253719329834,0.2752957344055176,0.2651398181915283,0.1363518238067627,0.03569340705871582,2.6677746772766113,16.0,16.0,0.000101,10000.0,hydrogen,"['y','ux','z','x','uy','uz']","{'x': [4.619404816204023e-06, 6.073663663071233e-06], 'y': [-4.513881877379796e-06, -2.9762855483994305e-06], 'z': [-3.851648198083616e-05, -3.694404470262304e-05], 'ux': [-0.0009585095509633975, 0.004652086855928312], 'uy': [-0.00410939723913138, 0.0006828213275815336], 'uz': [-0.0038186035991543015, 0.008937837525630732]}",1058770.0
53.0,0.01%,"('ux','uy','uz','x','y','z')",3.0,GeoIndex,Rtree,File,None,True,False,,0.057291507720947266,0.0006208419799804688,,,8.320808410644531e-05,1.7360539436340332,0.27991724014282227,0.2633168697357178,0.13721871376037598,0.03635549545288086,2.526331901550293,16.0,16.0,0.000101,10000.0,hydrogen,"['y','ux','z','x','uy','uz']","{'x': [4.619404816204023e-06, 6.073663663071233e-06], 'y': [-4.513881877379796e-06, -2.9762855483994305e-06], 'z': [-3.851648198083616e-05, -3.694404470262304e-05], 'ux': [-0.0009585095509633975, 0.004652086855928312], 'uy': [-0.00410939723913138, 0.0006828213275815336], 'uz': [-0.0038186035991543015, 0.008937837525630732]}",1058770.0
53.0,0.01%,"('ux','uy','uz','x','y','z')",4.0,GeoIndex,Min-Max,File,None,False,True,,0.15932822227478027,0.0033235549926757812,1.6450881958007812e-05,0.0003650188446044922,,1.7037084102630615,0.2668912410736084,0.27077317237854004,0.1311178207397461,0.03407573699951172,2.607053756713867,16.0,16.0,0.000101,10000.0,hydrogen,"['y','ux','z','x','uy','uz']","{'x': [4.619404816204023e-06, 6.073663663071233e-06], 'y': [-4.513881877379796e-06, -2.9762855483994305e-06], 'z': [-3.851648198083616e-05, -3.694404470262304e-05], 'ux': [-0.0009585095509633975, 0.004652086855928312], 'uy': [-0.00410939723913138, 0.0006828213275815336], 'uz': [-0.0038186035991543015, 0.008937837525630732]}",1058770.0
53.0,0.01%,"('ux','uy','uz','x','y','z')",5.0,GeoIndex,Rtree,File,None,False,True,,0.05779695510864258,0.0006084442138671875,1.3828277587890625e-05,0.00036597251892089844,,1.6902549266815186,0.24831509590148926,0.2643899917602539,0.12972617149353027,0.03606677055358887,2.442976474761963,16.0,16.0,0.000101,10000.0,hydrogen,"['y','ux','z','x','uy','uz']","{'x': [4.619404816204023e-06, 6.073663663071233e-06], 'y': [-4.513881877379796e-06, -2.9762855483994305e-06], 'z': [-3.851648198083616e-05, -3.694404470262304e-05], 'ux': [-0.0009585095509633975, 0.004652086855928312], 'uy': [-0.00410939723913138, 0.0006828213275815336], 'uz': [-0.0038186035991543015, 0.008937837525630732]}",1058770.0
54.0,0.01%,"('ux','uy')",2.0,GeoIndex,Min-Max,File,None,True,False,,0.05744194984436035,0.001497507095336914,,,0.015630722045898438,130.91732239723206,22.826709270477295,48.48486256599426,16.65965485572815,1.8409397602081299,221.9198989868164,3736.0,3736.0,0.0001,10000.0,hydrogen,"['uy','ux']","{'ux': [-0.01790720406329212, -0.013299081174686877], 'uy': [-1.3082342488809192e-05, 7.895960928261674e-05]}",1315388.0
54.0,0.01%,"('ux','uy')",3.0,GeoIndex,Rtree,File,None,True,False,,0.030328750610351562,,,,0.015436887741088867,137.72465777397156,23.039998054504395,49.76853132247925,17.061445713043213,1.8539721965789795,230.62334489822388,3736.0,3736.0,0.0001,10000.0,hydrogen,"['uy','ux']","{'ux': [-0.01790720406329212, -0.013299081174686877], 'uy': [-1.3082342488809192e-05, 7.895960928261674e-05]}",1315388.0
54.0,0.01%,"('ux','uy')",4.0,GeoIndex,Min-Max,File,None,False,True,,0.057625770568847656,0.0015704631805419922,0.0019435882568359375,0.22502803802490234,,111.71728277206421,25.424484968185425,48.588231563568115,16.805368185043335,1.8438777923583984,205.7959144115448,3736.0,2129.0,0.0001,10000.0,hydrogen,"['uy','ux']","{'ux': [-0.01790720406329212, -0.013299081174686877], 'uy': [-1.3082342488809192e-05, 7.895960928261674e-05]}",1315388.0
54.0,0.01%,"('ux','uy')",5.0,GeoIndex,Rtree,File,None,False,True,,0.030505657196044922,,0.0017976760864257812,0.22440052032470703,,110.73951387405396,25.125036478042603,47.974337577819824,16.93882131576538,1.8542776107788086,204.01425862312317,3736.0,2129.0,0.0001,10000.0,hydrogen,"['uy','ux']","{'ux': [-0.01790720406329212, -0.013299081174686877], 'uy': [-1.3082342488809192e-05, 7.895960928261674e-05]}",1315388.0
55.0,0.01%,"('ux','uy')",2.0,GeoIndex,Min-Max,File,None,True,False,,0.039304256439208984,0.0014984607696533203,,,0.006061077117919922,48.63628268241882,7.61952805519104,15.5992751121521,6.323698997497559,0.7196769714355469,79.36090278625488,1342.0,1342.0,0.0001,10000.0,hydrogen,"['uy','ux']","{'ux': [-0.08026920167338167, -0.04957525944906638], 'uy': [0.0058889196423389375, 0.009725635388662002]}",1317384.0
55.0,0.01%,"('ux','uy')",3.0,GeoIndex,Rtree,File,None,True,False,,0.021211624145507812,,,,0.006012916564941406,48.543638706207275,7.758540153503418,15.809519529342651,6.418782949447632,0.7229256629943848,79.69664025306702,1342.0,1342.0,0.0001,10000.0,hydrogen,"['uy','ux']","{'ux': [-0.08026920167338167, -0.04957525944906638], 'uy': [0.0058889196423389375, 0.009725635388662002]}",1317384.0
55.0,0.01%,"('ux','uy')",4.0,GeoIndex,Min-Max,File,None,False,True,,0.03919053077697754,0.0015251636505126953,0.0011899471282958984,0.07493424415588379,,45.88243055343628,8.089629888534546,16.019719123840332,6.4827704429626465,0.7284207344055176,77.74508833885193,1342.0,1135.0,0.0001,10000.0,hydrogen,"['uy','ux']","{'ux': [-0.08026920167338167, -0.04957525944906638], 'uy': [0.0058889196423389375, 0.009725635388662002]}",1317384.0
55.0,0.01%,"('ux','uy')",5.0,GeoIndex,Rtree,File,None,False,True,,0.021243810653686523,,0.0010561943054199219,0.07661795616149902,,46.47046184539795,8.058961629867554,15.906661033630371,6.426833868026733,0.7227263450622559,78.1030330657959,1342.0,1135.0,0.0001,10000.0,hydrogen,"['uy','ux']","{'ux': [-0.08026920167338167, -0.04957525944906638], 'uy': [0.0058889196423389375, 0.009725635388662002]}",1317384.0
56.0,0.01%,"('ux','uy')",2.0,GeoIndex,Min-Max,File,None,True,False,,0.06114816665649414,0.003273487091064453,,,0.019443988800048828,163.69561457633972,28.98211693763733,71.3489818572998,34.022361755371094,2.392667770385742,302.0328223705292,4715.0,4715.0,9.9e-05,10000.0,hydrogen,"['ux','uy']","{'ux': [-0.0010533616970043772, -0.0009125257689014979], 'uy': [-0.0006187045901618138, -0.0005068552830785214]}",1299739.0
56.0,0.01%,"('ux','uy')",3.0,GeoIndex,Rtree,File,None,True,False,,0.03426933288574219,,,,0.019281387329101562,164.23443222045898,29.06664729118347,71.61255669593811,35.12920641899109,2.4647107124328613,304.0644164085388,4715.0,4715.0,9.9e-05,10000.0,hydrogen,"['ux','uy']","{'ux': [-0.0010533616970043772, -0.0009125257689014979], 'uy': [-0.0006187045901618138, -0.0005068552830785214]}",1299739.0
56.0,0.01%,"('ux','uy')",4.0,GeoIndex,Min-Max,File,None,False,True,,0.0607762336730957,0.0033957958221435547,0.0021903514862060547,0.28817200660705566,,147.5399718284607,34.6663281917572,79.50739979743958,30.56363320350647,2.3400237560272217,296.5039234161377,4715.0,2719.0,9.9e-05,10000.0,hydrogen,"['ux','uy']","{'ux': [-0.0010533616970043772, -0.0009125257689014979], 'uy': [-0.0006187045901618138, -0.0005068552830785214]}",1299739.0
56.0,0.01%,"('ux','uy')",5.0,GeoIndex,Rtree,File,None,False,True,,0.03562617301940918,,0.0019800662994384766,0.2879669666290283,,142.56164717674255,32.96972060203552,65.67346143722534,25.209044933319092,2.9687399864196777,271.4858138561249,4715.0,2719.0,9.9e-05,10000.0,hydrogen,"['ux','uy']","{'ux': [-0.0010533616970043772, -0.0009125257689014979], 'uy': [-0.0006187045901618138, -0.0005068552830785214]}",1299739.0
57.0,0.01%,"('ux','uy')",2.0,GeoIndex,Min-Max,File,None,True,False,,0.03996610641479492,0.0025835037231445312,,,0.008942127227783203,70.83072781562805,11.02477765083313,22.463433265686035,8.735065937042236,0.9516518115997314,114.63196969032288,2046.0,2046.0,0.0001,10000.0,hydrogen,"['uy','ux']","{'ux': [0.01599148332777267, 0.017441823629326815], 'uy': [0.02002398453579588, 0.023025022843045542]}",1313660.0
57.0,0.01%,"('ux','uy')",3.0,GeoIndex,Rtree,File,None,True,False,,0.023824453353881836,,,,0.008851051330566406,71.43235421180725,11.465178966522217,23.19396948814392,9.156752347946167,0.9704022407531738,116.83936953544617,2046.0,2046.0,0.0001,10000.0,hydrogen,"['uy','ux']","{'ux': [0.01599148332777267, 0.017441823629326815], 'uy': [0.02002398453579588, 0.023025022843045542]}",1313660.0
57.0,0.01%,"('ux','uy')",4.0,GeoIndex,Min-Max,File,None,False,True,,0.040352821350097656,0.0024619102478027344,0.0014119148254394531,0.11609721183776855,,65.08309984207153,11.467161178588867,22.019402503967285,8.816627025604248,0.9560940265655518,109.08510828018188,2046.0,1536.0,0.0001,10000.0,hydrogen,"['uy','ux']","{'ux': [0.01599148332777267, 0.017441823629326815], 'uy': [0.02002398453579588, 0.023025022843045542]}",1313660.0
57.0,0.01%,"('ux','uy')",5.0,GeoIndex,Rtree,File,None,False,True,,0.02401113510131836,,0.0012614727020263672,0.11767125129699707,,65.05236268043518,11.474063634872437,21.91606903076172,8.745947122573853,0.9560861587524414,108.86420631408691,2046.0,1536.0,0.0001,10000.0,hydrogen,"['uy','ux']","{'ux': [0.01599148332777267, 0.017441823629326815], 'uy': [0.02002398453579588, 0.023025022843045542]}",1313660.0
58.0,0.01%,"('ux','uy')",2.0,GeoIndex,Min-Max,File,None,True,False,,0.03294062614440918,0.002882242202758789,,,0.00548243522644043,43.2474000453949,6.5787012577056885,13.379639148712158,5.278100967407227,0.656266450881958,69.53170418739319,1196.0,1196.0,9.9e-05,10000.0,hydrogen,"['ux','uy']","{'ux': [-0.037340363602267855, -0.02357943924542625], 'uy': [-0.06940278527220747, -0.04922839172520692]}",1302037.0
58.0,0.01%,"('ux','uy')",3.0,GeoIndex,Rtree,File,None,True,False,,0.022282123565673828,,,,0.0054857730865478516,43.93425536155701,7.252265214920044,14.409055948257446,6.058201789855957,0.6843256950378418,72.7426187992096,1196.0,1196.0,9.9e-05,10000.0,hydrogen,"['ux','uy']","{'ux': [-0.037340363602267855, -0.02357943924542625], 'uy': [-0.06940278527220747, -0.04922839172520692]}",1302037.0
58.0,0.01%,"('ux','uy')",4.0,GeoIndex,Min-Max,File,None,False,True,,0.033060312271118164,0.0027251243591308594,0.0010900497436523438,0.0632026195526123,,40.59815454483032,6.692531585693359,13.405284643173218,5.37645959854126,0.6607012748718262,67.19080257415771,1196.0,1016.0,9.9e-05,10000.0,hydrogen,"['ux','uy']","{'ux': [-0.037340363602267855, -0.02357943924542625], 'uy': [-0.06940278527220747, -0.04922839172520692]}",1302037.0
58.0,0.01%,"('ux','uy')",5.0,GeoIndex,Rtree,File,None,False,True,,0.020765066146850586,,0.0010280609130859375,0.06225323677062988,,40.13414406776428,6.677482604980469,13.387632131576538,5.3666832447052,0.6566038131713867,66.6611955165863,1196.0,1016.0,9.9e-05,10000.0,hydrogen,"['ux','uy']","{'ux': [-0.037340363602267855, -0.02357943924542625], 'uy': [-0.06940278527220747, -0.04922839172520692]}",1302037.0
59.0,0.01%,"('ux','uy')",2.0,GeoIndex,Min-Max,File,None,True,False,,0.05807852745056152,0.0040361881256103516,,,0.016650676727294922,139.532240152359,24.86711025238037,61.57703971862793,28.208421230316162,2.049269199371338,257.60871481895447,3986.0,3986.0,0.0001,10000.0,hydrogen,"['ux','uy']","{'ux': [-0.0008160420091183347, -0.0006916385351139558], 'uy': [-0.003460822416783812, -0.0033014526694700817]}",1311713.0
59.0,0.01%,"('ux','uy')",3.0,GeoIndex,Rtree,File,None,True,False,,0.03288984298706055,,,,0.01634836196899414,139.10317826271057,25.714915990829468,62.35623550415039,29.08035659790039,2.071164131164551,259.67159485816956,3986.0,3986.0,0.0001,10000.0,hydrogen,"['ux','uy']","{'ux': [-0.0008160420091183347, -0.0006916385351139558], 'uy': [-0.003460822416783812, -0.0033014526694700817]}",1311713.0
59.0,0.01%,"('ux','uy')",4.0,GeoIndex,Min-Max,File,None,False,True,,0.05792975425720215,0.004063129425048828,0.0020792484283447266,0.27359676361083984,,122.72642850875854,27.457471132278442,53.108017921447754,19.972768783569336,2.3937058448791504,227.22762036323547,3986.0,2557.0,0.0001,10000.0,hydrogen,"['ux','uy']","{'ux': [-0.0008160420091183347, -0.0006916385351139558], 'uy': [-0.003460822416783812, -0.0033014526694700817]}",1311713.0
59.0,0.01%,"('ux','uy')",5.0,GeoIndex,Rtree,File,None,False,True,,0.03131103515625,,0.0017795562744140625,0.2689986228942871,,122.2774178981781,27.246004819869995,52.72571611404419,19.707927227020264,2.36995005607605,225.84591627120972,3986.0,2557.0,0.0001,10000.0,hydrogen,"['ux','uy']","{'ux': [-0.0008160420091183347, -0.0006916385351139558], 'uy': [-0.003460822416783812, -0.0033014526694700817]}",1311713.0
60.0,0.01%,"('ux','uy')",2.0,GeoIndex,Min-Max,File,None,True,False,,0.0527496337890625,0.003482341766357422,,,0.014024972915649414,116.7661440372467,19.168174743652344,51.895254373550415,14.863024950027466,1.5951216220855713,205.34002947807312,3258.0,3258.0,0.000101,10000.0,hydrogen,"['ux','uy']","{'ux': [0.003211259139482135, 0.003595631756149061], 'uy': [0.004676955610899132, 0.004955405932290002]}",1324164.0
60.0,0.01%,"('ux','uy')",3.0,GeoIndex,Rtree,File,None,True,False,,0.02869105339050293,,,,0.013883113861083984,115.6751503944397,19.10924792289734,41.80638074874878,14.897977352142334,1.6046288013458252,194.11584782600403,3258.0,3258.0,0.000101,10000.0,hydrogen,"['ux','uy']","{'ux': [0.003211259139482135, 0.003595631756149061], 'uy': [0.004676955610899132, 0.004955405932290002]}",1324164.0
60.0,0.01%,"('ux','uy')",4.0,GeoIndex,Min-Max,File,None,False,True,,0.05248308181762695,0.003621816635131836,0.0017926692962646484,0.19611787796020508,,106.24602603912354,20.072247743606567,41.47034549713135,14.866089820861816,1.5991179943084717,185.49761128425598,3258.0,2176.0,0.000101,10000.0,hydrogen,"['ux','uy']","{'ux': [0.003211259139482135, 0.003595631756149061], 'uy': [0.004676955610899132, 0.004955405932290002]}",1324164.0
60.0,0.01%,"('ux','uy')",5.0,GeoIndex,Rtree,File,None,False,True,,0.028530359268188477,,0.0015845298767089844,0.19124794006347656,,106.00181865692139,20.497774600982666,41.848426818847656,15.356839656829834,1.6134426593780518,186.542142868042,3258.0,2176.0,0.000101,10000.0,hydrogen,"['ux','uy']","{'ux': [0.003211259139482135, 0.003595631756149061], 'uy': [0.004676955610899132, 0.004955405932290002]}",1324164.0
61.0,0.01%,"('ux','uy')",2.0,GeoIndex,Min-Max,File,None,True,False,,0.04705333709716797,0.002921581268310547,,,0.011939287185668945,105.87511134147644,17.81072211265564,35.46758413314819,14.190874576568604,1.4620184898376465,175.78557419776917,2823.0,2823.0,0.0001,10000.0,hydrogen,"['ux','uy']","{'ux': [0.005777068173536777, 0.006511344194784687], 'uy': [0.007531094872504918, 0.00813219538694351]}",1314621.0
61.0,0.01%,"('ux','uy')",3.0,GeoIndex,Rtree,File,None,True,False,,0.0272369384765625,,,,0.01189875602722168,101.11345839500427,16.50229024887085,34.25581955909729,13.515084743499756,1.442819595336914,167.73345351219177,2823.0,2823.0,0.0001,10000.0,hydrogen,"['ux','uy']","{'ux': [0.005777068173536777, 0.006511344194784687], 'uy': [0.007531094872504918, 0.00813219538694351]}",1314621.0
61.0,0.01%,"('ux','uy')",4.0,GeoIndex,Min-Max,File,None,False,True,,0.04697823524475098,0.002905607223510742,0.0016460418701171875,0.16629290580749512,,93.6736786365509,17.819124937057495,33.75649285316467,13.334625959396362,1.4311671257019043,161.10365390777588,2823.0,1997.0,0.0001,10000.0,hydrogen,"['ux','uy']","{'ux': [0.005777068173536777, 0.006511344194784687], 'uy': [0.007531094872504918, 0.00813219538694351]}",1314621.0
61.0,0.01%,"('ux','uy')",5.0,GeoIndex,Rtree,File,None,False,True,,0.02760601043701172,,0.0014584064483642578,0.16448450088500977,,92.04997277259827,18.275539875030518,40.080294609069824,12.92968225479126,1.4159436225891113,165.803395986557,2823.0,1997.0,0.0001,10000.0,hydrogen,"['ux','uy']","{'ux': [0.005777068173536777, 0.006511344194784687], 'uy': [0.007531094872504918, 0.00813219538694351]}",1314621.0
62.0,0.01%,"('ux','uy')",2.0,GeoIndex,Min-Max,File,None,True,False,,0.04673361778259277,0.0022182464599609375,,,0.010751485824584961,89.34400415420532,14.314749240875244,28.421468496322632,11.19468879699707,1.2046911716461182,145.27194547653198,2524.0,2524.0,0.0001,10000.0,hydrogen,"['ux','uy']","{'ux': [0.017211052974262377, 0.018332744922391057], 'uy': [0.004136448368316233, 0.005021217320762295]}",1315313.0
62.0,0.01%,"('ux','uy')",3.0,GeoIndex,Rtree,File,None,True,False,,0.025919198989868164,,,,0.010868310928344727,94.88330459594727,14.459389925003052,28.85839033126831,11.59995698928833,1.2203083038330078,151.80257534980774,2524.0,2524.0,0.0001,10000.0,hydrogen,"['ux','uy']","{'ux': [0.017211052974262377, 0.018332744922391057], 'uy': [0.004136448368316233, 0.005021217320762295]}",1315313.0
62.0,0.01%,"('ux','uy')",4.0,GeoIndex,Min-Max,File,None,False,True,,0.04651641845703125,0.002106189727783203,0.0015377998352050781,0.145538330078125,,87.55631184577942,16.581908464431763,32.71166920661926,12.159395217895508,1.2457613945007324,151.23145365715027,2524.0,1826.0,0.0001,10000.0,hydrogen,"['ux','uy']","{'ux': [0.017211052974262377, 0.018332744922391057], 'uy': [0.004136448368316233, 0.005021217320762295]}",1315313.0
62.0,0.01%,"('ux','uy')",5.0,GeoIndex,Rtree,File,None,False,True,,0.026027917861938477,,0.0013816356658935547,0.14623069763183594,,82.13849639892578,15.017170667648315,28.383447885513306,11.416207075119019,1.214756727218628,139.08410501480103,2524.0,1826.0,0.0001,10000.0,hydrogen,"['ux','uy']","{'ux': [0.017211052974262377, 0.018332744922391057], 'uy': [0.004136448368316233, 0.005021217320762295]}",1315313.0
63.0,0.01%,"('ux','uy')",2.0,GeoIndex,Min-Max,File,None,True,False,,0.04881691932678223,0.0013480186462402344,,,0.008982658386230469,71.65882658958435,10.797335386276245,22.469806909561157,8.89841890335083,0.9830973148345947,115.45272135734558,2056.0,2056.0,0.000101,10000.0,hydrogen,"['ux','uy']","{'ux': [-0.07079009909470202, -0.03855701188827796], 'uy': [-0.0016402855622758492, -0.0004688043062471936]}",1321551.0
63.0,0.01%,"('ux','uy')",3.0,GeoIndex,Rtree,File,None,True,False,,0.02416515350341797,,,,0.008857250213623047,76.68653416633606,10.628677368164062,22.304980278015137,8.809815645217896,0.9794521331787109,120.0229115486145,2056.0,2056.0,0.000101,10000.0,hydrogen,"['ux','uy']","{'ux': [-0.07079009909470202, -0.03855701188827796], 'uy': [-0.0016402855622758492, -0.0004688043062471936]}",1321551.0
63.0,0.01%,"('ux','uy')",4.0,GeoIndex,Min-Max,File,None,False,True,,0.04815411567687988,0.001352548599243164,0.0014185905456542969,0.1178133487701416,,65.91357970237732,11.638901948928833,22.394204139709473,8.937772750854492,0.9845352172851562,110.62996172904968,2056.0,1540.0,0.000101,10000.0,hydrogen,"['ux','uy']","{'ux': [-0.07079009909470202, -0.03855701188827796], 'uy': [-0.0016402855622758492, -0.0004688043062471936]}",1321551.0
63.0,0.01%,"('ux','uy')",5.0,GeoIndex,Rtree,File,None,False,True,,0.02388930320739746,,0.0012454986572265625,0.11875486373901367,,65.62643027305603,11.464720487594604,22.46721363067627,8.994134902954102,0.9872274398803711,110.27035856246948,2056.0,1540.0,0.000101,10000.0,hydrogen,"['ux','uy']","{'ux': [-0.07079009909470202, -0.03855701188827796], 'uy': [-0.0016402855622758492, -0.0004688043062471936]}",1321551.0
64.0,0.01%,"('ux','uy')",2.0,GeoIndex,Min-Max,File,None,True,False,,0.033458709716796875,0.0014271736145019531,,,0.005337238311767578,41.78835439682007,6.355402946472168,13.045401334762573,5.210848331451416,0.6369080543518066,67.423020362854,1148.0,1148.0,0.0001,10000.0,hydrogen,"['uy','ux']","{'ux': [0.04915600499079966, 0.06775562662891019], 'uy': [-0.029886452421464187, -0.02005164396327354]}",1306807.0
64.0,0.01%,"('ux','uy')",3.0,GeoIndex,Rtree,File,None,True,False,,0.02050638198852539,,,,0.005175113677978516,41.920114278793335,6.404946804046631,13.11582350730896,5.297963619232178,0.6402101516723633,67.7502281665802,1148.0,1148.0,0.0001,10000.0,hydrogen,"['uy','ux']","{'ux': [0.04915600499079966, 0.06775562662891019], 'uy': [-0.029886452421464187, -0.02005164396327354]}",1306807.0
64.0,0.01%,"('ux','uy')",4.0,GeoIndex,Min-Max,File,None,False,True,,0.03375411033630371,0.001455068588256836,0.0011098384857177734,0.06261825561523438,,41.46404433250427,7.355244874954224,14.427870512008667,6.005343198776245,0.6674509048461914,70.39763593673706,1148.0,971.0,0.0001,10000.0,hydrogen,"['uy','ux']","{'ux': [0.04915600499079966, 0.06775562662891019], 'uy': [-0.029886452421464187, -0.02005164396327354]}",1306807.0
64.0,0.01%,"('ux','uy')",5.0,GeoIndex,Rtree,File,None,False,True,,0.020568132400512695,,0.0010323524475097656,0.06293177604675293,,40.44105577468872,6.8221213817596436,13.373646020889282,5.3381922245025635,0.6420836448669434,67.05270314216614,1148.0,971.0,0.0001,10000.0,hydrogen,"['uy','ux']","{'ux': [0.04915600499079966, 0.06775562662891019], 'uy': [-0.029886452421464187, -0.02005164396327354]}",1306807.0
65.0,0.01%,"('ux','uy')",2.0,GeoIndex,Min-Max,File,None,True,False,,0.03673887252807617,0.0030562877655029297,,,0.00705409049987793,53.9855751991272,8.284355401992798,16.9593985080719,6.82452654838562,0.779289960861206,87.32289433479309,1551.0,1551.0,0.0001,10000.0,hydrogen,"['uy','ux']","{'ux': [0.013201124255636118, 0.021055125358730595], 'uy': [-0.04920942211614042, -0.04138643096015586]}",1312182.0
65.0,0.01%,"('ux','uy')",3.0,GeoIndex,Rtree,File,None,True,False,,0.0221865177154541,,,,0.006887674331665039,54.45099663734436,8.67537236213684,17.248802661895752,6.960686206817627,0.7845931053161621,88.59822058677673,1551.0,1551.0,0.0001,10000.0,hydrogen,"['uy','ux']","{'ux': [0.013201124255636118, 0.021055125358730595], 'uy': [-0.04920942211614042, -0.04138643096015586]}",1312182.0
65.0,0.01%,"('ux','uy')",4.0,GeoIndex,Min-Max,File,None,False,True,,0.03662419319152832,0.003115415573120117,0.0012540817260742188,0.08774542808532715,,51.03952145576477,8.948614120483398,17.33935785293579,7.019711971282959,0.7886388301849365,85.7240161895752,1551.0,1239.0,0.0001,10000.0,hydrogen,"['uy','ux']","{'ux': [0.013201124255636118, 0.021055125358730595], 'uy': [-0.04920942211614042, -0.04138643096015586]}",1312182.0
65.0,0.01%,"('ux','uy')",5.0,GeoIndex,Rtree,File,None,False,True,,0.022379398345947266,,0.0011453628540039062,0.09012889862060547,,51.212053537368774,8.764976978302002,16.999096632003784,6.827056169509888,0.7805161476135254,85.14401292800903,1551.0,1239.0,0.0001,10000.0,hydrogen,"['uy','ux']","{'ux': [0.013201124255636118, 0.021055125358730595], 'uy': [-0.04920942211614042, -0.04138643096015586]}",1312182.0
66.0,0.01%,"('ux','uy')",2.0,GeoIndex,Min-Max,File,None,True,False,,0.055321455001831055,0.002972841262817383,,,0.01565098762512207,128.33405327796936,22.16419529914856,47.58718132972717,16.684343099594116,1.7872614860534668,217.7419364452362,3681.0,3681.0,0.0001,10000.0,hydrogen,"['ux','uy']","{'ux': [0.003529520984820212, 0.0037927459514080558], 'uy': [0.0011664350779541088, 0.001315423093942213]}",1315741.0
66.0,0.01%,"('ux','uy')",3.0,GeoIndex,Rtree,File,None,True,False,,0.030314207077026367,,,,0.01510477066040039,135.40552258491516,23.762099027633667,49.797505617141724,18.003863096237183,1.8338489532470703,230.00905442237854,3681.0,3681.0,0.0001,10000.0,hydrogen,"['ux','uy']","{'ux': [0.003529520984820212, 0.0037927459514080558], 'uy': [0.0011664350779541088, 0.001315423093942213]}",1315741.0
66.0,0.01%,"('ux','uy')",4.0,GeoIndex,Min-Max,File,None,False,True,,0.05566000938415527,0.003116130828857422,0.0018851757049560547,0.2295236587524414,,115.61552548408508,24.481929302215576,47.72779583930969,16.682791709899902,1.7826333045959473,207.70034885406494,3681.0,2361.0,0.0001,10000.0,hydrogen,"['ux','uy']","{'ux': [0.003529520984820212, 0.0037927459514080558], 'uy': [0.0011664350779541088, 0.001315423093942213]}",1315741.0
66.0,0.01%,"('ux','uy')",5.0,GeoIndex,Rtree,File,None,False,True,,0.0301666259765625,,0.001688241958618164,0.22968697547912598,,115.36850595474243,23.92633318901062,47.09259247779846,16.430720567703247,1.7722320556640625,205.95720434188843,3681.0,2361.0,0.0001,10000.0,hydrogen,"['ux','uy']","{'ux': [0.003529520984820212, 0.0037927459514080558], 'uy': [0.0011664350779541088, 0.001315423093942213]}",1315741.0
67.0,0.01%,"('ux','uy')",2.0,GeoIndex,Min-Max,File,None,True,False,,0.034510135650634766,0.0027446746826171875,,,0.006465435028076172,47.516093730926514,7.188962459564209,14.712770700454712,5.890294075012207,0.710881233215332,76.44977569580078,1397.0,1397.0,9.9e-05,10000.0,hydrogen,"['uy','ux']","{'ux': [-0.03081255693114916, -0.023346021835604528], 'uy': [-0.06423059293335326, -0.04050958820608597]}",1304804.0
67.0,0.01%,"('ux','uy')",3.0,GeoIndex,Rtree,File,None,True,False,,0.021750211715698242,,,,0.006274223327636719,48.705944538116455,7.576157569885254,15.414325952529907,5.963921308517456,0.715040922164917,78.79234743118286,1397.0,1397.0,9.9e-05,10000.0,hydrogen,"['uy','ux']","{'ux': [-0.03081255693114916, -0.023346021835604528], 'uy': [-0.06423059293335326, -0.04050958820608597]}",1304804.0
67.0,0.01%,"('ux','uy')",4.0,GeoIndex,Min-Max,File,None,False,True,,0.034349679946899414,0.002696990966796875,0.0012068748474121094,0.07683610916137695,,45.38496947288513,7.369846820831299,14.902393817901611,5.917452812194824,0.7141644954681396,74.79698991775513,1397.0,1155.0,9.9e-05,10000.0,hydrogen,"['uy','ux']","{'ux': [-0.03081255693114916, -0.023346021835604528], 'uy': [-0.06423059293335326, -0.04050958820608597]}",1304804.0
67.0,0.01%,"('ux','uy')",5.0,GeoIndex,Rtree,File,None,False,True,,0.021550416946411133,,0.001073598861694336,0.0776679515838623,,45.06336545944214,7.291274070739746,14.685747146606445,5.849051475524902,0.7102706432342529,74.08705997467041,1397.0,1155.0,9.9e-05,10000.0,hydrogen,"['uy','ux']","{'ux': [-0.03081255693114916, -0.023346021835604528], 'uy': [-0.06423059293335326, -0.04050958820608597]}",1304804.0
68.0,0.01%,"('ux','uy')",2.0,GeoIndex,Min-Max,File,None,True,False,,0.057734012603759766,0.003935337066650391,,,0.016866683959960938,143.53958463668823,26.09629511833191,55.119659185409546,21.02754259109497,2.5521674156188965,249.69147157669067,4026.0,4026.0,9.9e-05,10000.0,hydrogen,"['uy','ux']","{'ux': [-0.001184778918297164, -0.0010746647023989128], 'uy': [0.002493094529970594, 0.0026435374976170435]}",1305266.0
68.0,0.01%,"('ux','uy')",3.0,GeoIndex,Rtree,File,None,True,False,,0.03146219253540039,,,,0.017061471939086914,141.37706446647644,25.223727226257324,61.70519399642944,29.40196180343628,2.123464584350586,261.19019627571106,4026.0,4026.0,9.9e-05,10000.0,hydrogen,"['uy','ux']","{'ux': [-0.001184778918297164, -0.0010746647023989128], 'uy': [0.002493094529970594, 0.0026435374976170435]}",1305266.0
68.0,0.01%,"('ux','uy')",4.0,GeoIndex,Min-Max,File,None,False,True,,0.05854368209838867,0.0038881301879882812,0.0020203590393066406,0.25914502143859863,,133.94520258903503,32.91835308074951,60.18549609184265,20.797471523284912,2.0420351028442383,251.52839612960815,4026.0,2552.0,9.9e-05,10000.0,hydrogen,"['uy','ux']","{'ux': [-0.001184778918297164, -0.0010746647023989128], 'uy': [0.002493094529970594, 0.0026435374976170435]}",1305266.0
68.0,0.01%,"('ux','uy')",5.0,GeoIndex,Rtree,File,None,False,True,,0.03137016296386719,,0.00177764892578125,0.2546539306640625,,126.78451347351074,28.636594772338867,54.184630393981934,20.706872940063477,2.5476274490356445,234.43729329109192,4026.0,2552.0,9.9e-05,10000.0,hydrogen,"['uy','ux']","{'ux': [-0.001184778918297164, -0.0010746647023989128], 'uy': [0.002493094529970594, 0.0026435374976170435]}",1305266.0
69.0,0.01%,"('ux','uy')",2.0,GeoIndex,Min-Max,File,None,True,False,,0.06106996536254883,0.005213260650634766,,,0.01795172691345215,162.59444117546082,26.89865279197693,57.944700717926025,22.546844720840454,2.9043543338775635,274.4066889286041,4297.0,4297.0,0.0001,10000.0,hydrogen,"['ux','uy']","{'ux': [-0.00034728047150574357, -0.00024278590312626865], 'uy': [-0.005117879054733533, -0.004734557988203439]}",1309606.0
69.0,0.01%,"('ux','uy')",3.0,GeoIndex,Rtree,File,None,True,False,,0.03252601623535156,,,,0.017789125442504883,148.60570335388184,27.624004364013672,65.97709441184998,31.06010866165161,2.214228391647339,276.9153378009796,4297.0,4297.0,0.0001,10000.0,hydrogen,"['ux','uy']","{'ux': [-0.00034728047150574357, -0.00024278590312626865], 'uy': [-0.005117879054733533, -0.004734557988203439]}",1309606.0
69.0,0.01%,"('ux','uy')",4.0,GeoIndex,Min-Max,File,None,False,True,,0.06203484535217285,0.005060911178588867,0.0020694732666015625,0.26064252853393555,,129.73344111442566,29.918983221054077,58.39164066314697,23.023553133010864,2.6709368228912354,245.70174980163574,4297.0,2486.0,0.0001,10000.0,hydrogen,"['ux','uy']","{'ux': [-0.00034728047150574357, -0.00024278590312626865], 'uy': [-0.005117879054733533, -0.004734557988203439]}",1309606.0
69.0,0.01%,"('ux','uy')",5.0,GeoIndex,Rtree,File,None,False,True,,0.032686710357666016,,0.0018477439880371094,0.26238465309143066,,129.44685435295105,30.430405139923096,59.52461051940918,23.633240699768066,2.7004737854003906,247.6724190711975,4297.0,2486.0,0.0001,10000.0,hydrogen,"['ux','uy']","{'ux': [-0.00034728047150574357, -0.00024278590312626865], 'uy': [-0.005117879054733533, -0.004734557988203439]}",1309606.0
70.0,0.01%,"('ux','uy')",2.0,GeoIndex,Min-Max,File,None,True,False,,0.04915595054626465,0.002783536911010742,,,0.012679338455200195,107.17778587341309,16.98436975479126,36.73419404029846,13.741936922073364,1.5083096027374268,177.12066316604614,3006.0,3006.0,0.000101,10000.0,hydrogen,"['uy','ux']","{'ux': [-0.0067249404551263285, -0.0062065215723945315], 'uy': [-0.006066848937504289, -0.005259054487206032]}",1324753.0
70.0,0.01%,"('ux','uy')",3.0,GeoIndex,Rtree,File,None,True,False,,0.027668476104736328,,,,0.012621879577636719,106.0531177520752,17.964754104614258,37.79719042778015,13.747618436813354,1.5146782398223877,178.02361059188843,3006.0,3006.0,0.000101,10000.0,hydrogen,"['uy','ux']","{'ux': [-0.0067249404551263285, -0.0062065215723945315], 'uy': [-0.006066848937504289, -0.005259054487206032]}",1324753.0
70.0,0.01%,"('ux','uy')",4.0,GeoIndex,Min-Max,File,None,False,True,,0.04952430725097656,0.0030264854431152344,0.0017077922821044922,0.18570852279663086,,96.8266863822937,18.65439534187317,37.68915891647339,14.20949125289917,1.5357916355133057,170.08913850784302,3006.0,2136.0,0.000101,10000.0,hydrogen,"['uy','ux']","{'ux': [-0.0067249404551263285, -0.0062065215723945315], 'uy': [-0.006066848937504289, -0.005259054487206032]}",1324753.0
70.0,0.01%,"('ux','uy')",5.0,GeoIndex,Rtree,File,None,False,True,,0.02761244773864746,,0.0015354156494140625,0.1858522891998291,,96.63089227676392,18.729905605316162,37.341383934020996,14.040405988693237,1.5278851985931396,169.4080467224121,3006.0,2136.0,0.000101,10000.0,hydrogen,"['uy','ux']","{'ux': [-0.0067249404551263285, -0.0062065215723945315], 'uy': [-0.006066848937504289, -0.005259054487206032]}",1324753.0
71.0,0.01%,"('ux','uy')",2.0,GeoIndex,Min-Max,File,None,True,False,,0.0572047233581543,0.0033698081970214844,,,0.016479969024658203,142.43325686454773,25.85645842552185,58.926204681396484,25.126178979873657,1.9143831729888916,255.50633549690247,3907.0,3907.0,0.0001,10000.0,hydrogen,"['uy','ux']","{'ux': [0.002588200372597638, 0.0028739739711770495], 'uy': [0.0009099894816853449, 0.0010000392487356357]}",1318480.0
71.0,0.01%,"('ux','uy')",3.0,GeoIndex,Rtree,File,None,True,False,,0.0312039852142334,,,,0.016204833984375,142.83441424369812,25.46488094329834,53.31993007659912,20.54946804046631,2.020242691040039,245.47219276428223,3907.0,3907.0,0.0001,10000.0,hydrogen,"['uy','ux']","{'ux': [0.002588200372597638, 0.0028739739711770495], 'uy': [0.0009099894816853449, 0.0010000392487356357]}",1318480.0
71.0,0.01%,"('ux','uy')",4.0,GeoIndex,Min-Max,File,None,False,True,,0.05703449249267578,0.003245115280151367,0.0019364356994628906,0.25053834915161133,,126.11296105384827,26.118579626083374,50.82873845100403,18.145009756088257,1.8869223594665527,224.58939242362976,3907.0,2458.0,0.0001,10000.0,hydrogen,"['uy','ux']","{'ux': [0.002588200372597638, 0.0028739739711770495], 'uy': [0.0009099894816853449, 0.0010000392487356357]}",1318480.0
71.0,0.01%,"('ux','uy')",5.0,GeoIndex,Rtree,File,None,False,True,,0.03113269805908203,,0.0017635822296142578,0.250518798828125,,123.37577319145203,27.195959329605103,52.083927154541016,18.98865008354187,1.9158077239990234,225.04828572273254,3907.0,2458.0,0.0001,10000.0,hydrogen,"['uy','ux']","{'ux': [0.002588200372597638, 0.0028739739711770495], 'uy': [0.0009099894816853449, 0.0010000392487356357]}",1318480.0
72.0,0.01%,"('ux','uy')",2.0,GeoIndex,Min-Max,File,None,True,False,,0.05432558059692383,0.0033669471740722656,,,0.01463937759399414,127.56446647644043,23.218866109848022,47.724576473236084,17.81056833267212,1.7593352794647217,219.27783632278442,3451.0,3451.0,0.0001,10000.0,hydrogen,"['ux','uy']","{'ux': [0.0037786455770043147, 0.004031727670973709], 'uy': [0.002381307254522236, 0.0025960180368145543]}",1312123.0
72.0,0.01%,"('ux','uy')",3.0,GeoIndex,Rtree,File,None,True,False,,0.029509544372558594,,,,0.014386892318725586,133.2768862247467,20.85057520866394,44.86220717430115,15.626311779022217,1.6885969638824463,217.38610005378723,3451.0,3451.0,0.0001,10000.0,hydrogen,"['ux','uy']","{'ux': [0.0037786455770043147, 0.004031727670973709], 'uy': [0.002381307254522236, 0.0025960180368145543]}",1312123.0
72.0,0.01%,"('ux','uy')",4.0,GeoIndex,Min-Max,File,None,False,True,,0.054086923599243164,0.0031414031982421875,0.0018112659454345703,0.21803951263427734,,110.9081301689148,22.058956623077393,44.362658977508545,15.751944541931152,1.686957597732544,196.099995136261,3451.0,2267.0,0.0001,10000.0,hydrogen,"['ux','uy']","{'ux': [0.0037786455770043147, 0.004031727670973709], 'uy': [0.002381307254522236, 0.0025960180368145543]}",1312123.0
72.0,0.01%,"('ux','uy')",5.0,GeoIndex,Rtree,File,None,False,True,,0.02927231788635254,,0.001627206802368164,0.22321534156799316,,109.92948460578918,22.1385235786438,44.416736125946045,15.802385330200195,1.698014736175537,195.2898280620575,3451.0,2267.0,0.0001,10000.0,hydrogen,"['ux','uy']","{'ux': [0.0037786455770043147, 0.004031727670973709], 'uy': [0.002381307254522236, 0.0025960180368145543]}",1312123.0
73.0,0.01%,"('ux','uy')",2.0,GeoIndex,Min-Max,File,None,True,False,,0.056970834732055664,0.0013475418090820312,,,0.015200138092041016,124.05159735679626,20.63353991508484,45.32056999206543,15.92375922203064,1.748039722442627,208.8130738735199,3628.0,3628.0,0.0001,10000.0,hydrogen,"['ux','uy']","{'ux': [0.01412280416410968, 0.0180967842856654], 'uy': [7.77317616479848e-05, 0.0002228336660306098]}",1307776.0
73.0,0.01%,"('ux','uy')",3.0,GeoIndex,Rtree,File,None,True,False,,0.03037095069885254,,,,0.015172004699707031,127.31253480911255,22.73824381828308,50.024184226989746,17.917758226394653,1.8274471759796143,220.9853072166443,3628.0,3628.0,0.0001,10000.0,hydrogen,"['ux','uy']","{'ux': [0.01412280416410968, 0.0180967842856654], 'uy': [7.77317616479848e-05, 0.0002228336660306098]}",1307776.0
73.0,0.01%,"('ux','uy')",4.0,GeoIndex,Min-Max,File,None,False,True,,0.057359933853149414,0.0013647079467773438,0.0019044876098632812,0.21435022354125977,,106.79678750038147,23.666569709777832,45.28638553619385,16.024654150009155,1.7519242763519287,194.87363362312317,3628.0,2060.0,0.0001,10000.0,hydrogen,"['ux','uy']","{'ux': [0.01412280416410968, 0.0180967842856654], 'uy': [7.77317616479848e-05, 0.0002228336660306098]}",1307776.0
73.0,0.01%,"('ux','uy')",5.0,GeoIndex,Rtree,File,None,False,True,,0.029880046844482422,,0.001680612564086914,0.21233320236206055,,107.58780884742737,23.77187156677246,45.22643208503723,16.013781547546387,1.7591748237609863,195.66757082939148,3628.0,2060.0,0.0001,10000.0,hydrogen,"['ux','uy']","{'ux': [0.01412280416410968, 0.0180967842856654], 'uy': [7.77317616479848e-05, 0.0002228336660306098]}",1307776.0
74.0,0.01%,"('ux','uy','uz','x')",2.0,GeoIndex,Min-Max,File,None,True,False,,0.10413956642150879,0.0031163692474365234,,,0.0009136199951171875,14.18450117111206,2.101624011993408,3.471254348754883,1.737555980682373,0.19434714317321777,21.887447118759155,203.0,203.0,0.000101,10000.0,hydrogen,"['x','uy','uz','ux']","{'x': [-9.089030152002145e-06, -7.553681679985845e-06], 'ux': [-0.015246254149756992, -0.0019681003489130065], 'uy': [-0.0002745446645457607, 0.0006919746603124118], 'uz': [0.03545111650943272, 0.06787034983831938]}",1116784.0
74.0,0.01%,"('ux','uy','uz','x')",3.0,GeoIndex,Rtree,File,None,True,False,,0.048197031021118164,0.0017576217651367188,,,0.0008678436279296875,14.905216693878174,2.121782064437866,3.5104658603668213,1.703592300415039,0.1930232048034668,22.55927062034607,203.0,203.0,0.000101,10000.0,hydrogen,"['x','uy','uz','ux']","{'x': [-9.089030152002145e-06, -7.553681679985845e-06], 'ux': [-0.015246254149756992, -0.0019681003489130065], 'uy': [-0.0002745446645457607, 0.0006919746603124118], 'uz': [0.03545111650943272, 0.06787034983831938]}",1116784.0
74.0,0.01%,"('ux','uy','uz','x')",4.0,GeoIndex,Min-Max,File,None,False,True,,0.10513806343078613,0.002898693084716797,0.00017023086547851562,0.00789022445678711,,14.33881402015686,2.098076820373535,3.4675662517547607,1.73189115524292,0.19388484954833984,22.037304162979126,203.0,196.0,0.000101,10000.0,hydrogen,"['x','uy','uz','ux']","{'x': [-9.089030152002145e-06, -7.553681679985845e-06], 'ux': [-0.015246254149756992, -0.0019681003489130065], 'uy': [-0.0002745446645457607, 0.0006919746603124118], 'uz': [0.03545111650943272, 0.06787034983831938]}",1116784.0
74.0,0.01%,"('ux','uy','uz','x')",5.0,GeoIndex,Rtree,File,None,False,True,,0.04799962043762207,0.001821279525756836,0.00016617774963378906,0.007855653762817383,,15.027271032333374,2.142359733581543,3.483022689819336,1.7729785442352295,0.19822072982788086,22.758134126663208,203.0,196.0,0.000101,10000.0,hydrogen,"['x','uy','uz','ux']","{'x': [-9.089030152002145e-06, -7.553681679985845e-06], 'ux': [-0.015246254149756992, -0.0019681003489130065], 'uy': [-0.0002745446645457607, 0.0006919746603124118], 'uz': [0.03545111650943272, 0.06787034983831938]}",1116784.0
75.0,0.01%,"('ux','uy','uz','x')",2.0,GeoIndex,Min-Max,File,None,True,False,,0.08621430397033691,0.00226593017578125,,,0.0001327991485595703,1.3978314399719238,0.16690540313720703,0.2489783763885498,0.09445643424987793,0.023024797439575195,2.0412440299987793,19.0,19.0,0.0001,10000.0,hydrogen,"['x','ux','uz','uy']","{'x': [1.0795060307327299e-05, 1.164939152014489e-05], 'ux': [-0.015744016478558297, -0.011983318419052022], 'uy': [-0.004058150893205976, -0.0017558738421904428], 'uz': [0.015301398127098355, 0.017482788808583036]}",1004625.0
75.0,0.01%,"('ux','uy','uz','x')",3.0,GeoIndex,Rtree,File,None,True,False,,0.0444798469543457,0.0009970664978027344,,,0.00018453598022460938,1.3851408958435059,0.15358614921569824,0.22985100746154785,0.08826112747192383,0.0224151611328125,1.9347648620605469,19.0,19.0,0.0001,10000.0,hydrogen,"['x','ux','uz','uy']","{'x': [1.0795060307327299e-05, 1.164939152014489e-05], 'ux': [-0.015744016478558297, -0.011983318419052022], 'uy': [-0.004058150893205976, -0.0017558738421904428], 'uz': [0.015301398127098355, 0.017482788808583036]}",1004625.0
75.0,0.01%,"('ux','uy','uz','x')",4.0,GeoIndex,Min-Max,File,None,False,True,,0.08702445030212402,0.0019176006317138672,1.8596649169921875e-05,0.0004444122314453125,,1.2878916263580322,0.16007208824157715,0.23594880104064941,0.09122610092163086,0.022211074829101562,1.908358097076416,19.0,19.0,0.0001,10000.0,hydrogen,"['x','ux','uz','uy']","{'x': [1.0795060307327299e-05, 1.164939152014489e-05], 'ux': [-0.015744016478558297, -0.011983318419052022], 'uy': [-0.004058150893205976, -0.0017558738421904428], 'uz': [0.015301398127098355, 0.017482788808583036]}",1004625.0
75.0,0.01%,"('ux','uy','uz','x')",5.0,GeoIndex,Rtree,File,None,False,True,,0.04430270195007324,0.0009796619415283203,1.7881393432617188e-05,0.0004432201385498047,,1.2727737426757812,0.1561603546142578,0.23276329040527344,0.08926677703857422,0.022383689880371094,1.828193187713623,19.0,19.0,0.0001,10000.0,hydrogen,"['x','ux','uz','uy']","{'x': [1.0795060307327299e-05, 1.164939152014489e-05], 'ux': [-0.015744016478558297, -0.011983318419052022], 'uy': [-0.004058150893205976, -0.0017558738421904428], 'uz': [0.015301398127098355, 0.017482788808583036]}",1004625.0
76.0,0.01%,"('ux','uy','uz','x')",2.0,GeoIndex,Min-Max,File,None,True,False,,0.09615492820739746,0.001901865005493164,,,0.0007174015045166016,13.61939525604248,2.16196346282959,3.401632308959961,1.7045583724975586,0.19507980346679688,21.26945948600769,176.0,176.0,0.000101,10000.0,hydrogen,"['uz','uy','ux']","{'x': [-4.499998696597252e-06, -3.000001707165795e-06], 'ux': [0.0017140167989726093, 0.0025015434324550767], 'uy': [-0.005210228870419966, -0.0018783747260257247], 'uz': [-0.02851619862633978, -0.01834735219537734]}",1324076.0
76.0,0.01%,"('ux','uy','uz','x')",3.0,GeoIndex,Rtree,File,None,True,False,,0.04561734199523926,0.0008575916290283203,,,0.0007607936859130859,13.902217864990234,2.186230421066284,3.4461710453033447,1.7712340354919434,0.19757819175720215,21.625658750534058,176.0,176.0,0.000101,10000.0,hydrogen,"['uz','uy','ux']","{'x': [-4.499998696597252e-06, -3.000001707165795e-06], 'ux': [0.0017140167989726093, 0.0025015434324550767], 'uy': [-0.005210228870419966, -0.0018783747260257247], 'uz': [-0.02851619862633978, -0.01834735219537734]}",1324076.0
76.0,0.01%,"('ux','uy','uz','x')",4.0,GeoIndex,Min-Max,File,None,False,True,,0.09646487236022949,0.001912832260131836,0.00015115737915039062,0.007999658584594727,,13.734179496765137,2.242249011993408,3.44874906539917,1.726269006729126,0.19479036331176758,21.541701555252075,176.0,176.0,0.000101,10000.0,hydrogen,"['uz','uy','ux']","{'x': [-4.499998696597252e-06, -3.000001707165795e-06], 'ux': [0.0017140167989726093, 0.0025015434324550767], 'uy': [-0.005210228870419966, -0.0018783747260257247], 'uz': [-0.02851619862633978, -0.01834735219537734]}",1324076.0
76.0,0.01%,"('ux','uy','uz','x')",5.0,GeoIndex,Rtree,File,None,False,True,,0.045700788497924805,0.0008497238159179688,0.00014734268188476562,0.008142709732055664,,14.053343772888184,2.132171869277954,3.444169759750366,1.7282264232635498,0.19514703750610352,21.682851314544678,176.0,176.0,0.000101,10000.0,hydrogen,"['uz','uy','ux']","{'x': [-4.499998696597252e-06, -3.000001707165795e-06], 'ux': [0.0017140167989726093, 0.0025015434324550767], 'uy': [-0.005210228870419966, -0.0018783747260257247], 'uz': [-0.02851619862633978, -0.01834735219537734]}",1324076.0
77.0,0.01%,"('ux','uy','uz','x')",2.0,GeoIndex,Min-Max,File,None,True,False,,0.12026476860046387,0.0020825862884521484,,,0.0008199214935302734,14.600783824920654,2.3148319721221924,3.5545663833618164,1.7789742946624756,0.33619022369384766,22.805680990219116,196.0,196.0,9.9e-05,10000.0,hydrogen,"['ux','uy','uz','x']","{'x': [-8.99989389368675e-06, -7.808442227100924e-06], 'ux': [-0.09101471200035907, -0.003958821215055197], 'uy': [0.0005940208439224187, 0.10563036974766299], 'uz': [-0.0351271043370949, 0.00017111111896700896]}",1061522.0
77.0,0.01%,"('ux','uy','uz','x')",3.0,GeoIndex,Rtree,File,None,True,False,,0.04841208457946777,0.0008730888366699219,,,0.0008199214935302734,14.635377645492554,2.268455743789673,3.641188859939575,1.8513514995574951,0.34646081924438477,22.87317967414856,196.0,196.0,9.9e-05,10000.0,hydrogen,"['ux','uy','uz','x']","{'x': [-8.99989389368675e-06, -7.808442227100924e-06], 'ux': [-0.09101471200035907, -0.003958821215055197], 'uy': [0.0005940208439224187, 0.10563036974766299], 'uz': [-0.0351271043370949, 0.00017111111896700896]}",1061522.0
77.0,0.01%,"('ux','uy','uz','x')",4.0,GeoIndex,Min-Max,File,None,False,True,,0.1200566291809082,0.0020360946655273438,0.0001347064971923828,0.008238077163696289,,14.049184083938599,2.0951180458068848,3.5520312786102295,1.7840325832366943,0.33450913429260254,22.043044567108154,196.0,191.0,9.9e-05,10000.0,hydrogen,"['ux','uy','uz','x']","{'x': [-8.99989389368675e-06, -7.808442227100924e-06], 'ux': [-0.09101471200035907, -0.003958821215055197], 'uy': [0.0005940208439224187, 0.10563036974766299], 'uz': [-0.0351271043370949, 0.00017111111896700896]}",1061522.0
77.0,0.01%,"('ux','uy','uz','x')",5.0,GeoIndex,Rtree,File,None,False,True,,0.05155062675476074,0.0008642673492431641,0.00014853477478027344,0.008192777633666992,,14.165749073028564,2.1285648345947266,3.601472854614258,1.7977941036224365,0.33627843856811523,22.169450044631958,196.0,191.0,9.9e-05,10000.0,hydrogen,"['ux','uy','uz','x']","{'x': [-8.99989389368675e-06, -7.808442227100924e-06], 'ux': [-0.09101471200035907, -0.003958821215055197], 'uy': [0.0005940208439224187, 0.10563036974766299], 'uz': [-0.0351271043370949, 0.00017111111896700896]}",1061522.0
78.0,0.01%,"('ux','uy','uz','x')",2.0,GeoIndex,Min-Max,File,None,True,False,,0.0730893611907959,0.0031843185424804688,,,0.00012564659118652344,1.6455066204071045,0.18024969100952148,0.2610301971435547,0.10632443428039551,0.032392024993896484,2.318342447280884,26.0,26.0,0.0001,10000.0,hydrogen,"['ux','uz','x']","{'x': [7.3701788941878305e-06, 9.12981819335778e-06], 'ux': [0.009630161865301645, 0.02548714365590334], 'uy': [-0.04345371366812181, -0.022328051275666616], 'uz': [0.09578999378720603, 0.12751065834890957]}",1307299.0
78.0,0.01%,"('ux','uy','uz','x')",3.0,GeoIndex,Rtree,File,None,True,False,,0.043576717376708984,0.002425670623779297,,,0.00012445449829101562,1.5542104244232178,0.16906452178955078,0.24711823463439941,0.10000777244567871,0.028192996978759766,2.1527836322784424,26.0,26.0,0.0001,10000.0,hydrogen,"['ux','uz','x']","{'x': [7.3701788941878305e-06, 9.12981819335778e-06], 'ux': [0.009630161865301645, 0.02548714365590334], 'uy': [-0.04345371366812181, -0.022328051275666616], 'uz': [0.09578999378720603, 0.12751065834890957]}",1307299.0
78.0,0.01%,"('ux','uy','uz','x')",4.0,GeoIndex,Min-Max,File,None,False,True,,0.06913590431213379,0.003256082534790039,2.09808349609375e-05,0.0006477832794189453,,1.5715901851654053,0.1949765682220459,0.25150394439697266,0.10438728332519531,0.03027486801147461,2.242232322692871,26.0,25.0,0.0001,10000.0,hydrogen,"['ux','uz','x']","{'x': [7.3701788941878305e-06, 9.12981819335778e-06], 'ux': [0.009630161865301645, 0.02548714365590334], 'uy': [-0.04345371366812181, -0.022328051275666616], 'uz': [0.09578999378720603, 0.12751065834890957]}",1307299.0
78.0,0.01%,"('ux','uy','uz','x')",5.0,GeoIndex,Rtree,File,None,False,True,,0.0435793399810791,0.0024406909942626953,1.8596649169921875e-05,0.0006468296051025391,,1.573498010635376,0.18894004821777344,0.24448871612548828,0.09940505027770996,0.03025221824645996,2.191532850265503,26.0,25.0,0.0001,10000.0,hydrogen,"['ux','uz','x']","{'x': [7.3701788941878305e-06, 9.12981819335778e-06], 'ux': [0.009630161865301645, 0.02548714365590334], 'uy': [-0.04345371366812181, -0.022328051275666616], 'uz': [0.09578999378720603, 0.12751065834890957]}",1307299.0
79.0,0.01%,"('ux','uy','uz','x')",2.0,GeoIndex,Min-Max,File,None,True,False,,0.08876228332519531,0.0018200874328613281,,,0.0011258125305175781,16.595021724700928,2.2770142555236816,3.817063570022583,1.8968353271484375,0.21238255500793457,24.984900951385498,258.0,258.0,0.000101,10000.0,hydrogen,"['uy','ux','uz','x']","{'x': [-2.8938202259875817e-06, -1.5692982090232923e-06], 'ux': [-0.0008665559514511637, -0.0003815195953300475], 'uy': [0.01580090584288375, 0.017694672644248007], 'uz': [0.013665865983316108, 0.01543919886399546]}",1167732.0
79.0,0.01%,"('ux','uy','uz','x')",3.0,GeoIndex,Rtree,File,None,True,False,,0.04560279846191406,0.0007860660552978516,,,0.0011544227600097656,17.859448671340942,2.5288336277008057,4.152031898498535,2.193601131439209,0.22484946250915527,27.094982147216797,258.0,258.0,0.000101,10000.0,hydrogen,"['uy','ux','uz','x']","{'x': [-2.8938202259875817e-06, -1.5692982090232923e-06], 'ux': [-0.0008665559514511637, -0.0003815195953300475], 'uy': [0.01580090584288375, 0.017694672644248007], 'uz': [0.013665865983316108, 0.01543919886399546]}",1167732.0
79.0,0.01%,"('ux','uy','uz','x')",4.0,GeoIndex,Min-Max,File,None,False,True,,0.08894133567810059,0.0019273757934570312,0.00027441978454589844,0.01040339469909668,,16.57714343070984,2.3070690631866455,3.81687331199646,1.9060180187225342,0.21077919006347656,25.01582980155945,258.0,250.0,0.000101,10000.0,hydrogen,"['uy','ux','uz','x']","{'x': [-2.8938202259875817e-06, -1.5692982090232923e-06], 'ux': [-0.0008665559514511637, -0.0003815195953300475], 'uy': [0.01580090584288375, 0.017694672644248007], 'uz': [0.013665865983316108, 0.01543919886399546]}",1167732.0
79.0,0.01%,"('ux','uy','uz','x')",5.0,GeoIndex,Rtree,File,None,False,True,,0.048982858657836914,0.0008273124694824219,0.000164031982421875,0.010401725769042969,,17.118407011032104,2.35302996635437,3.8860318660736084,1.978245735168457,0.2126147747039795,25.692427158355713,258.0,250.0,0.000101,10000.0,hydrogen,"['uy','ux','uz','x']","{'x': [-2.8938202259875817e-06, -1.5692982090232923e-06], 'ux': [-0.0008665559514511637, -0.0003815195953300475], 'uy': [0.01580090584288375, 0.017694672644248007], 'uz': [0.013665865983316108, 0.01543919886399546]}",1167732.0
80.0,0.01%,"('ux','uy','uz','x')",2.0,GeoIndex,Min-Max,File,None,True,False,,0.09962248802185059,0.0019371509552001953,,,0.0009961128234863281,14.409466981887817,2.015085220336914,3.2091493606567383,1.6215856075286865,0.18553614616394043,21.628742694854736,230.0,230.0,0.000101,10000.0,hydrogen,"['uy','x','ux','uz']","{'x': [1.5117208205937256e-06, 2.4925179653458526e-06], 'ux': [-0.00210967155490562, -0.0005813962946331744], 'uy': [0.003255353907441548, 0.005193558384340562], 'uz': [-0.01595447888857425, -0.011300668854098595]}",1324619.0
80.0,0.01%,"('ux','uy','uz','x')",3.0,GeoIndex,Rtree,File,None,True,False,,0.04682135581970215,0.0008649826049804688,,,0.0010297298431396484,14.541313886642456,1.975088357925415,3.188992738723755,1.6529080867767334,0.18707704544067383,21.665465593338013,230.0,230.0,0.000101,10000.0,hydrogen,"['uy','x','ux','uz']","{'x': [1.5117208205937256e-06, 2.4925179653458526e-06], 'ux': [-0.00210967155490562, -0.0005813962946331744], 'uy': [0.003255353907441548, 0.005193558384340562], 'uz': [-0.01595447888857425, -0.011300668854098595]}",1324619.0
80.0,0.01%,"('ux','uy','uz','x')",4.0,GeoIndex,Min-Max,File,None,False,True,,0.09963631629943848,0.0018627643585205078,0.00016260147094726562,0.009172916412353516,,14.359963417053223,1.9162614345550537,3.2184300422668457,1.6576426029205322,0.1840040683746338,21.53381896018982,230.0,223.0,0.000101,10000.0,hydrogen,"['uy','x','ux','uz']","{'x': [1.5117208205937256e-06, 2.4925179653458526e-06], 'ux': [-0.00210967155490562, -0.0005813962946331744], 'uy': [0.003255353907441548, 0.005193558384340562], 'uz': [-0.01595447888857425, -0.011300668854098595]}",1324619.0
80.0,0.01%,"('ux','uy','uz','x')",5.0,GeoIndex,Rtree,File,None,False,True,,0.04777050018310547,0.0008680820465087891,0.00016117095947265625,0.009285449981689453,,14.200806140899658,1.91200852394104,3.1973283290863037,1.622514247894287,0.18366169929504395,21.245290517807007,230.0,223.0,0.000101,10000.0,hydrogen,"['uy','x','ux','uz']","{'x': [1.5117208205937256e-06, 2.4925179653458526e-06], 'ux': [-0.00210967155490562, -0.0005813962946331744], 'uy': [0.003255353907441548, 0.005193558384340562], 'uz': [-0.01595447888857425, -0.011300668854098595]}",1324619.0
81.0,0.01%,"('ux','uy','uz','x')",2.0,GeoIndex,Min-Max,File,None,True,False,,0.11306214332580566,0.001870870590209961,,,0.0014505386352539062,25.63104224205017,4.238574028015137,7.037157773971558,3.5340709686279297,0.5142772197723389,41.233230113983154,347.0,347.0,9.9e-05,10000.0,hydrogen,"['uz','x','ux','uy']","{'x': [5.334830997373526e-06, 5.583099945167146e-06], 'ux': [-0.0005143937551176096, 3.7303337937976734e-05], 'uy': [-0.0011777903866307708, -0.0001461186747590069], 'uz': [-0.0007340345088482909, 0.004473809501723892]}",1301670.0
81.0,0.01%,"('ux','uy','uz','x')",3.0,GeoIndex,Rtree,File,None,True,False,,0.05730605125427246,0.0011768341064453125,,,0.0014905929565429688,26.325936794281006,4.311497211456299,6.996298313140869,3.440532684326172,0.5081307888031006,41.787205934524536,347.0,347.0,9.9e-05,10000.0,hydrogen,"['uz','x','ux','uy']","{'x': [5.334830997373526e-06, 5.583099945167146e-06], 'ux': [-0.0005143937551176096, 3.7303337937976734e-05], 'uy': [-0.0011777903866307708, -0.0001461186747590069], 'uz': [-0.0007340345088482909, 0.004473809501723892]}",1301670.0
81.0,0.01%,"('ux','uy','uz','x')",4.0,GeoIndex,Min-Max,File,None,False,True,,0.1137847900390625,0.0018749237060546875,0.00019216537475585938,0.016474246978759766,,25.07243013381958,4.157412052154541,6.97809362411499,3.4978034496307373,0.5166587829589844,40.517329692840576,347.0,336.0,9.9e-05,10000.0,hydrogen,"['uz','x','ux','uy']","{'x': [5.334830997373526e-06, 5.583099945167146e-06], 'ux': [-0.0005143937551176096, 3.7303337937976734e-05], 'uy': [-0.0011777903866307708, -0.0001461186747590069], 'uz': [-0.0007340345088482909, 0.004473809501723892]}",1301670.0
81.0,0.01%,"('ux','uy','uz','x')",5.0,GeoIndex,Rtree,File,None,False,True,,0.0597376823425293,0.0011544227600097656,0.00019407272338867188,0.016043663024902344,,25.83852243423462,4.23086404800415,7.100703239440918,3.5568811893463135,0.5196995735168457,41.47276306152344,347.0,336.0,9.9e-05,10000.0,hydrogen,"['uz','x','ux','uy']","{'x': [5.334830997373526e-06, 5.583099945167146e-06], 'ux': [-0.0005143937551176096, 3.7303337937976734e-05], 'uy': [-0.0011777903866307708, -0.0001461186747590069], 'uz': [-0.0007340345088482909, 0.004473809501723892]}",1301670.0
82.0,0.01%,"('ux','uy','uz','x')",2.0,GeoIndex,Min-Max,File,None,True,False,,0.13742494583129883,0.002260923385620117,,,0.0015091896057128906,22.08038640022278,3.0959763526916504,5.137682676315308,2.576066255569458,0.2999899387359619,33.46214056015015,351.0,351.0,9.9e-05,10000.0,hydrogen,"['uy','uz','x']","{'x': [-7.05288790516502e-07, -4.982795654248145e-07], 'ux': [-0.01925526166717177, 0.004164983502037859], 'uy': [-0.001028587014573916, 0.009725240073008878], 'uz': [-0.02650254667667786, -0.01994187547556934]}",1304465.0
82.0,0.01%,"('ux','uy','uz','x')",3.0,GeoIndex,Rtree,File,None,True,False,,0.05526852607727051,0.0011246204376220703,,,0.0015034675598144531,22.5770161151886,3.0928122997283936,5.120795726776123,2.552206516265869,0.2990455627441406,33.80881214141846,351.0,351.0,9.9e-05,10000.0,hydrogen,"['uy','uz','x']","{'x': [-7.05288790516502e-07, -4.982795654248145e-07], 'ux': [-0.01925526166717177, 0.004164983502037859], 'uy': [-0.001028587014573916, 0.009725240073008878], 'uz': [-0.02650254667667786, -0.01994187547556934]}",1304465.0
82.0,0.01%,"('ux','uy','uz','x')",4.0,GeoIndex,Min-Max,File,None,False,True,,0.1362743377685547,0.002344369888305664,0.0002732276916503906,0.015888452529907227,,21.97257399559021,3.0861501693725586,5.135613441467285,2.578934907913208,0.2993652820587158,33.360313415527344,351.0,333.0,9.9e-05,10000.0,hydrogen,"['uy','uz','x']","{'x': [-7.05288790516502e-07, -4.982795654248145e-07], 'ux': [-0.01925526166717177, 0.004164983502037859], 'uy': [-0.001028587014573916, 0.009725240073008878], 'uz': [-0.02650254667667786, -0.01994187547556934]}",1304465.0
82.0,0.01%,"('ux','uy','uz','x')",5.0,GeoIndex,Rtree,File,None,False,True,,0.05536007881164551,0.0010955333709716797,0.00019693374633789062,0.016000747680664062,,22.42361545562744,3.0834341049194336,5.159989595413208,2.575147867202759,0.3011758327484131,33.72797966003418,351.0,333.0,9.9e-05,10000.0,hydrogen,"['uy','uz','x']","{'x': [-7.05288790516502e-07, -4.982795654248145e-07], 'ux': [-0.01925526166717177, 0.004164983502037859], 'uy': [-0.001028587014573916, 0.009725240073008878], 'uz': [-0.02650254667667786, -0.01994187547556934]}",1304465.0
83.0,0.01%,"('ux','uy','uz','x')",2.0,GeoIndex,Min-Max,File,None,True,False,,0.10677838325500488,0.0020036697387695312,,,0.0007607936859130859,13.290889024734497,2.5193305015563965,3.455369234085083,1.767575740814209,0.19466614723205566,21.42857837677002,183.0,183.0,0.000101,10000.0,hydrogen,"['uz','uy','ux']","{'x': [-1.049999997954542e-05, -9.000002099886476e-06], 'ux': [7.275364455413093e-05, 0.0012909357729181947], 'uy': [-0.003676504537284777, -0.001943625993754822], 'uz': [-0.005709457967147599, -0.0047077972475052104]}",1237134.0
83.0,0.01%,"('ux','uy','uz','x')",3.0,GeoIndex,Rtree,File,None,True,False,,0.04947352409362793,0.0008833408355712891,,,0.0007576942443847656,12.41240906715393,1.992236852645874,3.2367758750915527,1.6268160343170166,0.18605828285217285,19.576528072357178,183.0,183.0,0.000101,10000.0,hydrogen,"['uz','uy','ux']","{'x': [-1.049999997954542e-05, -9.000002099886476e-06], 'ux': [7.275364455413093e-05, 0.0012909357729181947], 'uy': [-0.003676504537284777, -0.001943625993754822], 'uz': [-0.005709457967147599, -0.0047077972475052104]}",1237134.0
83.0,0.01%,"('ux','uy','uz','x')",4.0,GeoIndex,Min-Max,File,None,False,True,,0.10644078254699707,0.0019795894622802734,0.000148773193359375,0.007441282272338867,,12.345848083496094,1.9551260471343994,3.280843734741211,1.653907299041748,0.18177461624145508,19.622040510177612,183.0,178.0,0.000101,10000.0,hydrogen,"['uz','uy','ux']","{'x': [-1.049999997954542e-05, -9.000002099886476e-06], 'ux': [7.275364455413093e-05, 0.0012909357729181947], 'uy': [-0.003676504537284777, -0.001943625993754822], 'uz': [-0.005709457967147599, -0.0047077972475052104]}",1237134.0
83.0,0.01%,"('ux','uy','uz','x')",5.0,GeoIndex,Rtree,File,None,False,True,,0.05356168746948242,0.0009217262268066406,0.0001513957977294922,0.0072231292724609375,,12.771228075027466,2.165895938873291,3.555845260620117,1.8281891345977783,0.1898353099822998,20.64948534965515,183.0,178.0,0.000101,10000.0,hydrogen,"['uz','uy','ux']","{'x': [-1.049999997954542e-05, -9.000002099886476e-06], 'ux': [7.275364455413093e-05, 0.0012909357729181947], 'uy': [-0.003676504537284777, -0.001943625993754822], 'uz': [-0.005709457967147599, -0.0047077972475052104]}",1237134.0
84.0,0.01%,"('ux','uy','uz','x')",2.0,GeoIndex,Min-Max,File,None,True,False,,0.08070015907287598,0.0025649070739746094,,,8.869171142578125e-05,1.4120121002197266,0.17854022979736328,0.2634894847869873,0.09885692596435547,0.028130054473876953,2.084676504135132,17.0,17.0,0.0001,10000.0,hydrogen,"['uz','uy','ux','x']","{'x': [-1.1477870192860732e-05, -1.0417851798555881e-05], 'ux': [0.015199407537981649, 0.020864810322819116], 'uy': [0.004752942647909302, 0.007234313453353508], 'uz': [0.024791526405183405, 0.02930285382572013]}",1274165.0
84.0,0.01%,"('ux','uy','uz','x')",3.0,GeoIndex,Rtree,File,None,True,False,,0.04866838455200195,0.001855611801147461,,,9.179115295410156e-05,1.415663719177246,0.21178722381591797,0.28760457038879395,0.11321377754211426,0.030347585678100586,2.11897349357605,17.0,17.0,0.0001,10000.0,hydrogen,"['uz','uy','ux','x']","{'x': [-1.1477870192860732e-05, -1.0417851798555881e-05], 'ux': [0.015199407537981649, 0.020864810322819116], 'uy': [0.004752942647909302, 0.007234313453353508], 'uz': [0.024791526405183405, 0.02930285382572013]}",1274165.0
84.0,0.01%,"('ux','uy','uz','x')",4.0,GeoIndex,Min-Max,File,None,False,True,,0.0819554328918457,0.0026226043701171875,1.621246337890625e-05,0.00040411949157714844,,1.3785269260406494,0.1791999340057373,0.25965094566345215,0.10419201850891113,0.02763843536376953,2.054629325866699,17.0,17.0,0.0001,10000.0,hydrogen,"['uz','uy','ux','x']","{'x': [-1.1477870192860732e-05, -1.0417851798555881e-05], 'ux': [0.015199407537981649, 0.020864810322819116], 'uy': [0.004752942647909302, 0.007234313453353508], 'uz': [0.024791526405183405, 0.02930285382572013]}",1274165.0
84.0,0.01%,"('ux','uy','uz','x')",5.0,GeoIndex,Rtree,File,None,False,True,,0.046121835708618164,0.001920938491821289,1.811981201171875e-05,0.0003972053527832031,,1.3426849842071533,0.18457365036010742,0.2693517208099365,0.10337495803833008,0.029064655303955078,1.9874801635742188,17.0,17.0,0.0001,10000.0,hydrogen,"['uz','uy','ux','x']","{'x': [-1.1477870192860732e-05, -1.0417851798555881e-05], 'ux': [0.015199407537981649, 0.020864810322819116], 'uy': [0.004752942647909302, 0.007234313453353508], 'uz': [0.024791526405183405, 0.02930285382572013]}",1274165.0
85.0,0.01%,"('ux','uy','uz','x')",2.0,GeoIndex,Min-Max,File,None,True,False,,0.09093952178955078,0.0017223358154296875,,,0.0010123252868652344,14.570322513580322,2.020327568054199,3.347172498703003,1.6843416690826416,0.18843340873718262,21.990654945373535,230.0,230.0,0.0001,10000.0,hydrogen,"['ux','uy','x']","{'x': [-2.8661214245824903e-06, -1.7814937479228942e-06], 'ux': [-0.00041971634133029583, 0.0009154511969110233], 'uy': [-0.02333818058634226, -0.02205900036822566], 'uz': [0.023513579268755948, 0.02844309039120404]}",1317202.0
85.0,0.01%,"('ux','uy','uz','x')",3.0,GeoIndex,Rtree,File,None,True,False,,0.0442347526550293,0.0007965564727783203,,,0.0010356903076171875,14.715364217758179,1.9787755012512207,3.3357698917388916,1.6736583709716797,0.1870124340057373,22.00972604751587,230.0,230.0,0.0001,10000.0,hydrogen,"['ux','uy','x']","{'x': [-2.8661214245824903e-06, -1.7814937479228942e-06], 'ux': [-0.00041971634133029583, 0.0009154511969110233], 'uy': [-0.02333818058634226, -0.02205900036822566], 'uz': [0.023513579268755948, 0.02844309039120404]}",1317202.0
85.0,0.01%,"('ux','uy','uz','x')",4.0,GeoIndex,Min-Max,File,None,False,True,,0.09171772003173828,0.0017223358154296875,0.00015544891357421875,0.009886980056762695,,14.13685131072998,1.9830777645111084,3.3376307487487793,1.6793780326843262,0.18685579299926758,21.514102697372437,230.0,226.0,0.0001,10000.0,hydrogen,"['ux','uy','x']","{'x': [-2.8661214245824903e-06, -1.7814937479228942e-06], 'ux': [-0.00041971634133029583, 0.0009154511969110233], 'uy': [-0.02333818058634226, -0.02205900036822566], 'uz': [0.023513579268755948, 0.02844309039120404]}",1317202.0
85.0,0.01%,"('ux','uy','uz','x')",5.0,GeoIndex,Rtree,File,None,False,True,,0.044382572174072266,0.0007929801940917969,0.00015854835510253906,0.009729146957397461,,14.460078477859497,2.0759716033935547,3.416412591934204,1.7270238399505615,0.1874847412109375,21.996528387069702,230.0,226.0,0.0001,10000.0,hydrogen,"['ux','uy','x']","{'x': [-2.8661214245824903e-06, -1.7814937479228942e-06], 'ux': [-0.00041971634133029583, 0.0009154511969110233], 'uy': [-0.02333818058634226, -0.02205900036822566], 'uz': [0.023513579268755948, 0.02844309039120404]}",1317202.0
86.0,0.01%,"('ux','uy','uz','x')",2.0,GeoIndex,Min-Max,File,None,True,False,,0.07878637313842773,0.0015425682067871094,,,7.62939453125e-05,1.254316806793213,0.202803373336792,0.25895261764526367,0.10459542274475098,0.025203704833984375,1.9469563961029053,14.0,14.0,0.0001,10000.0,hydrogen,"['uy','uz','x']","{'x': [7.641927864419817e-06, 8.841083531233346e-06], 'ux': [-0.01214489990386371, -0.007505043623979182], 'uy': [0.008762442349223793, 0.01294309345124018], 'uz': [0.024629828260117694, 0.029276340781202188]}",1307887.0
86.0,0.01%,"('ux','uy','uz','x')",3.0,GeoIndex,Rtree,File,None,True,False,,0.04355454444885254,0.000949859619140625,,,7.581710815429688e-05,1.209747552871704,0.1744980812072754,0.25766491889953613,0.09817695617675781,0.02545022964477539,1.8200488090515137,14.0,14.0,0.0001,10000.0,hydrogen,"['uy','uz','x']","{'x': [7.641927864419817e-06, 8.841083531233346e-06], 'ux': [-0.01214489990386371, -0.007505043623979182], 'uy': [0.008762442349223793, 0.01294309345124018], 'uz': [0.024629828260117694, 0.029276340781202188]}",1307887.0
86.0,0.01%,"('ux','uy','uz','x')",4.0,GeoIndex,Min-Max,File,None,False,True,,0.08002901077270508,0.0014684200286865234,1.5020370483398438e-05,0.0003380775451660156,,1.2302868366241455,0.19457292556762695,0.2546844482421875,0.10168671607971191,0.02549457550048828,1.909285545349121,14.0,14.0,0.0001,10000.0,hydrogen,"['uy','uz','x']","{'x': [7.641927864419817e-06, 8.841083531233346e-06], 'ux': [-0.01214489990386371, -0.007505043623979182], 'uy': [0.008762442349223793, 0.01294309345124018], 'uz': [0.024629828260117694, 0.029276340781202188]}",1307887.0
86.0,0.01%,"('ux','uy','uz','x')",5.0,GeoIndex,Rtree,File,None,False,True,,0.04340648651123047,0.0009396076202392578,1.4781951904296875e-05,0.00033593177795410156,,1.2419745922088623,0.19710183143615723,0.2561917304992676,0.10219168663024902,0.025812387466430664,1.8781521320343018,14.0,14.0,0.0001,10000.0,hydrogen,"['uy','uz','x']","{'x': [7.641927864419817e-06, 8.841083531233346e-06], 'ux': [-0.01214489990386371, -0.007505043623979182], 'uy': [0.008762442349223793, 0.01294309345124018], 'uz': [0.024629828260117694, 0.029276340781202188]}",1307887.0
87.0,0.01%,"('ux','uy','uz','x')",2.0,GeoIndex,Min-Max,File,None,True,False,,0.10915422439575195,0.001965761184692383,,,0.0010533332824707031,14.747809648513794,2.0756995677948,3.2907917499542236,1.646716833114624,0.18714356422424316,22.149203300476074,242.0,242.0,0.000101,10000.0,hydrogen,"['ux','uy','uz']","{'x': [-2.9999992853448774e-06, -1.5000010011566947e-06], 'ux': [0.0008469220267783937, 0.002182901547875868], 'uy': [0.00014593826498758957, 0.001547930382261629], 'uz': [-0.011249159742688749, -0.007250497166667983]}",1240664.0
87.0,0.01%,"('ux','uy','uz','x')",3.0,GeoIndex,Rtree,File,None,True,False,,0.05023312568664551,0.0008513927459716797,,,0.0010921955108642578,14.809001684188843,2.1173956394195557,3.354365348815918,1.6845786571502686,0.18862342834472656,22.282164096832275,242.0,242.0,0.000101,10000.0,hydrogen,"['ux','uy','uz']","{'x': [-2.9999992853448774e-06, -1.5000010011566947e-06], 'ux': [0.0008469220267783937, 0.002182901547875868], 'uy': [0.00014593826498758957, 0.001547930382261629], 'uz': [-0.011249159742688749, -0.007250497166667983]}",1240664.0
87.0,0.01%,"('ux','uy','uz','x')",4.0,GeoIndex,Min-Max,File,None,False,True,,0.10827040672302246,0.0019221305847167969,0.00016164779663085938,0.009958505630493164,,14.685043811798096,1.9833309650421143,3.3601865768432617,1.6705124378204346,0.1852114200592041,22.095311641693115,242.0,237.0,0.000101,10000.0,hydrogen,"['ux','uy','uz']","{'x': [-2.9999992853448774e-06, -1.5000010011566947e-06], 'ux': [0.0008469220267783937, 0.002182901547875868], 'uy': [0.00014593826498758957, 0.001547930382261629], 'uz': [-0.011249159742688749, -0.007250497166667983]}",1240664.0
87.0,0.01%,"('ux','uy','uz','x')",5.0,GeoIndex,Rtree,File,None,False,True,,0.05002641677856445,0.0008935928344726562,0.00016236305236816406,0.01013493537902832,,14.564948320388794,1.9537773132324219,3.3349668979644775,1.6704888343811035,0.18532013893127441,21.845749616622925,242.0,237.0,0.000101,10000.0,hydrogen,"['ux','uy','uz']","{'x': [-2.9999992853448774e-06, -1.5000010011566947e-06], 'ux': [0.0008469220267783937, 0.002182901547875868], 'uy': [0.00014593826498758957, 0.001547930382261629], 'uz': [-0.011249159742688749, -0.007250497166667983]}",1240664.0
88.0,0.01%,"('ux','uy','uz','x')",2.0,GeoIndex,Min-Max,File,None,True,False,,0.061872005462646484,0.001323699951171875,,,5.888938903808594e-05,0.7412428855895996,0.07427716255187988,0.09444117546081543,0.034065961837768555,0.016909360885620117,1.0387635231018066,9.0,9.0,9.9e-05,10000.0,hydrogen,"['uz','uy','ux']","{'x': [-1.0499999492756384e-05, -9.000003447509075e-06], 'ux': [-0.046065324811311995, -0.01762539248878521], 'uy': [-0.03456376208534905, -0.015613252561886467], 'uz': [0.10057721813915488, 0.12066109470942171]}",1088791.0
88.0,0.01%,"('ux','uy','uz','x')",3.0,GeoIndex,Rtree,File,None,True,False,,0.037630558013916016,0.0008456707000732422,,,5.340576171875e-05,0.7258191108703613,0.07682132720947266,0.09757137298583984,0.036133527755737305,0.0166780948638916,0.9976086616516113,9.0,9.0,9.9e-05,10000.0,hydrogen,"['uz','uy','ux']","{'x': [-1.0499999492756384e-05, -9.000003447509075e-06], 'ux': [-0.046065324811311995, -0.01762539248878521], 'uy': [-0.03456376208534905, -0.015613252561886467], 'uz': [0.10057721813915488, 0.12066109470942171]}",1088791.0
88.0,0.01%,"('ux','uy','uz','x')",4.0,GeoIndex,Min-Max,File,None,False,True,,0.06244850158691406,0.0013608932495117188,1.3828277587890625e-05,0.00015997886657714844,,0.7452366352081299,0.07548356056213379,0.0951991081237793,0.033983469009399414,0.017598867416381836,1.0462582111358643,9.0,9.0,9.9e-05,10000.0,hydrogen,"['uz','uy','ux']","{'x': [-1.0499999492756384e-05, -9.000003447509075e-06], 'ux': [-0.046065324811311995, -0.01762539248878521], 'uy': [-0.03456376208534905, -0.015613252561886467], 'uz': [0.10057721813915488, 0.12066109470942171]}",1088791.0
88.0,0.01%,"('ux','uy','uz','x')",5.0,GeoIndex,Rtree,File,None,False,True,,0.03737354278564453,0.000843048095703125,1.1920928955078125e-05,0.00015926361083984375,,0.7082247734069824,0.07521700859069824,0.09438347816467285,0.03357362747192383,0.018181324005126953,0.9741835594177246,9.0,9.0,9.9e-05,10000.0,hydrogen,"['uz','uy','ux']","{'x': [-1.0499999492756384e-05, -9.000003447509075e-06], 'ux': [-0.046065324811311995, -0.01762539248878521], 'uy': [-0.03456376208534905, -0.015613252561886467], 'uz': [0.10057721813915488, 0.12066109470942171]}",1088791.0
89.0,0.01%,"('ux','uy','uz','x')",2.0,GeoIndex,Min-Max,File,None,True,False,,0.0922849178314209,0.0017344951629638672,,,0.0010480880737304688,14.928272008895874,2.02150559425354,3.354076385498047,1.685131311416626,0.18644952774047852,22.356351852416992,242.0,242.0,0.000101,10000.0,hydrogen,"['ux','x','uy','uz']","{'x': [-1.4608001794157688e-06, -5.893887319964685e-07], 'ux': [-0.0016427422949990844, 0.0001384847379291023], 'uy': [-0.02291869265774939, -0.021647703418101672], 'uz': [0.02241123222050358, 0.027164102086648132]}",1318903.0
89.0,0.01%,"('ux','uy','uz','x')",3.0,GeoIndex,Rtree,File,None,True,False,,0.04445791244506836,0.0007987022399902344,,,0.0010552406311035156,14.914417743682861,1.9902431964874268,3.342735528945923,1.6654374599456787,0.18596267700195312,22.217459201812744,242.0,242.0,0.000101,10000.0,hydrogen,"['ux','x','uy','uz']","{'x': [-1.4608001794157688e-06, -5.893887319964685e-07], 'ux': [-0.0016427422949990844, 0.0001384847379291023], 'uy': [-0.02291869265774939, -0.021647703418101672], 'uz': [0.02241123222050358, 0.027164102086648132]}",1318903.0
89.0,0.01%,"('ux','uy','uz','x')",4.0,GeoIndex,Min-Max,File,None,False,True,,0.09241580963134766,0.001739501953125,0.00016236305236816406,0.010487794876098633,,14.564570665359497,2.03096866607666,3.3642563819885254,1.6882760524749756,0.18664193153381348,22.02724027633667,242.0,231.0,0.000101,10000.0,hydrogen,"['ux','x','uy','uz']","{'x': [-1.4608001794157688e-06, -5.893887319964685e-07], 'ux': [-0.0016427422949990844, 0.0001384847379291023], 'uy': [-0.02291869265774939, -0.021647703418101672], 'uz': [0.02241123222050358, 0.027164102086648132]}",1318903.0
89.0,0.01%,"('ux','uy','uz','x')",5.0,GeoIndex,Rtree,File,None,False,True,,0.04430222511291504,0.0008425712585449219,0.0001647472381591797,0.010570764541625977,,14.784963369369507,2.0549144744873047,3.40122652053833,1.7201478481292725,0.18781471252441406,22.27958059310913,242.0,231.0,0.000101,10000.0,hydrogen,"['ux','x','uy','uz']","{'x': [-1.4608001794157688e-06, -5.893887319964685e-07], 'ux': [-0.0016427422949990844, 0.0001384847379291023], 'uy': [-0.02291869265774939, -0.021647703418101672], 'uz': [0.02241123222050358, 0.027164102086648132]}",1318903.0
90.0,0.01%,"('ux','uy','uz','x','y')",2.0,GeoIndex,Min-Max,File,None,True,False,,0.14091849327087402,0.0022592544555664062,,,0.00014257431030273438,2.4600789546966553,0.3241231441497803,0.4098701477050781,0.18141412734985352,0.12296724319458008,3.6779305934906006,31.0,31.0,9.9e-05,10000.0,hydrogen,"['ux','uz','uy','y']","{'x': [-1.49999779186569e-06, -2.2862344627650025e-13], 'y': [3.102419533659316e-06, 4.171105628455747e-06], 'ux': [-0.027946854062197515, -0.002978554046987568], 'uy': [-0.008014117077868366, 0.041147240219695645], 'uz': [0.0009653434093471955, 0.048818333120461306]}",1302493.0
90.0,0.01%,"('ux','uy','uz','x','y')",3.0,GeoIndex,Rtree,File,None,True,False,,0.051984548568725586,0.0002455711364746094,,,0.00013947486877441406,2.527294874191284,0.35149216651916504,0.42107176780700684,0.1944890022277832,0.12313437461853027,3.6852874755859375,31.0,31.0,9.9e-05,10000.0,hydrogen,"['ux','uz','uy','y']","{'x': [-1.49999779186569e-06, -2.2862344627650025e-13], 'y': [3.102419533659316e-06, 4.171105628455747e-06], 'ux': [-0.027946854062197515, -0.002978554046987568], 'uy': [-0.008014117077868366, 0.041147240219695645], 'uz': [0.0009653434093471955, 0.048818333120461306]}",1302493.0
90.0,0.01%,"('ux','uy','uz','x','y')",4.0,GeoIndex,Min-Max,File,None,False,True,,0.14272570610046387,0.002371549606323242,1.9788742065429688e-05,0.0009012222290039062,,2.431626081466675,0.318056583404541,0.40819573402404785,0.19360589981079102,0.12068653106689453,3.6540873050689697,31.0,31.0,9.9e-05,10000.0,hydrogen,"['ux','uz','uy','y']","{'x': [-1.49999779186569e-06, -2.2862344627650025e-13], 'y': [3.102419533659316e-06, 4.171105628455747e-06], 'ux': [-0.027946854062197515, -0.002978554046987568], 'uy': [-0.008014117077868366, 0.041147240219695645], 'uz': [0.0009653434093471955, 0.048818333120461306]}",1302493.0
90.0,0.01%,"('ux','uy','uz','x','y')",5.0,GeoIndex,Rtree,File,None,False,True,,0.051361083984375,0.00024437904357910156,1.9788742065429688e-05,0.0009121894836425781,,2.5298290252685547,0.36623573303222656,0.4343090057373047,0.2151167392730713,0.12551403045654297,3.7385356426239014,31.0,31.0,9.9e-05,10000.0,hydrogen,"['ux','uz','uy','y']","{'x': [-1.49999779186569e-06, -2.2862344627650025e-13], 'y': [3.102419533659316e-06, 4.171105628455747e-06], 'ux': [-0.027946854062197515, -0.002978554046987568], 'uy': [-0.008014117077868366, 0.041147240219695645], 'uz': [0.0009653434093471955, 0.048818333120461306]}",1302493.0
91.0,0.01%,"('ux','uy','uz','x','y')",2.0,GeoIndex,Min-Max,File,None,True,False,,0.13008737564086914,0.00238800048828125,,,0.0001068115234375,1.8977394104003906,0.24476027488708496,0.30829787254333496,0.13810944557189941,0.06167030334472656,2.8162779808044434,21.0,21.0,9.9e-05,10000.0,hydrogen,"['x','y','uz','ux','uy']","{'x': [7.548486033873725e-06, 7.905846559118314e-06], 'y': [-1.1920247673347683e-05, -1.1099551466358845e-05], 'ux': [-0.0006123021102956997, 0.00018678030899478256], 'uy': [-0.014270886504807977, 0.0004146088386935045], 'uz': [-4.450942330510289e-05, 0.00045731599481621944]}",1304805.0
91.0,0.01%,"('ux','uy','uz','x','y')",3.0,GeoIndex,Rtree,File,None,True,False,,0.05395007133483887,0.0006153583526611328,,,0.00010156631469726562,1.8326542377471924,0.24432158470153809,0.3052835464477539,0.13849902153015137,0.06141972541809082,2.6513142585754395,21.0,21.0,9.9e-05,10000.0,hydrogen,"['x','y','uz','ux','uy']","{'x': [7.548486033873725e-06, 7.905846559118314e-06], 'y': [-1.1920247673347683e-05, -1.1099551466358845e-05], 'ux': [-0.0006123021102956997, 0.00018678030899478256], 'uy': [-0.014270886504807977, 0.0004146088386935045], 'uz': [-4.450942330510289e-05, 0.00045731599481621944]}",1304805.0
91.0,0.01%,"('ux','uy','uz','x','y')",4.0,GeoIndex,Min-Max,File,None,False,True,,0.12991023063659668,0.002406597137451172,1.71661376953125e-05,0.00048065185546875,,1.824054479598999,0.24461865425109863,0.31292176246643066,0.14136743545532227,0.06157326698303223,2.7503178119659424,21.0,21.0,9.9e-05,10000.0,hydrogen,"['x','y','uz','ux','uy']","{'x': [7.548486033873725e-06, 7.905846559118314e-06], 'y': [-1.1920247673347683e-05, -1.1099551466358845e-05], 'ux': [-0.0006123021102956997, 0.00018678030899478256], 'uy': [-0.014270886504807977, 0.0004146088386935045], 'uz': [-4.450942330510289e-05, 0.00045731599481621944]}",1304805.0
91.0,0.01%,"('ux','uy','uz','x','y')",5.0,GeoIndex,Rtree,File,None,False,True,,0.05826926231384277,0.0006241798400878906,1.7404556274414062e-05,0.0004894733428955078,,1.7888450622558594,0.24635863304138184,0.31135988235473633,0.13996338844299316,0.061812400817871094,2.622511148452759,21.0,21.0,9.9e-05,10000.0,hydrogen,"['x','y','uz','ux','uy']","{'x': [7.548486033873725e-06, 7.905846559118314e-06], 'y': [-1.1920247673347683e-05, -1.1099551466358845e-05], 'ux': [-0.0006123021102956997, 0.00018678030899478256], 'uy': [-0.014270886504807977, 0.0004146088386935045], 'uz': [-4.450942330510289e-05, 0.00045731599481621944]}",1304805.0
92.0,0.01%,"('ux','uy','uz','x','y')",2.0,GeoIndex,Min-Max,File,None,True,False,,0.16047024726867676,0.0024061203002929688,,,0.00012063980102539062,2.235747814178467,0.3437163829803467,0.4440157413482666,0.1990048885345459,0.047670602798461914,3.474900484085083,25.0,25.0,0.0001,10000.0,hydrogen,"['uy','y','x','uz']","{'x': [-1.2136340193437952e-06, -4.233586407567764e-12], 'y': [-1.0443142306523487e-05, -9.341764942073745e-06], 'ux': [-0.0235658665575584, 0.010811064271115145], 'uy': [-0.08571271340430703, -0.0003931767114319709], 'uz': [-0.026312224503440167, 0.01661775022861483]}",1316487.0
92.0,0.01%,"('ux','uy','uz','x','y')",3.0,GeoIndex,Rtree,File,None,True,False,,0.06132054328918457,0.0006971359252929688,,,0.00012183189392089844,2.3264050483703613,0.367215633392334,0.4836111068725586,0.2263927459716797,0.04864645004272461,3.5317578315734863,25.0,25.0,0.0001,10000.0,hydrogen,"['uy','y','x','uz']","{'x': [-1.2136340193437952e-06, -4.233586407567764e-12], 'y': [-1.0443142306523487e-05, -9.341764942073745e-06], 'ux': [-0.0235658665575584, 0.010811064271115145], 'uy': [-0.08571271340430703, -0.0003931767114319709], 'uz': [-0.026312224503440167, 0.01661775022861483]}",1316487.0
92.0,0.01%,"('ux','uy','uz','x','y')",4.0,GeoIndex,Min-Max,File,None,False,True,,0.16033697128295898,0.002521991729736328,1.811981201171875e-05,0.0006315708160400391,,2.2559454441070557,0.34808897972106934,0.4539456367492676,0.20458674430847168,0.04662013053894043,3.514212131500244,25.0,25.0,0.0001,10000.0,hydrogen,"['uy','y','x','uz']","{'x': [-1.2136340193437952e-06, -4.233586407567764e-12], 'y': [-1.0443142306523487e-05, -9.341764942073745e-06], 'ux': [-0.0235658665575584, 0.010811064271115145], 'uy': [-0.08571271340430703, -0.0003931767114319709], 'uz': [-0.026312224503440167, 0.01661775022861483]}",1316487.0
92.0,0.01%,"('ux','uy','uz','x','y')",5.0,GeoIndex,Rtree,File,None,False,True,,0.06091642379760742,0.0006749629974365234,1.811981201171875e-05,0.0006351470947265625,,2.184926986694336,0.3351631164550781,0.44651198387145996,0.20578885078430176,0.0468599796295166,3.2988040447235107,25.0,25.0,0.0001,10000.0,hydrogen,"['uy','y','x','uz']","{'x': [-1.2136340193437952e-06, -4.233586407567764e-12], 'y': [-1.0443142306523487e-05, -9.341764942073745e-06], 'ux': [-0.0235658665575584, 0.010811064271115145], 'uy': [-0.08571271340430703, -0.0003931767114319709], 'uz': [-0.026312224503440167, 0.01661775022861483]}",1316487.0
93.0,0.01%,"('ux','uy','uz','x','y')",2.0,GeoIndex,Min-Max,File,None,True,False,,0.08783745765686035,0.0017876625061035156,,,3.0040740966796875e-05,0.5271811485290527,0.0594487190246582,0.05192160606384277,0.02761244773864746,0.013790130615234375,0.7904086112976074,3.0,3.0,0.0001,10000.0,hydrogen,"['ux','uy','uz']","{'x': [-1.0499999651334574e-05, -9.000000224142189e-06], 'y': [-5.999999149378979e-06, -4.500000882057128e-06], 'ux': [0.01265666035753906, 0.017458189097503306], 'uy': [0.00607488492601434, 0.009007939831088427], 'uz': [0.017873402298765915, 0.021320163362772242]}",1079852.0
93.0,0.01%,"('ux','uy','uz','x','y')",3.0,GeoIndex,Rtree,File,None,True,False,,0.04026055335998535,0.00017905235290527344,,,2.8371810913085938e-05,0.5470786094665527,0.061743736267089844,0.05567479133605957,0.025258779525756836,0.012514829635620117,0.749802827835083,3.0,3.0,0.0001,10000.0,hydrogen,"['ux','uy','uz']","{'x': [-1.0499999651334574e-05, -9.000000224142189e-06], 'y': [-5.999999149378979e-06, -4.500000882057128e-06], 'ux': [0.01265666035753906, 0.017458189097503306], 'uy': [0.00607488492601434, 0.009007939831088427], 'uz': [0.017873402298765915, 0.021320163362772242]}",1079852.0
93.0,0.01%,"('ux','uy','uz','x','y')",4.0,GeoIndex,Min-Max,File,None,False,True,,0.08889007568359375,0.0017809867858886719,1.0013580322265625e-05,4.7206878662109375e-05,,0.5284984111785889,0.05861020088195801,0.05450105667114258,0.02604985237121582,0.013431549072265625,0.791694164276123,3.0,3.0,0.0001,10000.0,hydrogen,"['ux','uy','uz']","{'x': [-1.0499999651334574e-05, -9.000000224142189e-06], 'y': [-5.999999149378979e-06, -4.500000882057128e-06], 'ux': [0.01265666035753906, 0.017458189097503306], 'uy': [0.00607488492601434, 0.009007939831088427], 'uz': [0.017873402298765915, 0.021320163362772242]}",1079852.0
93.0,0.01%,"('ux','uy','uz','x','y')",5.0,GeoIndex,Rtree,File,None,False,True,,0.040427207946777344,0.00018453598022460938,9.775161743164062e-06,4.601478576660156e-05,,0.5436286926269531,0.06290817260742188,0.06213688850402832,0.02934885025024414,0.013942956924438477,0.7596912384033203,3.0,3.0,0.0001,10000.0,hydrogen,"['ux','uy','uz']","{'x': [-1.0499999651334574e-05, -9.000000224142189e-06], 'y': [-5.999999149378979e-06, -4.500000882057128e-06], 'ux': [0.01265666035753906, 0.017458189097503306], 'uy': [0.00607488492601434, 0.009007939831088427], 'uz': [0.017873402298765915, 0.021320163362772242]}",1079852.0
94.0,0.01%,"('ux','uy','uz','x','y')",2.0,GeoIndex,Min-Max,File,None,True,False,,0.10039234161376953,0.002010822296142578,,,3.504753112792969e-05,0.7049436569213867,0.09769988059997559,0.10342526435852051,0.04211878776550293,0.02211165428161621,1.0952136516571045,4.0,4.0,0.0001,10000.0,hydrogen,"['uy','y','uz','ux']","{'x': [4.500000236269994e-06, 5.999999444687877e-06], 'y': [-4.41734858360672e-06, -3.0000013808058515e-06], 'ux': [-0.004597417878022185, -0.0033668087262892156], 'uy': [0.003378883551772911, 0.0053591123531547685], 'uz': [-0.018853523088493338, -0.011910297099761307]}",1314116.0
94.0,0.01%,"('ux','uy','uz','x','y')",3.0,GeoIndex,Rtree,File,None,True,False,,0.041968345642089844,0.0001838207244873047,,,3.695487976074219e-05,0.6738400459289551,0.09183025360107422,0.10144734382629395,0.0418701171875,0.023731470108032227,0.9830291271209717,4.0,4.0,0.0001,10000.0,hydrogen,"['uy','y','uz','ux']","{'x': [4.500000236269994e-06, 5.999999444687877e-06], 'y': [-4.41734858360672e-06, -3.0000013808058515e-06], 'ux': [-0.004597417878022185, -0.0033668087262892156], 'uy': [0.003378883551772911, 0.0053591123531547685], 'uz': [-0.018853523088493338, -0.011910297099761307]}",1314116.0
94.0,0.01%,"('ux','uy','uz','x','y')",4.0,GeoIndex,Min-Max,File,None,False,True,,0.10047149658203125,0.0019919872283935547,1.0728836059570312e-05,6.198883056640625e-05,,0.7167565822601318,0.09810400009155273,0.10240936279296875,0.04274487495422363,0.02223491668701172,1.1072421073913574,4.0,4.0,0.0001,10000.0,hydrogen,"['uy','y','uz','ux']","{'x': [4.500000236269994e-06, 5.999999444687877e-06], 'y': [-4.41734858360672e-06, -3.0000013808058515e-06], 'ux': [-0.004597417878022185, -0.0033668087262892156], 'uy': [0.003378883551772911, 0.0053591123531547685], 'uz': [-0.018853523088493338, -0.011910297099761307]}",1314116.0
94.0,0.01%,"('ux','uy','uz','x','y')",5.0,GeoIndex,Rtree,File,None,False,True,,0.04247140884399414,0.00018787384033203125,9.775161743164062e-06,5.984306335449219e-05,,0.8433146476745605,0.11490106582641602,0.09854793548583984,0.04340481758117676,0.024962663650512695,1.1760954856872559,4.0,4.0,0.0001,10000.0,hydrogen,"['uy','y','uz','ux']","{'x': [4.500000236269994e-06, 5.999999444687877e-06], 'y': [-4.41734858360672e-06, -3.0000013808058515e-06], 'ux': [-0.004597417878022185, -0.0033668087262892156], 'uy': [0.003378883551772911, 0.0053591123531547685], 'uz': [-0.018853523088493338, -0.011910297099761307]}",1314116.0
95.0,0.01%,"('ux','uy','uz','x','y')",2.0,GeoIndex,Min-Max,File,None,True,False,,0.10530686378479004,0.002100706100463867,,,3.886222839355469e-05,0.7213726043701172,0.09350728988647461,0.10405111312866211,0.04286646842956543,0.02476215362548828,1.1184015274047852,5.0,5.0,0.000101,10000.0,hydrogen,"['uz','y','ux']","{'x': [4.500000048453865e-06, 5.999999148257505e-06], 'y': [-8.993792944342686e-06, -7.709491032950525e-06], 'ux': [-0.0016298430824526451, -0.0010925485155465643], 'uy': [0.0028298195540012484, 0.004027484886210095], 'uz': [-0.003618800077718815, -0.002838675592697542]}",1321517.0
95.0,0.01%,"('ux','uy','uz','x','y')",3.0,GeoIndex,Rtree,File,None,True,False,,0.043370723724365234,0.00020694732666015625,,,4.1484832763671875e-05,0.70888352394104,0.10764288902282715,0.10956263542175293,0.047914981842041016,0.027271747589111328,1.0566327571868896,5.0,5.0,0.000101,10000.0,hydrogen,"['uz','y','ux']","{'x': [4.500000048453865e-06, 5.999999148257505e-06], 'y': [-8.993792944342686e-06, -7.709491032950525e-06], 'ux': [-0.0016298430824526451, -0.0010925485155465643], 'uy': [0.0028298195540012484, 0.004027484886210095], 'uz': [-0.003618800077718815, -0.002838675592697542]}",1321517.0
95.0,0.01%,"('ux','uy','uz','x','y')",4.0,GeoIndex,Min-Max,File,None,False,True,,0.10504508018493652,0.0020346641540527344,1.1444091796875e-05,7.939338684082031e-05,,0.7301979064941406,0.11399531364440918,0.10302281379699707,0.0427858829498291,0.026839017868041992,1.1477031707763672,5.0,5.0,0.000101,10000.0,hydrogen,"['uz','y','ux']","{'x': [4.500000048453865e-06, 5.999999148257505e-06], 'y': [-8.993792944342686e-06, -7.709491032950525e-06], 'ux': [-0.0016298430824526451, -0.0010925485155465643], 'uy': [0.0028298195540012484, 0.004027484886210095], 'uz': [-0.003618800077718815, -0.002838675592697542]}",1321517.0
95.0,0.01%,"('ux','uy','uz','x','y')",5.0,GeoIndex,Rtree,File,None,False,True,,0.04555153846740723,0.0001983642578125,1.0251998901367188e-05,7.843971252441406e-05,,0.7352950572967529,0.10486125946044922,0.10498189926147461,0.04538726806640625,0.027085542678833008,1.072507619857788,5.0,5.0,0.000101,10000.0,hydrogen,"['uz','y','ux']","{'x': [4.500000048453865e-06, 5.999999148257505e-06], 'y': [-8.993792944342686e-06, -7.709491032950525e-06], 'ux': [-0.0016298430824526451, -0.0010925485155465643], 'uy': [0.0028298195540012484, 0.004027484886210095], 'uz': [-0.003618800077718815, -0.002838675592697542]}",1321517.0
96.0,0.01%,"('ux','uy','uz','x','y')",2.0,GeoIndex,Min-Max,File,None,True,False,,0.15711212158203125,0.002623319625854492,,,0.00012969970703125,3.4396846294403076,0.6226153373718262,0.775728702545166,0.4609644412994385,0.07135486602783203,5.58160138130188,27.0,27.0,9.9e-05,10000.0,hydrogen,"['uz','y','ux']","{'x': [-1.4999988116288854e-06, -3.7374768959662376e-14], 'y': [5.3268282502414e-06, 5.78393305998511e-06], 'ux': [-0.02296196080786284, 0.004632386185133154], 'uy': [-0.014812426406124053, 0.050705517745182206], 'uz': [-0.040068123617303775, -0.018050970807485744]}",1301676.0
96.0,0.01%,"('ux','uy','uz','x','y')",3.0,GeoIndex,Rtree,File,None,True,False,,0.05526995658874512,0.0006299018859863281,,,0.00012755393981933594,3.3122663497924805,0.6340949535369873,0.7900192737579346,0.47797131538391113,0.08083724975585938,5.377800703048706,27.0,27.0,9.9e-05,10000.0,hydrogen,"['uz','y','ux']","{'x': [-1.4999988116288854e-06, -3.7374768959662376e-14], 'y': [5.3268282502414e-06, 5.78393305998511e-06], 'ux': [-0.02296196080786284, 0.004632386185133154], 'uy': [-0.014812426406124053, 0.050705517745182206], 'uz': [-0.040068123617303775, -0.018050970807485744]}",1301676.0
96.0,0.01%,"('ux','uy','uz','x','y')",4.0,GeoIndex,Min-Max,File,None,False,True,,0.15804290771484375,0.002682209014892578,1.9311904907226562e-05,0.0007810592651367188,,3.2918307781219482,0.6294281482696533,0.7771000862121582,0.4640483856201172,0.08005952835083008,5.449482202529907,27.0,27.0,9.9e-05,10000.0,hydrogen,"['uz','y','ux']","{'x': [-1.4999988116288854e-06, -3.7374768959662376e-14], 'y': [5.3268282502414e-06, 5.78393305998511e-06], 'ux': [-0.02296196080786284, 0.004632386185133154], 'uy': [-0.014812426406124053, 0.050705517745182206], 'uz': [-0.040068123617303775, -0.018050970807485744]}",1301676.0
96.0,0.01%,"('ux','uy','uz','x','y')",5.0,GeoIndex,Rtree,File,None,False,True,,0.05770397186279297,0.0006177425384521484,1.8596649169921875e-05,0.0007731914520263672,,3.3734545707702637,0.7316839694976807,0.776857852935791,0.4673612117767334,0.07838702201843262,5.513813734054565,27.0,27.0,9.9e-05,10000.0,hydrogen,"['uz','y','ux']","{'x': [-1.4999988116288854e-06, -3.7374768959662376e-14], 'y': [5.3268282502414e-06, 5.78393305998511e-06], 'ux': [-0.02296196080786284, 0.004632386185133154], 'uy': [-0.014812426406124053, 0.050705517745182206], 'uz': [-0.040068123617303775, -0.018050970807485744]}",1301676.0
97.0,0.01%,"('ux','uy','uz','x','y')",2.0,GeoIndex,Min-Max,File,None,True,False,,0.15779566764831543,0.002424001693725586,,,0.00012230873107910156,2.11238431930542,0.2610161304473877,0.33244991302490234,0.14895415306091309,0.040535926818847656,3.0944631099700928,26.0,26.0,0.0001,10000.0,hydrogen,"['uy','ux','y']","{'x': [3.000003883677304e-06, 4.499999935024933e-06], 'y': [-1.1933807561899595e-05, -1.0543689189500176e-05], 'ux': [-0.00029110490461975794, 0.03524314806999798], 'uy': [-0.11928008349879382, -0.0006498834582366678], 'uz': [-0.03232700306342397, 0.05066728630351054]}",1314937.0
97.0,0.01%,"('ux','uy','uz','x','y')",3.0,GeoIndex,Rtree,File,None,True,False,,0.058922767639160156,0.0006601810455322266,,,0.00012540817260742188,2.0505268573760986,0.25209856033325195,0.3328564167022705,0.14789724349975586,0.040955543518066406,2.89923095703125,26.0,26.0,0.0001,10000.0,hydrogen,"['uy','ux','y']","{'x': [3.000003883677304e-06, 4.499999935024933e-06], 'y': [-1.1933807561899595e-05, -1.0543689189500176e-05], 'ux': [-0.00029110490461975794, 0.03524314806999798], 'uy': [-0.11928008349879382, -0.0006498834582366678], 'uz': [-0.03232700306342397, 0.05066728630351054]}",1314937.0
97.0,0.01%,"('ux','uy','uz','x','y')",4.0,GeoIndex,Min-Max,File,None,False,True,,0.1583271026611328,0.002390623092651367,1.9311904907226562e-05,0.0006878376007080078,,2.0459108352661133,0.24907445907592773,0.3307454586029053,0.14635801315307617,0.039946556091308594,3.0137624740600586,26.0,26.0,0.0001,10000.0,hydrogen,"['uy','ux','y']","{'x': [3.000003883677304e-06, 4.499999935024933e-06], 'y': [-1.1933807561899595e-05, -1.0543689189500176e-05], 'ux': [-0.00029110490461975794, 0.03524314806999798], 'uy': [-0.11928008349879382, -0.0006498834582366678], 'uz': [-0.03232700306342397, 0.05066728630351054]}",1314937.0
97.0,0.01%,"('ux','uy','uz','x','y')",5.0,GeoIndex,Rtree,File,None,False,True,,0.05833888053894043,0.0006535053253173828,1.8835067749023438e-05,0.0006871223449707031,,2.072974920272827,0.2584061622619629,0.33457279205322266,0.15019702911376953,0.04159188270568848,2.9329183101654053,26.0,26.0,0.0001,10000.0,hydrogen,"['uy','ux','y']","{'x': [3.000003883677304e-06, 4.499999935024933e-06], 'y': [-1.1933807561899595e-05, -1.0543689189500176e-05], 'ux': [-0.00029110490461975794, 0.03524314806999798], 'uy': [-0.11928008349879382, -0.0006498834582366678], 'uz': [-0.03232700306342397, 0.05066728630351054]}",1314937.0
98.0,0.01%,"('ux','uy','uz','x','y')",2.0,GeoIndex,Min-Max,File,None,True,False,,0.14158225059509277,0.0021386146545410156,,,0.0001163482666015625,2.27470064163208,0.35188746452331543,0.44846034049987793,0.20029449462890625,0.200178861618042,3.6557979583740234,23.0,23.0,9.9e-05,10000.0,hydrogen,"['uy','y','ux']","{'x': [-7.499999013357467e-06, -6.000000193427397e-06], 'y': [1.4675688902960646e-07, 1.3423092319645727e-06], 'ux': [-0.06361660477252304, -0.015114282175604385], 'uy': [-0.006582983827516633, 0.012440182578770054], 'uz': [-0.02601268681929059, 0.026048844064527715]}",1301181.0
98.0,0.01%,"('ux','uy','uz','x','y')",3.0,GeoIndex,Rtree,File,None,True,False,,0.047057151794433594,0.00021147727966308594,,,0.00010776519775390625,2.2192282676696777,0.3407309055328369,0.45324110984802246,0.2045879364013672,0.20204687118530273,3.480879783630371,23.0,23.0,9.9e-05,10000.0,hydrogen,"['uy','y','ux']","{'x': [-7.499999013357467e-06, -6.000000193427397e-06], 'y': [1.4675688902960646e-07, 1.3423092319645727e-06], 'ux': [-0.06361660477252304, -0.015114282175604385], 'uy': [-0.006582983827516633, 0.012440182578770054], 'uz': [-0.02601268681929059, 0.026048844064527715]}",1301181.0
98.0,0.01%,"('ux','uy','uz','x','y')",4.0,GeoIndex,Min-Max,File,None,False,True,,0.14165472984313965,0.002191781997680664,1.7642974853515625e-05,0.0005693435668945312,,2.204883098602295,0.37514734268188477,0.4489116668701172,0.20163416862487793,0.20029973983764648,3.6125078201293945,23.0,23.0,9.9e-05,10000.0,hydrogen,"['uy','y','ux']","{'x': [-7.499999013357467e-06, -6.000000193427397e-06], 'y': [1.4675688902960646e-07, 1.3423092319645727e-06], 'ux': [-0.06361660477252304, -0.015114282175604385], 'uy': [-0.006582983827516633, 0.012440182578770054], 'uz': [-0.02601268681929059, 0.026048844064527715]}",1301181.0
98.0,0.01%,"('ux','uy','uz','x','y')",5.0,GeoIndex,Rtree,File,None,False,True,,0.04656624794006348,0.00021266937255859375,2.3603439331054688e-05,0.0005660057067871094,,2.1911089420318604,0.3525402545928955,0.4470021724700928,0.20131397247314453,0.20064139366149902,3.454044818878174,23.0,23.0,9.9e-05,10000.0,hydrogen,"['uy','y','ux']","{'x': [-7.499999013357467e-06, -6.000000193427397e-06], 'y': [1.4675688902960646e-07, 1.3423092319645727e-06], 'ux': [-0.06361660477252304, -0.015114282175604385], 'uy': [-0.006582983827516633, 0.012440182578770054], 'uz': [-0.02601268681929059, 0.026048844064527715]}",1301181.0
99.0,0.01%,"('ux','uy','uz','x','y')",2.0,GeoIndex,Min-Max,File,None,True,False,,0.1558845043182373,0.002379179000854492,,,0.00016045570373535156,2.447618246078491,0.27936601638793945,0.3717920780181885,0.17464566230773926,0.11872148513793945,3.5893938541412354,36.0,36.0,9.9e-05,10000.0,hydrogen,"['x','uz','uy','ux']","{'x': [-2.7933365406199104e-06, -1.8422712156110542e-06], 'y': [1.5000002612202557e-06, 2.9999987264747987e-06], 'ux': [-0.05545027623810078, 0.026225926753175935], 'uy': [0.007609282747057737, 0.06399229021079439], 'uz': [-0.06277674049580442, 0.035390281977533154]}",1303887.0
99.0,0.01%,"('ux','uy','uz','x','y')",3.0,GeoIndex,Rtree,File,None,True,False,,0.050954580307006836,0.0002415180206298828,,,0.0001609325408935547,2.4835824966430664,0.2892434597015381,0.39179062843322754,0.21327686309814453,0.12705278396606445,3.570472478866577,36.0,36.0,9.9e-05,10000.0,hydrogen,"['x','uz','uy','ux']","{'x': [-2.7933365406199104e-06, -1.8422712156110542e-06], 'y': [1.5000002612202557e-06, 2.9999987264747987e-06], 'ux': [-0.05545027623810078, 0.026225926753175935], 'uy': [0.007609282747057737, 0.06399229021079439], 'uz': [-0.06277674049580442, 0.035390281977533154]}",1303887.0
99.0,0.01%,"('ux','uy','uz','x','y')",4.0,GeoIndex,Min-Max,File,None,False,True,,0.15597152709960938,0.0023779869079589844,2.47955322265625e-05,0.0010499954223632812,,2.5139734745025635,0.2754628658294678,0.36780524253845215,0.1884605884552002,0.12416434288024902,3.6679844856262207,36.0,36.0,9.9e-05,10000.0,hydrogen,"['x','uz','uy','ux']","{'x': [-2.7933365406199104e-06, -1.8422712156110542e-06], 'y': [1.5000002612202557e-06, 2.9999987264747987e-06], 'ux': [-0.05545027623810078, 0.026225926753175935], 'uy': [0.007609282747057737, 0.06399229021079439], 'uz': [-0.06277674049580442, 0.035390281977533154]}",1303887.0
99.0,0.01%,"('ux','uy','uz','x','y')",5.0,GeoIndex,Rtree,File,None,False,True,,0.05049300193786621,0.00022602081298828125,2.0503997802734375e-05,0.0010235309600830078,,2.4519431591033936,0.2921409606933594,0.382796049118042,0.17279839515686035,0.11957907676696777,3.485445976257324,36.0,36.0,9.9e-05,10000.0,hydrogen,"['x','uz','uy','ux']","{'x': [-2.7933365406199104e-06, -1.8422712156110542e-06], 'y': [1.5000002612202557e-06, 2.9999987264747987e-06], 'ux': [-0.05545027623810078, 0.026225926753175935], 'uy': [0.007609282747057737, 0.06399229021079439], 'uz': [-0.06277674049580442, 0.035390281977533154]}",1303887.0
100.0,0.01%,"('ux','uy','uz','x','y')",2.0,GeoIndex,Min-Max,File,None,True,False,,0.11378264427185059,0.002025604248046875,,,0.00013303756713867188,2.9033148288726807,0.5409469604492188,0.6786303520202637,0.4072113037109375,0.055756568908691406,4.740548133850098,25.0,25.0,0.000101,10000.0,hydrogen,"['uz','ux','y']","{'x': [-1.4999996407850183e-06, -5.542024385199007e-13], 'y': [4.642160551695458e-06, 5.8139241890737206e-06], 'ux': [-0.000468923988905812, 0.00012159055597469405], 'uy': [-0.002845657308613871, -0.001725139347581766], 'uz': [-0.0024373647028696215, -0.0018538754657851588]}",1320037.0
100.0,0.01%,"('ux','uy','uz','x','y')",3.0,GeoIndex,Rtree,File,None,True,False,,0.04629230499267578,0.00020551681518554688,,,0.00011610984802246094,2.870910406112671,0.5401403903961182,0.6660149097442627,0.39911508560180664,0.05572032928466797,4.600874423980713,25.0,25.0,0.000101,10000.0,hydrogen,"['uz','ux','y']","{'x': [-1.4999996407850183e-06, -5.542024385199007e-13], 'y': [4.642160551695458e-06, 5.8139241890737206e-06], 'ux': [-0.000468923988905812, 0.00012159055597469405], 'uy': [-0.002845657308613871, -0.001725139347581766], 'uz': [-0.0024373647028696215, -0.0018538754657851588]}",1320037.0
100.0,0.01%,"('ux','uy','uz','x','y')",4.0,GeoIndex,Min-Max,File,None,False,True,,0.11597013473510742,0.0020301342010498047,1.7881393432617188e-05,0.0005946159362792969,,2.902045965194702,0.5775270462036133,0.6917250156402588,0.4198777675628662,0.06286048889160156,4.812711477279663,25.0,25.0,0.000101,10000.0,hydrogen,"['uz','ux','y']","{'x': [-1.4999996407850183e-06, -5.542024385199007e-13], 'y': [4.642160551695458e-06, 5.8139241890737206e-06], 'ux': [-0.000468923988905812, 0.00012159055597469405], 'uy': [-0.002845657308613871, -0.001725139347581766], 'uz': [-0.0024373647028696215, -0.0018538754657851588]}",1320037.0
100.0,0.01%,"('ux','uy','uz','x','y')",5.0,GeoIndex,Rtree,File,None,False,True,,0.047275543212890625,0.00021314620971679688,1.7404556274414062e-05,0.0006067752838134766,,2.8961994647979736,0.5939877033233643,0.6701998710632324,0.4049391746520996,0.06009221076965332,4.69731879234314,25.0,25.0,0.000101,10000.0,hydrogen,"['uz','ux','y']","{'x': [-1.4999996407850183e-06, -5.542024385199007e-13], 'y': [4.642160551695458e-06, 5.8139241890737206e-06], 'ux': [-0.000468923988905812, 0.00012159055597469405], 'uy': [-0.002845657308613871, -0.001725139347581766], 'uz': [-0.0024373647028696215, -0.0018538754657851588]}",1320037.0
101.0,0.01%,"('ux','uy','uz','x','y')",2.0,GeoIndex,Min-Max,File,None,True,False,,0.15227270126342773,0.002331256866455078,,,0.00012636184692382812,2.5842254161834717,0.343029260635376,0.45382165908813477,0.20501089096069336,0.07237792015075684,3.852691173553467,26.0,26.0,9.9e-05,10000.0,hydrogen,"['ux','y','x','uy']","{'x': [1.5187474151242455e-06, 2.7577614993001888e-06], 'y': [-1.0241380852616509e-05, -9.000226594244643e-06], 'ux': [-0.0003720710321663663, 0.033838456707399836], 'uy': [-0.11109855006910126, -0.0005125759911905753], 'uz': [-0.02927138601841531, 0.021273918318034837]}",1301796.0
101.0,0.01%,"('ux','uy','uz','x','y')",3.0,GeoIndex,Rtree,File,None,True,False,,0.057517290115356445,0.0006449222564697266,,,0.0001270771026611328,2.457082986831665,0.33596372604370117,0.4568297863006592,0.210357666015625,0.07275795936584473,3.608689546585083,26.0,26.0,9.9e-05,10000.0,hydrogen,"['ux','y','x','uy']","{'x': [1.5187474151242455e-06, 2.7577614993001888e-06], 'y': [-1.0241380852616509e-05, -9.000226594244643e-06], 'ux': [-0.0003720710321663663, 0.033838456707399836], 'uy': [-0.11109855006910126, -0.0005125759911905753], 'uz': [-0.02927138601841531, 0.021273918318034837]}",1301796.0
101.0,0.01%,"('ux','uy','uz','x','y')",4.0,GeoIndex,Min-Max,File,None,False,True,,0.15418267250061035,0.0023393630981445312,1.8835067749023438e-05,0.0006639957427978516,,2.522609233856201,0.34370899200439453,0.4541642665863037,0.20464468002319336,0.0718698501586914,3.7946412563323975,26.0,26.0,9.9e-05,10000.0,hydrogen,"['ux','y','x','uy']","{'x': [1.5187474151242455e-06, 2.7577614993001888e-06], 'y': [-1.0241380852616509e-05, -9.000226594244643e-06], 'ux': [-0.0003720710321663663, 0.033838456707399836], 'uy': [-0.11109855006910126, -0.0005125759911905753], 'uz': [-0.02927138601841531, 0.021273918318034837]}",1301796.0
101.0,0.01%,"('ux','uy','uz','x','y')",5.0,GeoIndex,Rtree,File,None,False,True,,0.05790448188781738,0.0006415843963623047,1.8596649169921875e-05,0.0006968975067138672,,2.5074663162231445,0.3562002182006836,0.4590425491333008,0.20764636993408203,0.07248687744140625,3.679795265197754,26.0,26.0,9.9e-05,10000.0,hydrogen,"['ux','y','x','uy']","{'x': [1.5187474151242455e-06, 2.7577614993001888e-06], 'y': [-1.0241380852616509e-05, -9.000226594244643e-06], 'ux': [-0.0003720710321663663, 0.033838456707399836], 'uy': [-0.11109855006910126, -0.0005125759911905753], 'uz': [-0.02927138601841531, 0.021273918318034837]}",1301796.0
102.0,0.01%,"('ux','uy','uz','x','y')",2.0,GeoIndex,Min-Max,File,None,True,False,,0.09254574775695801,0.0019981861114501953,,,3.218650817871094e-05,0.5597779750823975,0.06306004524230957,0.05914449691772461,0.025290489196777344,0.01195383071899414,0.8328297138214111,3.0,3.0,0.0001,10000.0,hydrogen,"['uy','y','uz']","{'x': [9.000000188040232e-06, 1.049999897329498e-05], 'y': [4.500000246252166e-06, 5.579707326388885e-06], 'ux': [-0.01825896088336649, -0.01304829142216482], 'uy': [-0.006233755550590273, -0.0031276723059291854], 'uz': [0.0160099748131335, 0.018582133820398243]}",1002292.0
102.0,0.01%,"('ux','uy','uz','x','y')",3.0,GeoIndex,Rtree,File,None,True,False,,0.040932416915893555,0.00018644332885742188,,,2.765655517578125e-05,0.5637762546539307,0.06507754325866699,0.05583596229553223,0.024671077728271484,0.011751174926757812,0.7696335315704346,3.0,3.0,0.0001,10000.0,hydrogen,"['uy','y','uz']","{'x': [9.000000188040232e-06, 1.049999897329498e-05], 'y': [4.500000246252166e-06, 5.579707326388885e-06], 'ux': [-0.01825896088336649, -0.01304829142216482], 'uy': [-0.006233755550590273, -0.0031276723059291854], 'uz': [0.0160099748131335, 0.018582133820398243]}",1002292.0
102.0,0.01%,"('ux','uy','uz','x','y')",4.0,GeoIndex,Min-Max,File,None,False,True,,0.09241461753845215,0.0019669532775878906,1.049041748046875e-05,4.7206878662109375e-05,,0.5890457630157471,0.06575202941894531,0.053323984146118164,0.02801346778869629,0.014687061309814453,0.868084192276001,3.0,3.0,0.0001,10000.0,hydrogen,"['uy','y','uz']","{'x': [9.000000188040232e-06, 1.049999897329498e-05], 'y': [4.500000246252166e-06, 5.579707326388885e-06], 'ux': [-0.01825896088336649, -0.01304829142216482], 'uy': [-0.006233755550590273, -0.0031276723059291854], 'uz': [0.0160099748131335, 0.018582133820398243]}",1002292.0
102.0,0.01%,"('ux','uy','uz','x','y')",5.0,GeoIndex,Rtree,File,None,False,True,,0.04066872596740723,0.00018358230590820312,9.059906005859375e-06,4.4345855712890625e-05,,0.550652265548706,0.062410593032836914,0.056409358978271484,0.024228811264038086,0.011754274368286133,0.7532987594604492,3.0,3.0,0.0001,10000.0,hydrogen,"['uy','y','uz']","{'x': [9.000000188040232e-06, 1.049999897329498e-05], 'y': [4.500000246252166e-06, 5.579707326388885e-06], 'ux': [-0.01825896088336649, -0.01304829142216482], 'uy': [-0.006233755550590273, -0.0031276723059291854], 'uz': [0.0160099748131335, 0.018582133820398243]}",1002292.0
103.0,0.01%,"('ux','uy','uz','x','y')",2.0,GeoIndex,Min-Max,File,None,True,False,,0.10248064994812012,0.003935098648071289,,,0.0002512931823730469,4.291722297668457,0.5346980094909668,0.7218582630157471,0.4348900318145752,0.06307268142700195,6.1878697872161865,57.0,57.0,0.0001,10000.0,hydrogen,"['ux','x','uy','y','uz']","{'x': [8.412075959538766e-06, 1.1087922437816761e-05], 'y': [-6.2735940331265774e-06, -4.178316694835481e-06], 'ux': [0.008978365828980796, 0.053757485147893906], 'uy': [-0.006303859602068276, -0.0007745162561862882], 'uz': [0.058340672327939824, 0.11565305764123648]}",1249464.0
103.0,0.01%,"('ux','uy','uz','x','y')",3.0,GeoIndex,Rtree,File,None,True,False,,0.03845810890197754,0.0005333423614501953,,,0.00024962425231933594,4.229783058166504,0.53719162940979,0.7273545265197754,0.4386436939239502,0.06433939933776855,6.056880235671997,57.0,57.0,0.0001,10000.0,hydrogen,"['ux','x','uy','y','uz']","{'x': [8.412075959538766e-06, 1.1087922437816761e-05], 'y': [-6.2735940331265774e-06, -4.178316694835481e-06], 'ux': [0.008978365828980796, 0.053757485147893906], 'uy': [-0.006303859602068276, -0.0007745162561862882], 'uz': [0.058340672327939824, 0.11565305764123648]}",1249464.0
103.0,0.01%,"('ux','uy','uz','x','y')",4.0,GeoIndex,Min-Max,File,None,False,True,,0.10281515121459961,0.003979206085205078,3.1948089599609375e-05,0.0016753673553466797,,4.245122194290161,0.5351688861846924,0.7398977279663086,0.4492371082305908,0.06375336647033691,6.177270889282227,57.0,54.0,0.0001,10000.0,hydrogen,"['ux','x','uy','y','uz']","{'x': [8.412075959538766e-06, 1.1087922437816761e-05], 'y': [-6.2735940331265774e-06, -4.178316694835481e-06], 'ux': [0.008978365828980796, 0.053757485147893906], 'uy': [-0.006303859602068276, -0.0007745162561862882], 'uz': [0.058340672327939824, 0.11565305764123648]}",1249464.0
103.0,0.01%,"('ux','uy','uz','x','y')",5.0,GeoIndex,Rtree,File,None,False,True,,0.03831648826599121,0.0005028247833251953,3.0040740966796875e-05,0.0016498565673828125,,4.253718614578247,0.5256633758544922,0.7309987545013428,0.4407978057861328,0.06340575218200684,6.07606840133667,57.0,54.0,0.0001,10000.0,hydrogen,"['ux','x','uy','y','uz']","{'x': [8.412075959538766e-06, 1.1087922437816761e-05], 'y': [-6.2735940331265774e-06, -4.178316694835481e-06], 'ux': [0.008978365828980796, 0.053757485147893906], 'uy': [-0.006303859602068276, -0.0007745162561862882], 'uz': [0.058340672327939824, 0.11565305764123648]}",1249464.0
